# Blender 4.0.2
# www.blender.org
mtllib Hand.mtl
o Hand
v -2.742811 1.554722 16.454363
v -2.730317 1.678861 16.691868
v -2.728133 1.445856 16.167494
v -2.492989 1.430074 16.379784
v -2.419278 1.520040 16.604576
v -2.184224 1.407494 16.388201
v -1.947022 1.453349 16.355465
v -1.934131 1.630398 16.638725
v -2.097564 1.534962 16.610838
v -2.065591 1.673484 16.776392
v -2.387447 1.651009 16.791098
v 8.490668 -3.055923 11.103385
v 8.242964 -2.820804 11.041793
v 7.986916 -2.956627 10.880762
v 8.288684 -3.234377 10.959647
v 8.128735 -3.486600 10.744186
v 8.453144 -3.609193 10.841954
v 8.121632 -3.800864 10.484781
v 8.352010 -3.794211 10.652866
v 8.630879 -3.738628 10.820541
v 8.653222 -3.483581 10.977036
v 6.511974 -0.090632 5.918192
v 6.792336 -0.272439 5.772894
v 6.722741 -0.373031 6.422134
v 6.912066 -0.485882 6.059183
v 7.113795 -0.918149 7.957904
v 7.017095 -1.011356 8.067224
v 7.275876 -0.901671 7.908722
v 7.496164 -0.946943 7.783170
v 7.388139 -0.885307 7.226467
v 7.033834 -0.690606 7.391070
v 2.117731 -2.039610 4.719115
v 2.553377 -2.134660 5.204256
v 2.662833 -2.497867 4.325794
v 1.887121 -1.771299 4.863673
v 1.837555 -2.210227 3.632491
v 1.895389 -1.472576 5.308800
v 1.562116 -1.554182 4.584421
v 1.430900 -1.628809 4.256072
v 1.543363 -1.867990 4.032727
v 2.466431 -2.571764 3.495500
v 3.335241 1.510252 18.978691
v 3.734617 1.317988 18.924612
v 3.396271 1.547534 18.675882
v 3.891970 1.133578 18.972382
v 3.981996 0.990527 18.735455
v 4.054349 0.771148 18.732500
v 3.879868 0.148337 18.773157
v 3.979000 0.501728 18.083725
v 3.502528 1.409369 19.010672
v 4.062540 0.642665 19.174532
v 4.001024 0.899392 19.168186
v 4.030884 0.649218 19.401968
v 3.977037 0.437495 19.571997
v 4.039021 0.449195 19.229502
v 3.954701 0.306894 19.493477
v 3.838944 0.063495 19.112535
v 3.958356 0.241151 19.256544
v 3.798358 0.058152 19.390184
v 3.642932 1.597542 18.156555
v 3.795605 1.269515 18.695337
v 3.966132 1.138437 18.440357
v 3.614590 1.438205 18.646708
v 3.355464 1.743273 18.238953
v 4.075676 0.760695 18.221560
v 4.032739 0.537125 18.344198
v 4.033668 1.073159 17.601587
v 4.054126 0.945425 18.327826
v 3.104742 1.563713 19.018017
v 3.129740 1.601071 18.734369
v 2.840731 1.610661 18.784193
v 2.606929 1.584124 18.805307
v 2.564740 1.508278 19.068237
v 2.851249 1.562031 19.096279
v 2.781172 1.804792 18.328997
v 3.133433 1.746017 18.412258
v 2.894047 1.525527 19.157198
v 2.502179 1.422230 19.370260
v 2.367943 1.500749 18.824549
v 2.242099 1.258830 19.404676
v 2.173154 1.364978 18.739902
v 2.147016 1.177489 19.293003
v 2.471366 1.316462 19.617184
v 2.644093 1.495889 19.286375
v 2.624449 1.390044 19.528786
v 2.362304 1.204841 19.695372
v 2.281388 0.953735 19.842669
v 2.100480 0.981586 19.425962
v 2.218041 1.050728 19.677601
v 2.149825 0.800949 19.662931
v 2.162191 1.632455 17.755688
v 2.168980 1.558937 18.206350
v 2.481231 1.749926 18.299740
v 3.129558 1.468994 19.108351
v 3.481910 1.349887 19.058390
v 3.670780 1.220867 19.086058
v 3.868850 1.100434 19.098763
v 3.956465 0.841486 19.360014
v 3.875736 0.787056 19.611143
v 3.941120 0.696432 19.656960
v 3.728056 1.159651 19.247704
v 3.361525 1.408067 19.226803
v 3.587910 1.293643 19.224546
v 3.097675 1.473271 19.198469
v 3.127711 1.423253 19.439859
v 3.829437 1.041803 19.185184
v 3.866032 0.845542 19.651400
v 2.697221 1.361719 19.580633
v 2.868902 1.469616 19.232847
v 2.870727 1.391520 19.571058
v 2.909751 1.458369 19.335564
v 3.631295 1.149631 19.581095
v 3.558716 1.054290 19.947226
v 3.471414 1.240735 19.681616
v 3.133889 1.201764 20.013365
v 3.308490 1.279689 19.765490
v 3.729147 0.970430 19.778038
v 3.704376 0.884445 19.930836
v 2.830249 1.196107 20.033485
v 3.056969 1.309365 19.787851
v 2.550454 1.141687 19.983622
v 2.636711 1.193517 19.894438
v 2.582731 1.024176 20.096237
v 2.705084 1.090312 20.082193
v 2.817868 1.033992 20.186678
v 2.698994 1.172176 20.043016
v 2.886311 1.096576 20.183004
v 2.464656 0.884658 20.066486
v 2.394465 1.052577 19.920649
v 3.936272 0.609702 19.713844
v 3.800344 0.721952 19.837460
v 3.818823 0.622176 19.878899
v 3.720842 0.286178 19.886963
v 3.844277 0.399742 19.804192
v 3.658375 0.411843 20.013613
v 3.372231 1.089092 20.114086
v 3.463149 0.980223 20.161718
v 3.674977 0.677403 20.031418
v 3.622962 0.773722 20.105726
v 3.517751 0.758416 20.133833
v 3.791541 0.762967 19.893309
v 3.391495 0.894474 20.250051
v 3.217486 0.995861 20.249901
v 3.264653 0.693075 20.254707
v 3.332610 0.841918 20.205154
v 3.047779 0.820857 20.268425
v 3.166950 0.486703 20.240885
v 2.933481 0.622073 20.264236
v 3.397562 0.446740 20.180067
v 3.491161 0.271018 20.039696
v 3.443800 0.573419 20.189390
v 2.975552 1.015891 20.246172
v 3.000235 0.957737 20.228838
v 2.674429 0.783789 20.204025
v 2.745084 0.910845 20.213596
v 2.283466 0.766600 19.903410
v 2.385399 0.595985 19.993536
v 2.598325 0.355256 20.045591
v 2.612828 0.633021 20.163969
v 2.855818 0.433096 20.193075
v 2.444686 0.737870 20.070147
v 3.001942 0.252933 20.123529
v 3.269853 0.180337 20.048714
v 3.250052 -0.006386 19.843138
v 3.573734 0.097405 19.819000
v 3.658264 0.021732 19.605644
v 3.825395 0.205504 19.657375
v 3.290109 1.853139 18.069996
v 3.683913 1.647808 17.981760
v 3.520498 1.755405 17.876894
v 3.920942 1.365539 17.860714
v 3.894405 1.434669 17.735584
v 3.613914 1.786739 17.785713
v 3.993919 1.351267 17.451904
v 3.250367 1.980506 17.831747
v 2.648828 1.991320 17.754101
v 2.569485 1.904809 17.864830
v 2.836504 1.934832 17.899799
v 2.953418 2.021392 17.817783
v 2.882059 1.910527 18.067114
v 3.221571 1.895615 17.916943
v 4.031381 0.887570 17.577343
v 3.945894 0.663692 17.587654
v 4.032395 0.962178 17.205954
v 4.051286 1.131840 17.332489
v 3.921264 0.772023 17.175354
v 2.333910 1.758557 18.064695
v 2.373307 1.851184 17.779539
v 2.219009 1.840950 17.398991
v 2.110568 1.735356 17.299351
v 3.570136 2.370058 16.434551
v 3.339629 2.154517 17.357540
v 3.297534 2.505381 16.398268
v 3.019896 2.533002 16.389202
v 3.133825 2.203118 17.361742
v 2.913630 2.255037 17.178831
v 2.787599 2.434720 16.541466
v 2.197960 2.028210 16.616730
v 2.509909 2.120820 17.114281
v 2.531764 2.331773 16.509251
v 3.688317 1.854982 17.469744
v 3.844878 1.886057 16.844822
v 3.501209 2.026046 17.462955
v 4.025825 1.397474 16.488316
v 3.965990 1.091365 16.563330
v 3.988039 1.632568 16.602879
v 2.122390 1.216930 17.681873
v 2.103362 1.424465 17.751371
v 2.106740 1.243101 17.251883
v 2.062965 1.613826 17.224483
v 2.111362 2.092651 15.904576
v 2.035223 1.378905 16.007973
v 2.080584 1.285807 17.957521
v 2.180056 0.955211 17.659498
v 2.063638 1.296384 18.273327
v 2.068997 0.859129 18.091660
v 2.033720 1.058441 18.225182
v 2.085593 1.091082 19.130991
v 2.059930 0.700944 18.957499
v 2.050705 0.942188 19.177908
v 2.042746 0.777289 19.254219
v 2.180918 0.614473 19.687529
v 2.080864 0.572665 19.323229
v 2.151316 0.424882 19.436064
v 2.337017 0.325461 19.776970
v 2.304114 0.516220 19.861643
v 2.415382 0.294702 19.853088
v 2.753357 0.102489 19.922598
v 2.799607 0.239136 20.066870
v 3.166343 -0.117209 19.666519
v 2.937790 -0.064985 19.742266
v 3.042636 0.075564 19.972614
v 3.043318 -0.155682 19.521370
v 3.424898 -0.140576 19.437975
v 3.166969 -0.200613 19.304670
v 3.428629 -0.055139 19.679794
v 3.214444 -0.195607 18.822426
v 3.605480 -0.112974 19.188789
v 3.404533 -0.180749 19.067116
v 3.298150 -0.006677 17.939800
v 3.501079 -0.115475 18.687609
v 3.720110 -0.002178 18.728724
v 3.206945 0.103373 17.619757
v 3.606325 0.072142 18.101852
v 3.500171 0.145996 17.723427
v 3.358682 0.211917 17.550793
v 3.551820 0.372902 17.424307
v 3.331017 0.337070 17.295906
v 3.771762 0.481607 17.535881
v 3.704936 0.274735 17.789211
v 3.812423 0.245674 18.121742
v 3.446959 0.536150 16.759720
v 3.676779 1.020027 15.601919
v 3.760120 0.810674 16.636951
v 3.524919 0.956556 15.357634
v 3.306045 0.702529 15.825329
v 2.540420 -0.017258 19.371054
v 2.510355 0.103823 19.681059
v 2.778671 -0.149773 19.202017
v 2.759755 -0.067080 19.584785
v 2.956077 -0.194627 19.115465
v 2.541888 -0.044457 19.109663
v 2.652064 -0.057490 18.686167
v 2.846556 -0.138016 18.684048
v 3.013930 -0.174866 18.723852
v 2.432614 0.053543 18.970652
v 2.282051 0.338670 18.488422
v 2.305980 0.171502 19.325834
v 2.211777 0.302628 19.024643
v 2.107809 0.490738 19.107281
v 2.154956 0.648650 17.974262
v 2.340688 0.498736 17.678255
v 2.336925 0.380897 17.932875
v 2.335632 0.656396 17.563786
v 2.208905 0.885343 17.316986
v 2.315753 0.710659 17.368490
v 2.461656 0.574253 17.341986
v 2.079871 1.057118 16.542950
v 2.069554 1.113198 16.143164
v 2.176919 0.842910 16.655548
v 2.149854 0.941634 16.178972
v 2.294603 0.718494 16.515268
v 2.958233 0.064255 17.741938
v 2.578934 0.183085 17.903664
v 3.136930 0.252304 17.461315
v 2.969516 0.204498 17.494247
v 2.931407 0.312333 17.409800
v 2.684633 0.279425 17.532404
v 2.619842 0.444249 17.448666
v 3.069124 0.386476 16.967403
v 3.014980 0.343923 17.244175
v 2.747979 0.415518 17.241711
v 2.711455 0.540987 16.346949
v 2.498313 0.602320 16.437887
v 2.948848 0.624611 15.841031
v 3.136962 2.626853 16.179926
v 3.395347 2.566882 16.180658
v 3.766734 2.344873 16.066324
v 3.556001 2.493222 16.140009
v 3.846081 2.244830 16.028631
v 3.186934 2.605373 16.043806
v 3.397102 2.624543 15.989228
v 3.374479 2.714024 15.868315
v 3.071167 2.693917 15.992633
v 3.100134 2.759447 15.909434
v 2.972120 2.636755 16.026768
v 3.472235 2.492781 16.009415
v 3.721674 2.348783 15.891449
v 3.775235 2.391261 15.778625
v 3.606649 2.561324 15.872142
v 3.545127 2.635475 15.762576
v 3.277990 2.754761 15.714887
v 3.544738 2.600067 15.641324
v 3.396037 2.777603 15.601557
v 3.134357 2.827825 15.665743
v 2.978072 2.793267 15.762102
v 2.859854 2.829443 15.636216
v 3.532943 2.698372 15.572727
v 3.708833 2.502950 15.537062
v 3.713175 2.499853 15.708883
v 3.833149 2.305268 15.535591
v 3.896912 2.226293 15.604914
v 2.907594 2.856076 15.345775
v 3.004159 2.793936 15.234707
v 3.180022 2.854217 15.404726
v 3.158463 2.805279 15.500395
v 3.231976 2.824240 15.548116
v 3.483059 2.741986 15.484085
v 3.164764 2.837585 15.299596
v 3.451510 2.739936 15.325900
v 3.384401 2.751724 15.250181
v 3.847927 2.238287 15.109315
v 3.645304 2.560956 15.254961
v 3.629434 2.564127 15.377501
v 3.849611 2.258417 15.196606
v 3.449820 2.722389 15.431450
v 3.692036 2.545064 15.425989
v 3.885827 2.181477 15.261321
v 3.279190 2.730509 15.197061
v 3.192631 2.812140 15.048682
v 2.956227 2.834415 15.142021
v 2.785183 2.823281 15.157819
v 3.481023 2.667249 14.793630
v 3.446567 2.715628 15.009252
v 3.546719 2.573094 15.159751
v 3.627518 2.575764 14.988293
v 3.782163 2.402783 14.970654
v 3.301095 2.756156 14.764079
v 3.061834 2.832403 14.543777
v 2.772435 2.839142 14.484720
v 2.535758 2.792068 14.480064
v 2.846507 2.826151 14.888549
v 3.088533 2.818335 14.891080
v 3.718170 2.445565 14.763764
v 3.749298 2.362511 14.377083
v 3.630207 2.517239 14.313749
v 3.478044 2.659747 14.305965
v 2.734466 2.939542 13.731687
v 2.348438 2.849001 13.657471
v 2.963949 2.922571 13.782773
v 3.201112 2.897236 13.667224
v 2.583232 2.933285 13.651691
v 3.238821 2.821556 14.055629
v 3.608247 2.637016 13.539581
v 3.802192 2.282298 13.455541
v 2.502583 2.735346 15.214178
v 2.354104 2.656421 15.148462
v 2.594286 2.741961 15.297028
v 2.596922 2.790491 15.416338
v 2.218793 2.538583 15.286674
v 2.862626 2.838410 15.460075
v 2.827991 2.792237 15.535688
v 2.618507 2.784707 14.951791
v 2.637632 2.762757 15.680916
v 2.542097 2.708522 15.540499
v 2.531429 2.682731 15.730290
v 2.482185 2.557436 15.887816
v 2.748965 2.715290 15.892560
v 2.845380 2.614630 16.139343
v 2.576589 2.579454 16.013298
v 2.785061 2.642714 15.985236
v 3.863955 2.143967 14.572778
v 3.904967 2.195581 14.974319
v 3.981531 1.897094 15.195327
v 3.964882 2.000535 14.969468
v 3.956450 2.105824 15.363543
v 3.859136 2.315475 15.406586
v 3.980401 1.950617 15.623898
v 3.991240 1.955697 15.455825
v 4.007524 1.769329 15.260680
v 3.860497 2.200113 15.766728
v 3.941018 2.078145 15.922132
v 4.008583 1.856109 15.810946
v 2.127186 2.537378 14.518175
v 1.996161 2.370458 14.531512
v 2.043544 2.261452 15.290988
v 2.291894 2.583894 15.434258
v 2.132658 2.442041 15.252212
v 2.212327 2.498222 15.447275
v 2.186107 2.247389 15.909546
v 2.343535 2.365181 16.079519
v 2.139337 2.796412 13.267800
v 2.296041 2.680504 14.484404
v 1.881468 2.448746 13.662120
v 3.858811 1.531690 14.073878
v 3.719560 1.327551 13.955512
v 3.880451 1.564837 14.564019
v 3.759116 1.362005 14.536243
v 3.905616 1.976011 14.556746
v 3.919582 1.762005 14.593193
v 3.683200 1.410015 13.271229
v 3.844621 1.625163 13.828906
v 3.826627 1.929671 13.271054
v 3.837775 2.085281 13.383727
v 3.876245 2.052873 13.929076
v 3.902760 1.815408 13.986532
v 3.989993 1.754690 14.943046
v 3.916918 1.493719 14.872505
v 4.009676 1.589006 15.609065
v 3.955611 1.448493 15.244221
v 3.828046 1.269225 15.045379
v 4.021277 1.682151 15.670785
v 3.897852 1.265136 15.664569
v 2.028667 1.675984 15.632517
v 2.060661 1.885638 15.854903
v 2.040223 1.582139 15.053770
v 2.011246 1.769990 15.187190
v 1.987101 2.065657 15.114289
v 1.925733 2.221873 14.438488
v 1.918895 2.007940 14.462543
v 1.970507 1.617290 14.335011
v 1.782179 1.795408 13.537105
v 1.810787 2.190451 13.838230
v 1.717514 2.219456 13.131856
v 2.250169 1.032353 15.531243
v 2.433191 0.775142 15.736753
v 2.239302 0.954080 15.706237
v 2.125144 1.206279 15.513150
v 2.056750 1.383923 15.529668
v 2.277342 1.149039 14.969274
v 2.384210 0.949551 15.141041
v 2.206840 1.117917 15.210205
v 2.115195 1.384187 15.044967
v 2.245672 1.135196 14.833919
v 2.130681 1.307076 14.896460
v 2.257393 1.078884 14.335200
v 2.021589 1.400785 14.213226
v 2.119445 1.211597 14.184737
v 1.817378 1.476006 13.224813
v 1.953826 1.221835 13.286300
v 2.936968 0.753496 15.498790
v 3.066727 0.732797 15.537129
v 2.706059 0.679226 15.701617
v 2.789599 0.742848 15.432416
v 2.481446 0.829530 15.425895
v 2.542053 0.819257 15.547765
v 3.073728 0.781366 15.224784
v 2.779328 0.767724 15.193150
v 2.582789 0.821287 15.174444
v 2.695709 0.913888 14.879988
v 2.453811 0.998915 14.901518
v 2.448591 0.953839 14.774038
v 2.743887 0.871383 14.731448
v 3.040852 0.901746 14.876939
v 2.415892 0.972099 14.399508
v 2.587707 0.902555 14.411405
v 2.392915 0.858024 13.495737
v 2.660788 0.794214 13.475768
v 2.905812 0.801945 13.422205
v 3.122903 0.870559 13.448127
v 2.819875 0.865093 14.294588
v 3.031977 0.890211 14.323523
v 3.565973 1.172301 14.388611
v 3.582153 1.162096 14.613605
v 3.271391 0.971550 14.593063
v 3.285598 0.984852 14.214227
v 3.502764 1.121558 13.656118
v 3.682558 1.135952 14.997111
v 3.215799 0.938259 14.883709
v 3.488804 1.019174 14.942226
v 3.270420 0.837072 15.378156
v 2.655138 3.124388 13.019508
v 2.887961 3.102998 13.185353
v 3.424418 2.789055 13.631049
v 3.492100 2.884255 13.209143
v 2.884778 3.171760 12.858063
v 3.145340 3.146489 12.725290
v 3.455315 2.983713 12.842924
v 3.198525 3.066677 13.110514
v 3.649475 2.796945 12.713633
v 3.226349 3.153907 12.250160
v 3.168735 3.262204 11.951726
v 3.027009 3.216238 12.316286
v 2.683703 3.357957 11.863859
v 2.886212 3.253382 12.228378
v 2.608726 3.232329 12.326978
v 3.389917 3.058020 12.283433
v 3.524693 3.005975 11.963894
v 3.616219 2.844294 12.177050
v 3.689920 2.815321 11.762751
v 2.452676 3.069487 12.964071
v 2.079653 2.931553 12.512955
v 1.810872 2.543761 12.673693
v 1.975867 2.716445 12.946131
v 2.054411 3.272502 11.762900
v 2.166414 3.156458 12.058006
v 2.299223 3.294310 11.840893
v 1.969568 2.951068 12.185778
v 2.303001 3.132830 12.371282
v 3.717362 2.456770 13.553490
v 3.670755 2.728959 13.072695
v 3.831007 2.326786 12.764336
v 3.775949 2.562366 12.885330
v 3.830494 2.173450 12.223938
v 3.785980 2.500057 12.061209
v 3.850800 2.338396 11.783621
v 3.659144 1.453064 12.493678
v 3.811513 1.974350 12.434341
v 3.764468 1.632699 13.148629
v 1.685493 1.831490 12.934016
v 1.650632 1.646429 12.475047
v 1.677092 1.971491 12.770836
v 1.900356 2.785518 12.343769
v 1.917668 3.049022 11.963908
v 1.807409 2.805246 12.101276
v 1.673614 2.574298 12.113004
v 1.689506 2.415241 12.278051
v 1.735399 2.292375 12.721772
v 1.534583 1.954242 12.253768
v 1.471559 1.954461 12.207484
v 1.505763 1.560233 12.255346
v 1.604036 1.984524 12.384335
v 1.791890 1.326256 12.570230
v 1.942198 1.103496 12.551247
v 2.125979 1.023678 13.423437
v 2.110269 0.963551 12.693188
v 1.731459 1.365148 12.473755
v 1.626090 1.153008 12.212968
v 1.887330 0.904351 12.266437
v 2.181722 0.761304 12.304145
v 2.314018 0.861816 12.881785
v 2.534354 0.790864 12.868937
v 2.760006 0.704617 12.387896
v 2.856074 0.776257 12.837708
v 3.114579 0.862616 12.798658
v 2.611530 0.656759 12.262474
v 2.963827 0.662932 12.195951
v 3.120611 0.795864 12.356745
v 2.428462 0.755331 12.452137
v 2.131599 0.895616 12.506832
v 3.542035 1.246155 12.760601
v 3.558902 1.259011 12.283022
v 3.303868 1.001189 12.635799
v 3.337974 0.940475 12.266710
v 3.433192 0.725741 12.016648
v 3.521509 0.874747 12.037436
v 3.643752 1.259389 12.094972
v 3.714295 1.490222 12.136379
v 3.770567 1.475662 12.026274
v 3.862626 1.815988 11.914802
v 3.823820 1.895940 12.109313
v 3.737116 1.651627 12.365602
v 1.122000 1.819437 18.608944
v 0.804087 2.125363 18.625834
v 0.642346 2.210415 18.615288
v 0.439317 2.242787 18.595299
v 0.484666 2.177309 18.690254
v 0.989501 1.938488 18.759604
v -0.197371 2.052254 18.579874
v -0.161219 2.047290 18.765354
v 0.107591 2.221477 18.386843
v 0.043843 2.153605 18.658512
v 0.708276 2.238006 18.347996
v 0.545508 2.287141 18.374422
v 0.963886 2.066193 18.366302
v -0.219788 2.099437 18.217621
v 0.323401 2.330368 18.208004
v 0.723265 2.099917 18.729681
v 0.571894 2.161619 18.779655
v 0.073546 2.112410 18.748421
v 0.423676 2.183459 18.756418
v 1.098788 1.805072 18.817698
v 1.200016 1.596081 18.884308
v 1.074886 1.728375 19.035698
v 1.223725 1.341889 19.097033
v 1.201737 1.111739 19.011745
v 1.300584 1.564856 17.926706
v 1.274815 1.376447 17.825161
v 1.279932 1.719326 17.969944
v 1.230056 1.126363 18.657270
v 1.171373 1.983202 17.941359
v 1.230156 1.772069 18.243372
v 1.269359 1.358941 18.760805
v -0.301053 1.926232 18.875713
v -0.514114 1.520556 19.159449
v -0.311206 1.848074 19.099415
v -0.158266 1.951064 18.973085
v -0.474140 1.719929 18.921295
v -0.455808 1.828231 18.471834
v -0.559798 1.592993 18.833393
v -0.596171 1.444491 18.867369
v -0.534828 1.317309 19.167549
v -0.627735 1.618004 17.842562
v -0.574301 1.763612 17.886751
v 0.773111 2.037773 18.873131
v 0.925044 1.936655 18.813442
v 0.425978 2.159651 19.002750
v 0.267750 2.157447 18.910719
v -0.067405 2.049803 18.807184
v -0.117198 1.983251 19.043291
v 0.075522 2.088036 19.026430
v 0.359792 2.122863 19.157696
v 0.538315 2.047004 19.301859
v 0.555844 2.132019 19.008787
v -0.367773 1.720914 19.243031
v -0.189402 1.645011 19.605814
v -0.075960 1.708860 19.623619
v -0.184447 1.762896 19.411293
v -0.361468 1.491166 19.512136
v -0.248235 1.387892 19.666065
v -0.253074 1.709409 19.453634
v -0.119306 1.774504 19.548676
v -0.015054 1.852320 19.506519
v 0.273393 2.033064 19.332867
v 0.216347 1.887678 19.594721
v 0.412938 2.012643 19.422421
v 0.640732 2.012445 19.273108
v 0.561517 1.890073 19.581377
v 0.880053 1.679804 19.548527
v 1.009625 1.661435 19.263281
v 0.933540 1.722678 19.373327
v 0.708569 1.831780 19.537712
v 1.145942 1.576578 19.150465
v 1.051564 1.591580 19.363518
v 0.977525 1.528027 19.531780
v 0.908618 1.600596 19.532810
v 1.114998 1.456702 19.344711
v 1.011093 1.404136 19.529598
v 0.846857 1.486250 19.662268
v 0.853942 1.265721 19.685337
v 0.930477 0.884987 19.378283
v 0.945468 1.089076 19.561094
v 1.066002 1.043129 19.371393
v 1.058709 1.195931 19.474516
v 1.148055 1.204973 19.328768
v -0.366510 1.221325 19.474640
v -0.207856 1.113874 19.596281
v -0.131608 1.270115 19.734289
v 0.401856 1.880543 19.640186
v 0.071726 1.684263 19.729982
v 0.073432 1.746655 19.739370
v 0.261442 1.686213 19.771088
v 0.308887 1.743508 19.793743
v 0.710054 1.595892 19.705263
v 0.777169 1.648175 19.681492
v 0.541021 1.714149 19.775003
v 0.518679 1.653775 19.767288
v 0.157521 1.362108 19.829224
v -0.071298 1.534416 19.745306
v 0.154878 1.551981 19.806862
v 0.343265 1.528674 19.830477
v 0.573993 1.559647 19.794867
v 0.516638 1.042134 19.740135
v 0.564097 1.147898 19.779444
v 0.303498 1.175085 19.811749
v 0.772205 1.093183 19.684771
v 0.721076 1.355621 19.763588
v 0.468250 1.325352 19.831615
v 0.004610 1.164876 19.760386
v -0.007824 0.936139 19.591114
v 0.183422 0.983822 19.705097
v 1.017804 2.231890 17.610909
v 1.064733 2.129028 17.950504
v 0.799489 2.407604 17.650799
v 0.847061 2.333748 17.890936
v 0.562186 2.503209 17.580008
v 0.394148 2.525878 17.556870
v 0.503836 2.439659 17.923115
v 0.044150 2.426186 17.615557
v 0.196131 2.401110 17.920128
v 0.191248 2.490463 17.575106
v 1.238485 1.643365 17.346056
v -0.399244 2.093980 17.497576
v -0.489389 1.961885 17.377247
v -0.555253 1.714264 17.429474
v -0.227248 2.277854 17.489576
v 0.043514 2.502668 17.410421
v 0.422976 2.594387 17.460358
v 0.136435 2.574291 17.279243
v 0.183581 2.634775 17.148561
v 0.534168 2.618989 17.283531
v 0.377577 2.657392 17.187496
v -0.359043 2.319245 16.822443
v -0.065391 2.516104 17.096487
v -0.518180 2.177793 16.263805
v -0.525450 1.905391 17.150879
v -0.538965 1.740605 17.140327
v 1.019834 2.382644 17.022278
v 0.892410 2.464789 17.182041
v 0.682801 2.572459 17.275726
v 0.845235 2.434928 17.483028
v 0.992932 2.242612 17.523741
v 1.226170 1.809587 17.404478
v 1.175683 1.976900 17.435696
v 1.287266 1.861550 16.625515
v 1.206565 2.161071 16.762087
v 1.137074 2.149865 17.202707
v 1.067972 2.215488 17.415110
v 1.127740 2.459148 16.077633
v 0.862886 2.726639 16.056921
v 0.593270 2.826165 16.156687
v 0.398607 2.913500 15.851699
v 1.291226 2.142204 15.951807
v 1.300107 1.848822 16.039757
v -0.188064 2.679455 15.895316
v -0.593286 2.040223 15.687010
v -0.571376 1.921508 16.452188
v -0.573622 2.217569 15.727800
v -0.439707 2.433320 15.891273
v 0.169559 2.880951 15.858053
v 0.268216 2.928274 15.706207
v 0.036822 2.888808 15.655607
v 0.009625 2.809273 15.880765
v 0.867315 2.797711 15.811422
v 0.625402 2.886041 15.865601
v 0.534842 2.916655 15.723408
v 0.265470 3.042329 15.608759
v 0.376324 3.090390 15.551682
v 0.071932 3.042348 15.517065
v 0.536211 3.060080 15.588804
v 0.702595 3.007474 15.572146
v 0.858014 2.951910 15.497882
v 0.493684 3.109448 15.415837
v -0.081101 3.066040 15.095825
v 0.150227 3.179978 15.083364
v 0.061843 3.089121 15.220378
v -0.088231 2.995678 15.337801
v 0.206378 3.146135 15.289193
v 0.465941 3.151060 15.350958
v 0.578732 3.168235 15.253567
v 0.413475 3.175283 15.185286
v 0.944448 3.008791 15.160500
v 0.666688 3.133646 15.164025
v 0.705859 3.095539 15.322603
v 0.926359 2.910686 15.359174
v 0.001291 3.106233 14.930817
v 0.245794 3.183688 14.912230
v 0.290406 3.213909 15.026632
v 0.046755 3.163385 14.791197
v 0.304268 3.236158 14.700997
v -0.055615 3.064189 14.669786
v 0.472122 3.188184 14.907283
v 0.608018 3.211411 14.744026
v 0.516350 3.215040 15.008021
v 0.686970 3.170052 15.019667
v 1.001197 2.973763 14.994855
v 0.947967 2.995565 14.933453
v 0.676852 3.131373 14.912547
v 0.894410 3.086398 14.751332
v 0.233093 3.203353 14.433392
v 0.559384 3.160925 14.546073
v 0.104147 3.171679 14.382693
v 0.292731 3.166262 14.576725
v 0.490617 3.222902 14.647368
v 0.569201 3.200504 14.391998
v 0.709760 3.170083 14.671079
v 0.931089 3.022678 14.574599
v 0.816855 3.119236 14.399558
v 0.382862 3.221861 13.875695
v -0.374898 2.855410 13.941133
v -0.141816 3.047638 13.944342
v 0.198584 3.196967 13.985011
v 0.584648 3.201948 13.906934
v 0.798036 3.119019 13.971205
v 1.008497 2.989486 13.955584
v -0.231750 3.071953 13.142678
v -0.034862 3.181325 13.213921
v -0.444877 2.892026 13.101542
v 0.153551 3.237909 13.330755
v 0.391346 3.278963 13.336734
v 0.637659 3.251610 13.322092
v 1.039603 3.076235 13.184627
v 0.834862 3.221855 13.137912
v -0.496650 2.672319 14.995420
v -0.319637 2.880386 15.135839
v -0.373008 2.759157 15.281241
v -0.279638 2.940736 14.862095
v -0.370034 2.664162 15.583818
v -0.274661 2.797971 15.499706
v -0.080697 3.085891 14.503213
v -0.224830 2.985077 14.518425
v -0.382350 2.823023 14.721544
v 1.095480 2.749806 15.464059
v 0.864724 2.812954 15.696377
v 1.057863 2.688906 15.676751
v 1.017540 2.921837 15.272117
v 1.222334 2.718233 15.135054
v 1.211473 2.620625 15.301155
v 1.274607 2.685630 14.737605
v 1.058695 2.959882 14.736587
v 1.272945 2.635747 14.902519
v 1.039350 2.969929 14.435969
v 1.144204 2.849563 14.566113
v -0.522428 2.497184 15.449971
v -0.600225 2.332642 15.337579
v -0.616216 2.116590 15.351043
v -0.585877 2.045721 14.928749
v 1.203672 2.586250 15.503841
v 1.314634 2.419237 15.386704
v 1.360049 2.243704 15.384689
v -0.616813 2.209122 14.908316
v -0.563486 2.546133 14.975192
v -0.607154 2.376276 14.873656
v -0.527073 2.586236 14.480855
v -0.547479 2.143131 14.495296
v -0.527224 2.663853 13.798332
v -0.564291 2.453180 14.504233
v -0.571873 2.294283 14.513584
v -0.645322 2.541641 12.950812
v -0.609618 2.477724 13.594632
v -0.637221 2.309173 12.947453
v 1.178970 2.776246 14.033889
v 1.294273 2.606450 14.573227
v 1.345823 2.165866 13.997437
v 1.324577 2.413352 14.058604
v 1.273305 2.598330 13.990825
v 1.342309 2.417390 15.121289
v 1.382466 2.341652 14.778652
v 1.374800 2.086011 15.342227
v 1.389973 2.156523 14.688825
v -0.214918 0.981263 19.452436
v 0.006879 0.761631 19.356133
v -0.481014 1.112007 19.120264
v -0.351197 0.921732 19.109293
v 0.239574 0.681867 19.357203
v 0.281858 0.786368 19.516800
v 0.457881 0.660358 19.333828
v -0.585862 1.243438 18.817396
v -0.471871 0.970780 18.740185
v -0.424062 0.904001 18.419762
v -0.315825 0.795005 18.763706
v -0.606156 1.294447 17.993391
v -0.638345 1.467399 17.844019
v -0.475810 1.176370 17.554661
v -0.513576 1.571179 17.291075
v -0.441086 1.401699 17.226839
v -0.279758 1.051703 17.216074
v -0.559219 1.464245 17.442369
v -0.507036 1.289765 17.414423
v -0.561444 1.735631 16.296183
v -0.366665 1.417632 15.821897
v -0.322881 1.228653 16.983107
v -0.476918 1.543622 16.139912
v -0.558385 1.829156 15.658285
v -0.336605 1.599331 15.053117
v -0.248230 1.388687 15.330976
v -0.468757 1.709208 15.168735
v -0.528806 1.850497 15.083642
v -0.487272 1.827860 14.899901
v -0.265054 1.663244 14.649820
v -0.469412 1.876892 14.735616
v -0.212410 1.609780 14.516144
v -0.280038 1.680976 14.335248
v -0.477336 1.941319 14.465361
v -0.517741 1.917982 13.024940
v -0.350400 1.700853 13.509554
v -0.387864 1.793534 14.407980
v -0.470037 1.856420 13.662068
v 0.231153 0.839764 17.039246
v -0.044406 0.969968 16.895195
v -0.136140 1.052526 16.622517
v 0.039176 0.962702 16.270372
v 0.162981 0.865163 16.607744
v 0.307368 0.868926 16.311855
v -0.085161 1.249220 15.332453
v 0.317512 0.929987 15.914382
v 0.137934 1.123812 15.333837
v 0.317715 1.090193 15.304334
v 0.005952 0.743597 17.264181
v 0.163670 0.751616 17.137676
v -0.270396 0.966840 17.321453
v -0.027745 0.833225 17.144461
v -0.222222 1.120777 17.110409
v 0.016266 0.918242 17.050348
v 0.154948 0.469223 18.206989
v -0.053726 0.679019 17.740570
v -0.171052 0.639360 18.284901
v -0.271779 0.867402 17.830832
v -0.067248 0.577475 18.614201
v 0.004331 0.529108 18.214443
v 0.180952 0.473522 18.596035
v 0.208088 0.550795 19.039827
v 0.362749 0.551152 19.101833
v -0.023447 0.602091 18.884525
v 0.701341 0.745297 19.390394
v 0.793014 0.918164 19.547205
v 0.599343 0.839001 19.549833
v 1.087598 0.942074 19.148008
v 0.843074 0.685525 19.059561
v 0.799998 0.584575 18.406084
v 1.107134 0.892937 18.573725
v 1.242741 1.221501 18.088297
v 0.962948 0.706455 18.590353
v 0.851543 0.838274 17.429853
v 1.036842 0.976774 17.604427
v 1.173081 1.137617 17.760630
v 1.077286 1.348876 16.265808
v 0.911373 1.129449 16.521040
v 1.130319 1.263763 17.205875
v 1.249156 1.591467 16.628729
v 1.205530 1.436609 17.265779
v 1.004929 1.071639 17.274437
v 1.061900 1.427124 15.523767
v 1.225563 1.602540 16.064314
v 1.035318 1.470839 15.100618
v 1.279379 1.748942 15.309628
v 1.348286 1.908950 15.421203
v 1.058633 1.579306 14.592267
v 1.192584 1.689679 14.676493
v 1.158348 1.920371 12.960423
v 1.290008 1.838880 14.555759
v 1.362369 2.002146 14.614709
v 0.981731 1.736347 12.939815
v 1.315589 2.023925 13.957327
v 0.484925 0.460773 18.599678
v 0.614736 0.588999 19.068802
v 0.610577 0.489349 18.295519
v 0.757145 0.551176 18.681137
v 0.321479 0.439639 18.243614
v 0.238099 0.632465 17.376486
v 0.438646 0.630946 17.397545
v 0.453666 0.804595 17.080650
v 0.393281 0.730925 17.158203
v 0.688315 0.857829 17.146467
v 0.640849 0.709861 17.377954
v 0.513915 0.958042 15.850907
v 0.475891 0.847354 16.619846
v 0.664561 0.881446 16.947880
v 0.801033 1.126053 15.745776
v 0.828494 0.948257 17.145947
v 0.394231 0.828370 16.921362
v 0.666584 1.037329 15.744391
v 0.384448 1.221836 14.863053
v 0.539594 1.184495 15.131772
v 0.575216 1.123435 15.265615
v 0.900811 1.366102 15.065026
v 0.909377 1.458546 14.720782
v 0.831037 1.424057 14.684998
v 0.839897 1.355853 14.879030
v 0.605589 1.252022 14.862166
v 0.342912 1.368937 14.575217
v 0.540475 1.372908 14.592035
v 0.209048 1.413291 14.515107
v 0.695016 1.382906 14.467530
v 0.352177 1.355152 14.398727
v 0.460439 1.362648 14.273981
v 0.245923 1.426181 13.112992
v 0.467307 1.393698 13.615841
v 0.584139 1.501829 12.567040
v 0.174758 1.205578 15.178590
v -0.091044 1.363838 15.163493
v -0.011605 1.326931 14.943548
v 0.215536 1.224920 14.971405
v 0.160078 1.305838 14.742692
v -0.074855 1.414966 14.754819
v 0.044484 1.444946 14.604066
v 0.074864 1.441521 14.401881
v 0.196032 1.411598 14.172455
v -0.312535 1.636911 12.509834
v -0.097255 1.547711 14.232132
v -0.027799 1.494594 12.935999
v 0.227180 3.311260 13.101371
v 0.502379 3.330873 13.088655
v 0.236872 3.426715 12.803415
v 0.014222 3.363329 12.806393
v 0.698174 3.460377 12.613830
v 0.505147 3.466223 12.696143
v 0.808993 3.350448 12.821299
v -0.649781 2.754317 12.598351
v -0.570908 2.740603 13.035934
v -0.491525 3.048845 12.514279
v -0.142736 3.290614 12.777465
v -0.344519 3.165902 12.688624
v 0.954035 3.359564 12.560271
v 1.189891 3.068275 12.721287
v -0.721247 2.502100 12.234065
v -0.572414 2.065104 13.022902
v -0.461967 1.773689 12.466564
v 0.102541 1.475453 12.525369
v -0.144291 1.538155 12.509032
v 0.799242 1.597019 12.533942
v 0.756239 1.554418 12.925833
v 0.345901 1.460949 12.548447
v 1.116045 1.886160 12.435926
v 1.274134 2.109816 12.833591
v 1.344934 2.311357 12.396548
v 1.373994 2.452577 12.535230
v 1.332994 2.916186 12.477927
v 1.166233 2.952231 13.175015
v 1.276471 2.804945 13.035528
v 1.360713 2.553878 13.007840
v 1.363073 2.740707 12.547886
v -2.467621 2.611127 16.049662
v -2.251004 2.626301 16.065727
v -2.289047 2.673841 15.998238
v -1.898503 2.547263 16.155693
v -1.975771 2.536275 16.177128
v -2.782965 2.506809 15.806888
v -2.424894 2.672978 15.960629
v -2.763655 2.513800 16.022161
v -1.851312 2.536331 15.900756
v -2.004081 2.613549 15.890480
v -2.184444 2.653551 16.002539
v -2.543043 2.590002 16.152271
v -2.378834 2.635795 16.057034
v -2.288577 2.646640 16.239819
v -2.712938 2.487188 16.137384
v -2.801908 2.382475 16.280924
v -2.754678 2.446206 16.242592
v -2.591236 2.547552 16.484629
v -2.934629 2.296854 16.370207
v -2.893217 2.385578 16.214214
v -2.672549 2.648381 15.381240
v -2.371472 2.758371 15.443739
v -2.925332 2.364797 16.022207
v -3.041951 2.196260 16.002146
v -3.101775 2.008933 15.819938
v -3.049528 2.031341 16.275431
v -2.985098 1.878029 16.497427
v -3.075868 2.192396 15.528399
v -2.966971 2.410312 15.276938
v -2.110590 2.723251 15.503498
v -1.908694 2.670543 15.370618
v -1.740547 2.567260 15.251740
v -1.896652 2.489440 16.280991
v -1.811208 2.454472 16.386471
v -1.678437 2.402774 15.885956
v -1.777669 2.467929 16.268044
v -1.739558 2.375108 16.457060
v -1.924494 2.475064 16.466318
v -2.078316 2.559460 16.465010
v -2.426232 2.609944 16.476801
v -2.373616 2.648597 16.232548
v -2.238321 2.611007 16.492884
v -2.590487 2.520438 16.675566
v -2.757853 2.381740 16.671793
v -2.655961 2.433829 16.794312
v -2.191580 2.544502 16.720961
v -2.101197 2.512603 16.712811
v -1.993728 2.420324 16.761456
v -1.561596 2.008078 16.176243
v -1.635613 2.138518 16.425461
v -1.676032 1.875273 16.521875
v -1.497938 2.136341 15.233644
v -1.514992 2.029553 15.762199
v -1.542712 2.290862 15.294947
v -1.614302 2.429519 15.250810
v -1.587304 2.230605 16.062235
v -1.775215 2.276158 16.624855
v -1.796341 2.383850 16.542896
v -1.928832 2.287031 16.787815
v -1.908165 1.974046 16.853632
v -1.918679 2.133415 16.846561
v -2.034370 2.087874 16.925360
v -1.735579 2.047776 16.672768
v -1.881482 2.386392 16.593521
v -2.029782 2.347186 16.806828
v -2.109958 2.405066 16.873812
v -2.804910 2.285458 16.652195
v -2.747966 2.342078 16.770077
v -2.828141 2.316082 16.494219
v -2.927834 2.222872 16.540573
v -2.787564 2.084443 16.818417
v -2.824310 2.220070 16.735796
v -2.932205 2.028397 16.640919
v -2.849021 1.954348 16.760378
v -2.435038 2.473803 16.899832
v -2.378395 2.578608 16.670967
v -2.217576 2.466879 16.866396
v -2.248889 2.348084 16.898108
v -2.356572 2.421405 16.939390
v -2.077602 2.293703 16.884684
v -2.338418 2.279938 16.950905
v -2.377069 1.973516 16.985535
v -2.486095 1.999390 16.970739
v -2.153982 2.019223 16.969168
v -2.176900 1.871645 16.943399
v -2.632638 2.032590 16.925426
v -2.497410 2.266578 16.929098
v -2.661241 2.244360 16.871445
v -2.542174 2.335670 16.887341
v -2.761835 1.875756 16.824785
v -2.320631 2.803491 15.155698
v -2.573812 2.733838 15.127713
v -2.498542 2.737000 15.224453
v -2.819081 2.565735 15.114937
v -2.838394 2.547572 15.238701
v -2.508936 2.751442 15.324643
v -2.253723 2.797529 15.345208
v -2.171578 2.756658 15.267540
v -1.903580 2.689575 15.208450
v -2.107431 2.776314 15.176753
v -2.235642 2.851784 14.640896
v -2.631768 2.717181 14.664618
v -2.044504 2.819242 14.646385
v -1.833318 2.756772 14.331017
v -1.641485 2.600054 14.479812
v -1.582247 2.640476 13.958324
v -1.741909 2.761518 13.938066
v -2.068256 2.855585 14.001967
v -2.207117 2.862763 14.025457
v -2.376261 2.841137 13.967384
v -2.405411 2.831911 14.633549
v -2.517666 2.784721 14.185645
v -1.774270 2.869170 13.747978
v -1.897359 2.829815 13.892601
v -1.919793 2.892704 13.790833
v -2.025983 2.953224 13.719070
v -2.224217 2.854416 13.870933
v -2.340364 2.921055 13.736316
v -2.575252 2.763271 13.778237
v -3.055884 2.182218 15.216141
v -3.021144 2.312818 14.907349
v -2.785348 2.584569 14.299848
v -2.972516 2.358560 14.239214
v -2.933488 2.470762 13.587483
v -3.035377 2.197948 13.760988
v -3.061250 2.081903 14.276112
v -1.472740 2.017978 14.958414
v -1.436962 2.417712 13.854815
v -1.423868 2.203429 14.285202
v -1.492002 2.506069 13.963694
v -2.853983 1.747922 16.637527
v -2.940883 1.634178 16.251677
v -2.657878 1.757760 16.817257
v -2.605701 1.877995 16.910187
v -3.065231 1.824273 16.154564
v -3.059924 1.770906 15.969960
v -2.958549 1.659682 15.448536
v -3.070105 1.869252 15.540610
v -3.056379 2.016509 15.327344
v -2.963526 1.766392 15.274968
v -2.918937 1.744480 15.114717
v -3.033721 1.955546 15.143215
v -2.967720 1.770703 15.004622
v -3.082078 2.100439 14.731787
v -3.041296 1.864301 14.717104
v -2.919563 1.638205 14.598250
v -3.025414 1.897007 13.879363
v -2.933546 1.653429 13.730920
v -2.424284 1.350130 14.601933
v -2.759879 1.493547 14.616357
v -2.761061 1.536735 14.924309
v -2.903676 1.635315 13.978289
v -2.791725 1.492827 13.769803
v -2.656269 1.445864 14.059826
v -2.311610 1.332106 14.070045
v -2.431000 1.317230 13.775444
v -2.404693 1.414439 15.120396
v -2.415561 1.337949 15.237568
v -2.571482 1.481789 15.117398
v -2.758245 1.585323 15.137318
v -2.800336 1.501718 15.327334
v -2.635344 1.422260 15.234505
v -2.574386 1.346826 15.382488
v -2.241989 1.291008 15.458739
v -2.956874 1.590406 15.989307
v -2.706759 1.403329 15.950590
v -2.446739 1.324762 16.025429
v -1.954747 1.815383 16.820889
v -2.362573 1.793371 16.920425
v -1.759484 1.643799 16.438845
v -1.668489 1.684962 16.268103
v -1.799943 1.822563 16.687532
v -1.583067 1.875789 16.183878
v -1.829879 1.444218 16.101934
v -1.705701 1.522497 15.806392
v -1.558167 1.800253 15.730008
v -1.568418 1.753216 15.354864
v -1.741348 1.513149 15.317911
v -1.649725 1.613807 15.163782
v -1.523403 1.778954 14.702040
v -1.459448 1.936913 14.639387
v -1.653128 1.544053 14.072287
v -1.452420 1.914051 13.780795
v -2.186802 1.321844 16.083376
v -1.991928 1.323752 15.447610
v -2.008207 1.337043 15.944305
v -1.840606 1.387224 15.614569
v -1.898381 1.409387 15.275894
v -2.113101 1.376728 15.224245
v -2.164293 1.324238 15.286981
v -2.284444 1.387513 15.169015
v -2.194700 1.316466 14.640445
v -1.869451 1.382413 14.766912
v -2.017993 1.330255 14.706438
v -1.995596 1.343919 13.998000
v -2.111463 1.301446 13.753274
v -1.908480 1.365543 13.705883
v -1.795207 1.426114 14.040109
v -1.506184 2.761300 13.612477
v -1.666555 2.907217 13.648418
v -1.658136 2.789726 13.771213
v -1.503339 2.642543 13.772585
v -1.403303 2.175030 13.809115
v -2.707683 2.738511 13.641492
v -2.790354 2.619938 13.675257
v -2.595852 2.848784 13.598698
v -2.583176 2.916240 13.535540
v -3.041101 2.181648 13.580648
v -2.410458 2.927343 13.643758
v -2.187978 2.960708 13.689882
v -2.103795 3.018179 13.661108
v -2.299517 3.044294 13.569880
v -2.145963 3.066523 13.489511
v -2.429906 3.023368 13.427176
v -2.050539 3.064483 13.581861
v -1.851195 3.022235 13.502590
v -1.925734 3.007156 13.660344
v -1.829817 3.013344 13.585974
v -2.735300 2.786993 13.458961
v -2.451425 3.034418 13.346976
v -2.210298 3.103490 13.398222
v -2.306829 3.076822 13.293276
v -2.314014 3.110697 13.186954
v -2.797347 2.739854 13.292719
v -2.651057 2.897693 13.302822
v -2.657208 2.891949 13.192167
v -1.784686 3.032189 13.433690
v -1.766051 3.050826 13.269904
v -1.940271 3.094423 13.331171
v -1.998961 3.092522 13.423045
v -2.516269 3.026227 13.115705
v -2.394997 3.089287 13.088499
v -2.131193 3.138671 13.087066
v -2.327532 3.065811 12.977521
v -1.748823 3.044126 13.037169
v -2.065875 3.108338 12.999779
v -1.944406 3.121021 13.109868
v -2.068716 3.138950 13.227618
v -2.551327 2.969603 12.971918
v -2.359690 3.086590 12.842253
v -2.576105 2.960943 12.786055
v -2.317646 3.064276 12.227716
v -2.136640 3.136067 12.864566
v -2.050726 3.114856 12.613882
v -1.897236 3.081302 12.360589
v -1.838042 3.077033 12.735002
v -1.882827 3.117380 12.917230
v -1.681534 3.030731 12.938950
v -1.620598 2.956744 12.729185
v -1.516685 2.884073 13.015982
v -1.624729 2.976782 13.076730
v -1.450173 2.790354 13.125976
v -1.588411 2.908914 13.424176
v -1.425209 2.675146 13.492973
v -1.592990 2.868334 13.507019
v -2.517727 2.959956 12.268316
v -2.215214 3.095329 12.251887
v -2.108395 3.120076 12.144346
v -2.669577 2.859153 11.955947
v -1.727214 3.019565 12.288214
v -1.525551 2.892315 12.143267
v -1.955280 3.129432 12.069893
v -2.805427 2.707732 12.909361
v -2.838575 2.570802 12.504033
v -2.986225 2.265022 13.197215
v -2.928973 2.351043 12.574322
v -2.957791 2.105472 12.557130
v -2.989243 2.079330 13.174558
v -2.938447 2.363704 12.081328
v -2.714596 2.760339 12.427606
v -2.838352 2.629990 11.922678
v -2.938745 2.479319 13.268067
v -2.993767 2.366012 13.423034
v -2.919806 2.536581 13.473820
v -1.351230 2.567621 12.913137
v -1.445074 2.767831 12.805696
v -1.338430 2.490405 13.114492
v -1.346205 2.229047 13.411294
v -1.306513 2.526256 12.150336
v -1.278570 2.288874 12.204096
v -1.373756 2.615535 13.308754
v -1.340041 2.347791 13.419269
v -1.377124 2.482428 13.570674
v -3.022694 2.099219 13.426053
v -2.968346 1.795395 13.386677
v -2.908192 1.658065 13.454673
v -3.032687 1.910578 13.640334
v -2.976581 1.853851 13.510694
v -2.830035 1.594443 13.617598
v -2.834760 1.663625 13.134217
v -2.914572 1.795176 13.164956
v -2.835606 1.648028 13.020234
v -2.911848 1.784391 13.016972
v -2.935510 1.943485 12.533804
v -2.865082 1.760142 12.444544
v -2.782589 1.570333 11.987995
v -2.253047 1.278615 13.383866
v -2.190504 1.278344 13.563039
v -2.391127 1.299287 13.560063
v -2.599391 1.375348 13.511725
v -2.228265 1.332645 13.673092
v -2.586154 1.418931 13.677741
v -2.802238 1.524309 13.504659
v -2.302943 1.357220 13.154466
v -2.163202 1.338941 13.192430
v -2.431641 1.332091 13.274497
v -2.517685 1.430280 13.115224
v -2.691930 1.472506 13.216759
v -2.703763 1.538871 13.106277
v -2.362161 1.353361 13.025671
v -2.710840 1.520901 13.021482
v -2.554621 1.423934 13.004826
v -2.750659 1.578823 12.476882
v -2.397963 1.348727 12.485289
v -2.217045 1.310995 12.515428
v -2.578516 1.433414 12.472637
v -1.614439 1.607241 13.576176
v -1.520453 1.745624 13.608449
v -1.560182 1.690574 13.244517
v -1.429122 1.927275 13.302766
v -1.549472 1.653425 12.633399
v -1.293640 2.333622 12.621782
v -1.350390 2.115396 13.164200
v -1.335626 2.045362 12.419392
v -1.793526 1.421268 13.495465
v -1.744976 1.473267 13.613745
v -2.006823 1.353235 13.643184
v -2.040599 1.286877 13.489687
v -1.746708 1.488492 13.351369
v -1.768223 1.475393 13.204807
v -2.001900 1.357758 13.128023
v -1.905973 1.402271 13.252420
v -1.883699 1.331402 12.313603
v -1.682771 1.526060 13.023881
v -1.717748 1.423748 12.330305
v -1.694696 3.053290 12.012723
v -1.765578 3.141467 11.860300
v -2.412713 3.038086 12.106133
v -2.358347 3.145912 11.854537
v -2.168621 3.196255 11.831192
v -2.347383 3.209946 11.461354
v -1.903036 3.233736 11.661144
v -2.182880 3.244873 11.570197
v -1.764215 3.216870 11.568992
v -1.656186 3.137153 11.612878
v -1.846685 3.310651 11.390283
v -1.995220 3.288236 11.468196
v -2.185282 3.301273 11.342537
v -1.505570 3.378492 11.086656
v -1.597392 3.441081 10.995698
v -1.806686 3.492536 10.888155
v -2.514801 3.051867 11.814848
v -2.964886 2.157196 12.015916
v -1.343810 2.817733 11.580653
v -1.504444 2.942400 11.760704
v -1.370570 2.688927 12.186817
v -1.250237 2.399317 11.714655
v -2.509717 3.115578 11.447916
v -2.820536 2.754158 11.299786
v -1.197958 3.134126 11.234739
v -1.429004 3.193173 11.290696
v -1.487976 3.020700 11.547518
v -2.759742 3.078419 10.770732
v -2.594133 3.217191 10.899441
v -2.684745 2.945396 11.383873
v -1.246056 3.302572 11.032435
v -1.044807 3.377706 10.724277
v -2.400873 3.346681 10.906474
v -2.113613 3.449698 10.924766
v -1.387121 3.483875 10.787910
v -1.958645 3.535200 10.664660
v -1.751873 3.551676 10.612665
v -1.475502 3.533593 10.670301
v -1.184950 3.478546 10.491501
v -1.989009 3.541195 10.532425
v -2.382721 3.411037 10.253770
v -2.420760 3.386474 10.590961
v -2.229660 3.470238 10.628589
v -1.860743 3.535138 10.294845
v -1.505975 3.492445 9.934290
v -2.211180 3.450804 10.002145
v -1.552270 3.367228 9.331717
v -2.130349 3.073551 8.336600
v -2.389966 2.961694 8.127824
v -2.466583 3.265444 9.545523
v -2.001660 3.448496 9.833303
v -1.406936 3.539433 10.331645
v -0.904099 3.424095 10.372551
v -1.060646 3.460324 9.815273
v -1.187421 3.423659 9.399943
v -1.242165 3.333983 8.689157
v -2.924499 2.732000 8.692728
v -2.809917 3.046482 10.005471
v -2.627016 3.243440 10.051930
v -2.690908 2.977114 8.826632
v -2.910906 2.825780 10.785486
v -3.016770 2.645135 10.315920
v -3.098331 2.170273 10.386396
v -2.890250 2.546131 11.285505
v -3.132529 2.273887 9.424441
v -2.943660 2.837920 10.097179
v -3.096503 2.420270 8.402558
v -3.290027 1.685927 8.553275
v -0.775673 3.342040 10.940515
v -0.412485 3.473397 11.237314
v -1.063289 3.214594 11.113773
v -0.889426 3.197215 11.199883
v -0.973798 2.995848 11.417268
v -0.788543 3.068837 11.495065
v -0.567749 3.139204 11.715211
v -0.719214 3.434893 10.531529
v -0.766430 3.460939 9.339108
v -0.235512 3.671536 10.389472
v -0.548374 3.509200 9.254175
v -0.264035 3.594017 8.796935
v -1.334601 2.710343 11.717181
v -1.253670 2.534165 11.665484
v -1.174996 2.401150 11.662343
v -1.255684 2.820734 11.508696
v -1.151778 2.796122 11.502610
v -0.995363 2.739657 11.595302
v -0.811610 2.755098 11.743480
v -0.804628 2.529254 11.882013
v -0.966891 2.417303 11.744878
v -2.900644 2.258080 11.338015
v -2.724631 1.486094 11.934689
v -2.858507 1.739758 11.833647
v -2.927823 2.020957 11.751989
v -2.846932 1.897605 11.447749
v -2.733216 1.607880 11.397565
v -2.672920 1.395365 11.196859
v -2.714425 1.600893 11.557865
v -2.925844 1.864981 11.146352
v -3.083857 1.849254 10.413671
v -2.963964 1.578082 10.607145
v -2.851851 1.485834 10.913044
v -2.517853 1.434626 11.511173
v -2.531826 1.353104 11.790591
v -2.470467 1.380326 11.446804
v -2.167525 1.284027 11.491498
v -1.762169 1.110173 11.245098
v -1.946300 1.319958 11.574370
v -2.197833 1.307004 11.587352
v -2.285865 1.257009 11.897274
v -2.117124 1.253633 11.937440
v -2.752198 1.328073 10.844152
v -2.689871 1.057229 9.993011
v -2.471992 1.122658 10.965741
v -2.319941 1.067032 11.038642
v -2.120040 0.869278 10.390477
v -2.028670 1.307973 12.456545
v -2.548254 1.345825 12.028953
v -1.364892 1.814699 11.752529
v -1.199442 2.103820 11.711149
v -1.263333 2.140601 11.751151
v -1.249364 1.921759 11.708582
v -1.349182 1.676965 11.659159
v -1.215820 1.629376 11.633126
v -0.518260 1.626278 12.104403
v -0.998812 1.840282 11.794023
v -0.954200 2.064182 11.838436
v -0.741498 1.985312 12.057663
v -1.669723 1.435641 11.687148
v -1.794752 1.357252 11.589714
v -1.588447 1.452595 11.591091
v -1.482198 1.609359 11.712107
v -1.541527 0.884198 10.494086
v -1.050227 1.181791 11.019691
v -1.483904 1.001465 10.896029
v -1.742856 0.872951 10.584000
v -2.007714 1.002780 11.045063
v -0.835780 1.282343 11.261470
v -0.583027 1.297800 11.548484
v -0.897740 1.475561 11.607548
v -0.981612 1.390888 11.431450
v -0.989971 1.701352 11.745856
v -1.292248 1.325164 11.357637
v 6.147002 0.070221 17.895296
v 6.172727 0.017145 18.040388
v 5.788163 0.309929 17.972458
v 5.722985 0.293295 18.032892
v 5.971587 0.161440 18.008081
v 5.087178 0.309425 18.336666
v 5.330550 0.335404 18.132513
v 5.524995 0.335416 18.066635
v 6.282046 -0.198717 17.662991
v 5.905278 0.266018 17.913185
v 5.721829 0.369011 17.878229
v 4.926921 0.321623 18.097370
v 5.230761 0.393490 18.100163
v 5.510435 0.403009 17.992321
v 6.131770 -0.019598 18.111576
v 5.745365 0.298044 18.159576
v 5.919940 0.153017 18.446800
v 5.545823 0.328224 18.220541
v 6.260030 -0.097703 18.050783
v 6.311540 -0.239561 18.107340
v 6.261842 -0.193793 18.247019
v 6.303077 -0.385757 18.445751
v 6.184492 -0.249636 18.478060
v 6.181551 -0.211952 18.351711
v 6.042087 0.091812 18.119137
v 6.080413 -0.081911 18.606632
v 5.734922 0.231604 18.481459
v 5.538524 0.251026 18.527487
v 5.121374 0.183606 18.550419
v 5.255538 0.320346 18.270786
v 5.659280 0.132327 18.780483
v 5.483561 0.179113 18.720491
v 5.531006 0.068916 18.937891
v 5.833217 -0.026726 18.907766
v 5.159455 0.148396 18.684221
v 5.216451 0.030748 18.944220
v 5.237921 -0.057528 19.008377
v 5.354967 -0.076237 19.055145
v 5.393860 0.015259 19.007246
v 5.891037 0.053421 18.720524
v 6.035526 -0.093952 18.755575
v 6.137561 -0.448323 18.818871
v 6.142056 -0.336477 18.698772
v 6.235735 -0.383160 18.626469
v 6.129805 -0.281412 18.762276
v 6.351751 -0.451660 18.065485
v 6.245553 -0.505713 18.638126
v 6.064020 -0.692104 18.850798
v 6.231533 -0.696164 18.622896
v 5.891696 -0.302811 19.006601
v 5.950704 -0.414590 18.978920
v 5.760648 -0.313840 19.070866
v 5.677123 -0.220329 19.072598
v 5.760828 -0.583777 19.053879
v 5.513075 -0.459183 19.127197
v 5.880611 -0.683372 18.982840
v 5.716391 -0.166808 19.091364
v 5.965838 -0.262805 18.987806
v 6.075249 -0.344606 18.842182
v 6.027124 -0.242893 18.940815
v 5.684557 -0.080774 19.059364
v 5.202513 0.301987 18.256075
v 5.049270 0.101816 18.752131
v 5.139066 0.043419 18.843611
v 4.962035 0.155206 18.626015
v 5.122310 -0.115088 19.019875
v 4.978439 0.012609 18.835415
v 5.289405 -0.187351 19.095633
v 5.481825 -0.262397 19.114162
v 5.326057 -0.385954 19.122631
v 5.106192 -0.239163 19.055986
v 5.997983 0.194885 17.610189
v 6.180441 -0.001388 17.620380
v 5.118825 0.470107 17.789555
v 5.366560 0.487001 17.662741
v 5.561573 0.453858 17.587584
v 6.255842 -0.838341 17.747772
v 6.251858 -0.897136 18.136841
v 6.322316 -0.674256 18.297676
v 6.262832 -0.802710 18.422731
v 6.133401 -1.030294 18.344955
v 6.300923 -0.567967 17.442448
v 6.222034 -0.752748 17.378487
v 6.324484 -0.406895 17.535725
v 6.326478 -0.639019 17.761166
v 6.155267 -0.896963 18.584061
v 6.117594 -0.806794 18.732096
v 5.949454 -0.885764 18.825565
v 5.736575 -0.989282 18.811127
v 5.717117 -0.820613 18.967098
v 5.578183 -0.646018 19.083387
v 5.470459 -0.807442 18.991926
v 5.308239 -0.585767 19.075111
v 5.119494 -0.450946 19.041096
v 4.866888 -0.413507 18.901539
v 4.826616 -0.199257 18.851898
v 4.738967 -0.084796 18.668949
v 4.792346 0.204288 18.237524
v 4.701594 0.286311 17.926298
v 4.545322 0.146466 17.788017
v 4.627867 0.060246 18.251997
v 5.390317 0.762311 17.062763
v 5.758493 0.371285 17.568314
v 5.083858 0.760855 17.120062
v 5.144629 0.616803 17.429958
v 6.208951 0.046819 17.155996
v 6.239864 0.112542 16.709028
v 6.109965 0.197069 17.219574
v 6.098183 0.366420 16.845533
v 5.845260 0.585728 16.949718
v 5.968007 0.331309 17.286201
v 4.879613 0.575108 17.416306
v 4.677366 0.487389 17.317701
v 4.584121 0.407568 17.172234
v 5.575105 0.817816 16.727411
v 5.321720 0.893585 16.733444
v 5.452550 0.799380 16.854794
v 5.766672 0.656926 16.801788
v 5.097240 0.894421 16.774343
v 4.914573 0.837423 16.852821
v 5.647877 0.690260 16.999920
v 4.760370 0.788186 16.791870
v 4.647186 0.785267 16.590094
v 4.544251 0.694102 16.481632
v 5.921161 0.621653 16.659397
v 6.037346 0.442256 16.753553
v 6.208982 0.284927 16.540003
v 6.029384 0.603381 16.308634
v 6.233523 0.307681 16.108068
v 5.175098 1.155219 15.581301
v 4.949034 1.266623 15.285120
v 4.963504 1.119814 15.740908
v 5.249013 0.997817 16.386253
v 4.888139 0.962909 16.439781
v 5.646242 0.883486 16.305214
v 6.178335 0.434083 15.513638
v 6.184974 0.510933 15.113195
v 6.048175 0.675762 15.412028
v 5.884048 0.820862 15.633831
v 4.656816 1.029472 15.609347
v 4.538941 0.913394 15.622804
v 4.486349 0.808734 15.646068
v 6.223047 -0.365673 16.854340
v 6.252746 -0.219715 16.916409
v 6.250865 -0.095678 17.002037
v 6.290749 -0.091039 16.221334
v 6.240259 -0.206295 16.158142
v 6.185061 0.007818 15.387417
v 6.204466 0.219808 15.302893
v 6.298847 0.057060 16.309212
v 4.778397 -0.673078 18.657598
v 4.778711 -0.543295 18.771452
v 4.678515 -0.360232 18.667011
v 4.946756 -0.704960 18.868387
v 5.099229 -0.763517 18.911932
v 5.295958 -0.921562 18.856436
v 4.641385 -0.188024 18.567657
v 4.614348 -0.423024 18.493605
v 4.535148 -0.140085 18.188639
v 4.524376 -0.292333 18.107042
v 4.538735 -0.435626 17.755009
v 4.485179 -0.045048 17.628109
v 4.529321 0.035865 16.967113
v 4.501152 -0.147856 17.369877
v 4.526947 0.268185 17.066332
v 4.476784 0.462196 16.443657
v 4.444553 0.611549 15.675440
v 4.525573 0.124844 15.213818
v 4.522834 0.180472 15.720699
v 4.471690 0.360542 15.877702
v 4.578980 -0.095113 16.631718
v 4.634302 -0.301754 16.968140
v 4.711022 -0.196853 16.036455
v 4.911359 -0.383022 16.027704
v 4.945720 -0.292929 15.347513
v 4.712568 -0.112845 15.410049
v 4.613248 -0.019148 15.728524
v 4.815463 -0.526959 16.894390
v 4.786938 -0.498444 16.813051
v 4.861262 -0.701957 16.967628
v 4.691029 -0.608537 17.189409
v 4.594744 -0.516228 17.385815
v 4.561852 -0.134928 16.983032
v 4.712436 -0.722508 18.394817
v 4.893059 -0.852222 18.633455
v 4.593862 -0.526711 18.228493
v 4.689759 -0.754528 17.810896
v 4.867680 -0.981167 18.286686
v 4.885151 -0.992854 17.839825
v 5.029614 -1.059360 18.490681
v 5.208911 -1.072190 18.623396
v 5.081768 -0.898114 18.777695
v 5.565035 -1.103729 18.692924
v 5.683087 -1.219132 18.427069
v 5.444024 -1.205967 18.421085
v 5.766537 -1.103918 18.651163
v 5.979040 -1.054410 18.570370
v 5.891380 -1.184460 18.394600
v 5.992163 -1.160863 18.241003
v 5.671717 -1.181972 17.581581
v 5.763496 -1.052610 17.170044
v 5.899044 -1.163689 17.767456
v 6.114895 -1.063030 17.911268
v 6.119140 -0.882944 17.319048
v 5.817866 -1.236007 18.125494
v 5.260101 -1.112896 17.384895
v 5.057875 -1.138961 18.000933
v 5.447111 -1.167486 17.481205
v 5.304520 -1.227212 18.006918
v 5.527628 -1.265825 18.155117
v 5.171063 -1.174948 18.298464
v 5.971893 -0.984896 17.242670
v 5.564625 -1.023795 17.016298
v 5.759440 -0.912864 16.908323
v 5.089877 -0.980000 17.166960
v 4.866796 -0.876924 17.335487
v 5.358588 -1.028737 17.053381
v 5.941325 -0.737562 16.772551
v 6.153073 -0.516299 16.809589
v 5.616195 -0.852449 16.774815
v 5.383854 -0.842156 16.798153
v 5.199373 -0.876469 16.865841
v 5.095273 -0.735828 16.825346
v 5.101698 -0.712556 16.687899
v 5.796223 -0.466613 15.550193
v 5.789835 -0.803009 16.731867
v 5.601408 -0.562267 15.752421
v 6.070220 -0.623232 16.783157
v 5.233379 -0.529979 15.874831
v 5.417385 -0.587647 15.901644
v 5.061427 -0.452968 15.901424
v 5.715359 -0.401217 15.091084
v 5.972414 -0.296487 15.363966
v 6.087126 -0.177278 15.384869
v 5.234507 -0.427454 15.279292
v 5.446418 -0.446619 15.108167
v 5.809287 0.943834 15.412107
v 6.084607 0.735974 15.167109
v 6.054543 0.788310 15.040070
v 5.881811 0.944929 15.296635
v 5.939663 0.995437 15.042195
v 5.731888 1.058182 15.283260
v 5.822779 0.989620 15.160472
v 5.579523 1.037452 15.549254
v 5.372633 1.112514 15.579568
v 5.490486 1.168237 15.344990
v 5.450589 1.181955 15.206987
v 5.196125 1.271886 15.178106
v 5.141140 1.251170 15.348620
v 6.191246 0.667828 14.663301
v 6.200430 0.559576 14.774827
v 6.174836 0.590136 14.958749
v 6.089035 0.893763 14.732168
v 6.105505 0.800066 14.838542
v 6.147286 0.719546 14.922136
v 6.003638 0.950361 14.967517
v 6.223835 0.358281 14.779932
v 6.200277 0.140647 14.820227
v 6.135977 -0.006713 14.786646
v 6.216096 0.263908 14.570718
v 4.786839 1.106646 15.590725
v 4.614783 1.219621 15.045323
v 5.095615 1.289014 15.162176
v 5.243101 1.340708 15.111658
v 4.996466 1.359030 15.034394
v 5.090325 1.374137 14.921192
v 4.826260 1.303138 15.086791
v 4.419151 1.065416 14.896117
v 4.336053 0.866782 14.855762
v 5.658188 1.185101 15.130335
v 5.223041 1.361355 15.048630
v 5.513351 1.293732 15.041189
v 5.517715 1.278838 14.916154
v 5.615877 1.307134 14.809346
v 5.349318 1.399455 14.814757
v 5.821433 1.120763 15.008329
v 5.847201 1.104610 14.901836
v 5.910272 1.123059 14.803994
v 5.050153 1.431700 14.727723
v 5.579563 1.325175 14.722309
v 5.584359 1.354053 14.592942
v 5.322018 1.407689 14.561049
v 5.672102 1.295787 14.473930
v 5.049429 1.418404 14.630619
v 5.776369 1.241735 14.573822
v 5.915887 1.107295 14.521784
v 5.781600 1.192042 14.666296
v 4.639743 1.296085 14.800448
v 4.793908 1.382989 14.706324
v 4.734437 1.408134 14.439412
v 4.892843 1.455508 14.519912
v 5.443669 1.378824 14.047148
v 5.510583 1.316676 14.161508
v 5.454355 1.397036 14.245900
v 5.179693 1.458783 14.118697
v 4.898101 1.461733 14.226510
v 5.167673 1.414414 14.249970
v 5.174398 1.461192 14.348942
v 5.222095 1.466446 14.437605
v 5.659667 1.354567 14.347060
v 4.562175 1.338856 14.426881
v 4.712639 1.421159 14.329792
v 4.472067 1.318697 13.878330
v 5.941732 0.975226 14.062819
v 5.723092 1.215324 14.037005
v 5.762633 1.174748 14.148063
v 5.809342 1.235588 14.296659
v 5.981937 1.031064 14.290305
v 5.307615 1.330134 13.634720
v 4.913617 1.452928 14.059161
v 5.200173 1.418818 13.964166
v 5.809582 1.039426 13.765711
v 4.598330 1.384146 13.646908
v 4.786075 1.413806 13.603131
v 4.997420 1.410562 13.650472
v 5.145728 1.372582 13.388773
v 5.649110 1.086176 13.354500
v 5.526154 1.235956 13.679392
v 5.859782 0.850593 13.466627
v 5.941736 0.907793 13.944691
v 6.025840 0.754605 14.017736
v 6.158092 0.588521 14.306705
v 6.010242 0.878399 14.173869
v 6.099581 0.806328 14.306577
v 6.172728 0.597117 14.552304
v 6.035788 0.909197 14.602787
v 5.345951 1.292818 13.294683
v 5.712456 0.999721 12.974125
v 5.589755 1.150604 12.538316
v 5.485996 1.224952 12.834221
v 5.346020 1.363654 12.658206
v 5.112622 1.487523 12.703372
v 6.045835 0.389552 13.836063
v 5.955173 0.662100 13.551436
v 5.979997 0.068843 13.740041
v 5.861905 0.206416 12.746222
v 5.910227 0.361194 12.850220
v 5.921762 0.522620 12.941936
v 4.665494 1.536527 12.788842
v 4.747419 1.454220 13.228316
v 4.976264 1.427583 13.280123
v 4.923736 1.544990 12.724005
v 4.513974 1.392337 13.277981
v 4.269462 1.235480 13.302910
v 4.357509 1.217919 13.950260
v 4.137134 0.915668 13.786922
v 4.319100 1.168382 13.991189
v 4.084847 0.986420 13.307955
v 4.474609 1.246400 14.515859
v 4.301147 0.996700 14.292829
v 6.030625 0.221083 13.781950
v 6.147451 0.149827 14.257820
v 6.182259 0.359863 14.317263
v 6.130245 -0.006161 14.495754
v 4.313377 0.680793 14.720687
v 4.355693 0.499059 14.812115
v 4.414245 0.298041 14.457228
v 4.410088 0.550566 15.359542
v 4.338051 0.452984 14.412763
v 4.277905 0.748994 14.321348
v 4.139790 0.614937 13.882228
v 4.303412 0.467753 14.248527
v 4.193251 0.411421 13.857160
v 4.082893 0.740530 13.691453
v 4.049608 0.599766 13.472841
v 4.112857 0.400734 13.495171
v 3.918785 0.651060 12.687195
v 4.094203 0.234374 12.818528
v 4.738592 -0.209459 13.610425
v 4.444827 -0.015521 13.602581
v 4.283268 0.170993 13.670012
v 4.249614 0.039115 12.787723
v 4.515260 -0.123835 13.040653
v 4.495221 -0.203877 12.617039
v 4.641557 -0.089203 13.991707
v 4.857577 -0.214671 14.105675
v 4.418864 0.193527 14.135569
v 4.915555 -0.209544 14.241637
v 4.595150 0.047123 14.371016
v 4.638655 -0.076873 14.672519
v 4.604170 -0.003711 14.261243
v 4.734192 -0.136026 15.085544
v 5.093738 -0.369516 15.050885
v 4.915030 -0.233699 14.879313
v 4.680342 -0.042949 14.888939
v 4.860917 -0.285378 14.718091
v 4.451406 0.260175 14.867686
v 5.626690 -0.382813 14.710625
v 5.845116 -0.292239 14.622270
v 5.956839 -0.247854 14.988752
v 5.637301 -0.398300 14.487253
v 5.960110 -0.209891 14.507907
v 6.029491 -0.068181 14.195048
v 5.525331 -0.338605 14.202453
v 5.764531 -0.284098 14.237596
v 5.554182 -0.325407 13.859348
v 5.736763 -0.250687 13.828677
v 5.891370 -0.075887 13.699363
v 5.843827 -0.179807 13.883324
v 5.467087 -0.270989 12.846692
v 5.575903 -0.205460 12.789136
v 5.770202 0.035862 12.653281
v 5.672069 -0.083895 12.604551
v 5.288879 -0.350182 13.652689
v 4.832332 -0.314548 12.672487
v 4.807824 -0.258266 13.024545
v 5.021203 -0.315142 13.028621
v 5.323134 -0.314069 12.830649
v 5.460496 -0.350051 14.065055
v 5.264542 -0.338700 14.048379
v 5.040225 -0.295016 14.069270
v 5.052077 -0.318912 13.718779
v 5.331523 -0.423827 14.508518
v 5.235391 -0.318573 14.179049
v 5.065204 -0.326737 14.350044
v 4.834690 -0.211098 14.371581
v 4.774922 1.662271 12.441507
v 5.012600 1.651229 12.355397
v 5.504963 1.334099 12.268803
v 5.265728 1.531338 12.322165
v 4.564755 1.602330 12.498079
v 4.713026 1.718323 12.109279
v 4.529531 1.654403 12.164943
v 4.409294 1.560498 12.284901
v 4.103382 1.316358 12.135695
v 4.145468 1.263374 12.651581
v 3.988916 1.026849 12.719847
v 5.086108 1.707469 11.932568
v 5.740206 0.913163 12.473648
v 5.683646 1.027907 11.780866
v 5.600699 1.239233 11.755870
v 5.685506 0.255465 11.964585
v 5.731791 0.651458 11.861948
v 5.778115 0.705137 12.232565
v 5.296337 1.586967 11.891091
v 4.844700 1.964380 11.462980
v 4.849082 1.745551 12.010043
v 5.482423 1.418409 11.817963
v 5.549516 1.424447 11.254824
v 5.402932 1.643355 11.283787
v 4.277915 1.827150 11.574284
v 4.250154 1.711522 11.730572
v 4.678827 1.965168 11.512564
v 4.232244 1.617225 11.853446
v 4.589839 1.772240 11.871381
v 5.668449 0.976020 10.839874
v 5.555160 0.158736 11.031892
v 5.707892 0.431282 11.875094
v 4.297260 1.558444 12.034099
v 4.098812 1.644725 11.756179
v 4.021034 1.193312 12.111237
v 3.957459 1.293101 11.947212
v 5.598985 0.100510 11.863512
v 5.457837 -0.129702 11.894002
v 4.575206 -0.371948 12.142189
v 4.325024 -0.215210 12.262986
v 4.796736 -0.434218 12.061525
v 5.097927 -0.335227 12.774874
v 5.006499 -0.430021 12.026166
v 3.954735 0.357276 12.351449
v 4.027033 0.029087 12.042879
v 4.149977 -0.147011 12.002353
v 3.929899 0.884815 12.679932
v 3.890140 0.674400 12.348144
v 3.944510 1.049634 12.056028
v 3.904831 1.136570 11.987570
v 3.835887 0.897605 11.996615
v 3.874980 0.708356 12.039576
v 3.833445 0.690595 11.981836
v 3.864528 0.515360 11.961545
v 3.712322 0.475043 11.866793
v 3.920609 0.271883 12.094772
v 3.896551 0.333308 11.909222
v 4.026034 0.006057 11.794763
v 4.204389 -0.203381 11.705765
v 4.403523 -0.354061 11.785797
v 4.587670 -0.409034 11.533225
v 4.684167 -0.453548 11.666644
v 4.771400 -0.430580 11.427449
v 4.982912 -0.403365 11.407999
v 5.237356 -0.270827 11.332305
v 5.209168 -0.358800 11.988737
v 5.433608 -0.057826 11.236619
v 0.401168 3.641340 12.168868
v 0.150187 3.647416 11.948694
v -0.080432 3.445931 12.304339
v 0.643537 3.641254 12.168609
v 0.978987 3.621997 11.946783
v 0.394730 3.768422 11.553366
v -0.110877 3.592117 11.685996
v 0.967477 3.707291 11.700996
v 0.624965 3.742825 11.762774
v 0.492888 3.790522 11.432097
v 0.104751 3.731374 11.364805
v 0.793130 3.788475 11.445430
v 0.896508 3.819226 11.088258
v -0.259528 3.363143 12.060996
v -0.481487 3.127535 12.026183
v -0.608865 2.942257 12.013818
v 1.191489 3.233686 12.361884
v 1.365822 3.275349 12.008600
v 1.436270 3.492990 11.608523
v 1.022216 3.490401 12.151143
v 1.541259 3.607115 11.115684
v 1.240581 3.692324 11.403740
v -0.698101 2.725400 12.020179
v -0.771254 2.414241 11.995238
v -0.587693 1.935068 12.380741
v -0.649253 1.974728 12.222244
v -0.717412 2.232803 12.168487
v -0.614746 1.744295 12.109579
v -0.177210 1.481267 12.315084
v -0.424505 1.560001 12.111272
v -0.016645 1.413032 12.168200
v 0.424941 1.279638 12.160725
v 0.141655 1.408445 12.354302
v 0.433900 1.410914 12.383821
v 0.375439 1.379631 12.243492
v 0.654862 1.458962 12.301997
v 1.103444 1.601038 12.197238
v 0.892500 1.624526 12.311920
v 1.221269 2.000046 12.301819
v 1.276117 2.024650 12.232692
v 1.438409 2.436803 12.143357
v 1.426285 2.613608 12.219058
v 1.463943 2.874926 12.124099
v 1.492487 3.104995 11.987370
v 1.727061 3.143496 11.851811
v 1.737750 2.896159 11.982177
v 1.588072 3.268924 11.801805
v 1.569261 2.873858 12.014863
v 1.618611 2.679060 12.040918
v 1.338789 1.906439 12.189864
v 1.388816 2.138825 12.167818
v 1.036312 1.177287 11.959590
v 0.471841 1.076247 11.836871
v -0.004273 1.258608 12.015323
v 0.243723 1.089307 11.796683
v 1.506067 1.356061 12.205552
v 1.273647 1.617770 12.183694
v 1.264343 1.390006 12.120492
v 1.252410 1.196422 11.995975
v 1.441570 1.178900 12.066721
v 1.007050 1.362472 12.119438
v 1.414555 0.992817 11.865801
v -0.363971 1.370529 11.954078
v -0.186461 0.957615 10.788396
v -0.153176 1.180961 11.753836
v 2.153246 3.523878 11.264041
v 1.835390 3.269370 11.728803
v 1.828751 3.610716 10.739823
v 1.802396 3.519609 11.229768
v 1.647382 3.404737 11.576553
v -0.122593 3.686766 11.109291
v 1.199223 3.825938 10.366721
v 1.213207 3.776490 11.034916
v 0.899833 3.874614 10.449221
v 0.134855 3.799945 10.781041
v 0.317597 3.838543 10.381461
v 0.306120 3.835165 10.778638
v 0.593458 3.864041 10.749435
v 0.966950 3.860590 10.774299
v 0.183968 3.601864 7.603543
v 0.615237 3.874858 10.323403
v 1.118095 3.775925 9.230889
v 0.901235 3.683451 7.763791
v 1.546156 3.677597 10.454042
v 1.546893 3.675579 9.566514
v 1.793226 3.560063 7.810205
v 1.804638 3.646944 10.222892
v 1.755566 3.643501 9.578819
v 1.998242 3.585711 8.409067
v 3.314439 3.168664 12.014261
v 3.086073 3.511327 11.300465
v 2.925006 3.363508 11.832747
v 2.602090 3.565592 11.334337
v 3.851208 2.820839 10.562124
v 3.680760 2.998950 11.409931
v 3.309105 3.421885 11.220310
v 2.910146 3.541686 11.354258
v 3.482849 3.237156 11.426664
v 3.597230 3.183138 11.194146
v 3.698422 3.043675 10.975022
v 3.825428 2.780004 10.947116
v 3.439134 3.386570 10.878345
v 3.296404 3.490750 10.828083
v 3.556528 3.288579 10.578468
v 3.694014 3.113818 10.451200
v 3.136970 3.563585 10.926103
v 2.986832 3.634237 10.842023
v 2.611850 3.673958 10.868470
v 2.761969 3.653397 10.985336
v 2.832278 3.677082 10.573755
v 3.200217 3.474684 9.837447
v 3.109110 3.594326 10.540301
v 3.398467 3.414891 10.398360
v 2.734141 3.639157 9.804782
v 3.391416 3.343833 9.770611
v 2.979686 3.335811 8.307673
v 2.960867 3.560699 9.700638
v 3.590777 3.215586 10.083778
v 3.815800 2.880015 9.961687
v 3.905423 2.767131 9.464461
v 3.722563 2.947300 9.417445
v 3.567990 3.048741 9.027947
v 3.351159 3.112603 8.325425
v 3.991928 2.652183 10.117681
v 4.020821 2.416543 10.897275
v 4.109688 2.430296 10.546875
v 3.928323 2.295888 11.460843
v 4.010669 2.077527 11.472111
v 4.149979 2.189238 11.056808
v 4.120481 1.929706 11.481400
v 4.252904 2.032609 11.235528
v 4.130677 2.549122 9.985037
v 4.324502 2.264719 10.646841
v 4.367262 2.371345 10.248511
v 3.824183 2.779298 8.694093
v 4.177166 2.558465 9.411483
v 3.974552 2.663532 8.417109
v 2.373722 3.625292 8.987656
v 2.239367 3.678982 9.720721
v 4.034813 1.696210 11.731833
v 3.963256 1.771657 11.746351
v 3.840823 1.384630 11.959419
v 1.696274 0.780072 11.882128
v 2.110075 0.625688 11.961495
v 2.829099 0.462451 11.850504
v 2.705521 0.421620 11.679079
v 2.535460 0.572868 12.074073
v 2.365180 0.502013 11.784461
v 3.752413 1.225077 12.018679
v 3.385591 0.616646 11.949497
v 3.619143 0.751591 11.971390
v 3.391036 0.397182 11.646689
v 3.590876 0.344021 11.696345
v 3.789906 0.188990 11.709304
v 3.502464 0.513229 11.826444
v 5.365223 1.832985 10.522888
v 5.221014 1.836148 11.244871
v 5.010387 1.963924 11.265826
v 5.627963 1.211260 10.602362
v 5.475930 1.378085 9.663212
v 5.501161 1.587265 10.468527
v 5.132329 2.029557 10.669873
v 5.294852 1.924213 10.493598
v 5.369190 1.788337 10.165759
v 5.537895 1.443127 10.259879
v 4.820437 2.135172 10.865909
v 4.984624 2.136070 10.524938
v 4.379359 2.083464 11.091977
v 4.673270 2.052758 11.262562
v 4.645086 2.241065 10.574268
v 4.725891 2.245806 10.453323
v 5.224830 1.959729 10.148072
v 5.091926 2.089195 10.333922
v 4.995697 2.074079 9.910432
v 4.895274 2.099376 9.555741
v 5.271008 1.732041 9.743711
v 4.890543 2.182226 10.080091
v 4.760940 2.261056 10.161678
v 4.674271 2.317314 10.016646
v 4.341400 2.448195 9.831664
v 4.668520 2.292585 9.387848
v 4.676476 2.196362 7.995880
v 5.268915 1.617992 9.040079
v 5.262151 1.644129 7.937574
v 4.824833 2.081124 8.510523
v 4.204422 2.548110 8.052868
v 4.402199 2.427969 8.078846
v 4.459307 2.420500 9.268847
v 5.652896 0.427845 11.082510
v 5.503174 -0.070258 9.989828
v 5.669500 0.609561 10.411614
v 5.618945 0.949493 9.940463
v 5.687354 0.642985 11.159512
v 5.601182 0.789195 8.386238
v 5.599657 0.960350 7.937281
v 5.540083 1.118252 8.711709
v 5.600960 0.867927 8.889003
v 5.435982 1.315879 7.354163
v 5.464620 1.314767 8.725990
v 5.409143 0.012711 8.608068
v 5.359246 -0.130510 8.983298
v 5.551603 0.380347 8.905087
v 5.627352 0.586281 9.272507
v 5.401115 -0.242116 9.555732
v 5.584414 0.225428 9.503441
v 4.331545 -0.304372 11.655035
v 3.810114 -0.076078 11.455750
v 3.814188 -0.327374 11.043676
v 5.044502 -0.403878 10.826245
v 4.876727 -0.445710 11.133047
v 5.247972 -0.263736 10.838491
v 5.401024 -0.246151 10.012679
v 5.419374 -0.092161 10.766014
v 9.083001 -3.217858 9.269876
v 9.147626 -3.062825 9.347820
v 9.147929 -3.308078 9.472925
v 9.224094 -2.663485 9.236087
v 9.230733 -2.507367 9.290760
v 9.250879 -2.677004 9.309263
v 9.244792 -2.541206 9.364234
v 9.344473 -2.548918 9.446712
v 9.082552 -2.231252 9.804207
v 9.075540 -2.159384 9.745390
v 9.091478 -2.210039 9.897592
v 9.154892 -2.344070 9.555643
v 9.209326 -2.437716 9.438724
v 8.914276 -3.439587 9.164701
v 8.778305 -3.725966 9.226497
v 8.865258 -3.045956 8.887443
v 9.200361 -2.792114 9.230419
v 9.099689 -2.558443 9.130428
v 8.925226 -1.933528 9.851653
v 9.023487 -2.045307 9.778630
v 8.981004 -2.040392 9.561219
v 9.188167 -2.343568 9.406549
v 9.301225 -3.070884 9.439366
v 9.227836 -2.792150 9.291255
v 9.170961 -2.224874 9.865107
v 9.316034 -2.425067 9.566930
v 9.120978 -3.667087 9.499785
v 9.140601 -3.494278 9.442709
v 9.262884 -3.613640 9.628675
v 9.594200 -3.604650 10.106135
v 9.335091 -3.492157 9.709625
v 9.233709 -3.728316 9.676044
v 9.494574 -3.250683 9.684922
v 8.707250 -3.947014 9.401318
v 9.026955 -3.968300 9.817774
v 9.591883 -3.692544 10.250426
v 9.496706 -3.724514 10.049387
v 9.639448 -3.528257 10.012630
v 9.784078 -3.462505 10.205724
v 9.329749 -3.890213 10.350709
v 9.253709 -3.860512 10.549931
v 9.298010 -3.916260 10.185092
v 9.781250 -3.227792 10.002671
v 9.649722 -3.175166 9.801107
v 9.745798 -3.235514 10.606772
v 9.732798 -3.446663 10.436280
v 9.829555 -3.147243 10.486729
v 9.748129 -3.444630 10.287272
v 9.851960 -3.317054 10.276855
v 9.850376 -3.107584 10.406322
v 9.911833 -3.119809 10.364316
v 9.899184 -3.138159 10.208756
v 9.949403 -2.880324 10.397396
v 9.292310 -3.674798 10.778094
v 9.465036 -3.536092 10.741816
v 9.498693 -3.664137 10.573194
v 9.517082 -3.251226 10.845160
v 9.566110 -2.586645 10.845445
v 9.699687 -2.837631 10.749360
v 9.810635 -2.927097 10.599341
v 9.648937 -2.548228 10.716683
v 9.414232 -3.135299 10.975897
v 9.765486 -3.067160 10.650423
v 9.508818 -2.674523 10.923563
v 9.376028 -2.765504 11.023511
v 9.917848 -2.793216 10.477324
v 9.825765 -2.858510 10.518925
v 9.844904 -2.605769 10.482822
v 9.677318 -2.536578 10.613749
v 9.781293 -2.527442 10.547870
v 9.341674 -2.139532 10.539486
v 9.519794 -2.407322 10.770428
v 9.569838 -2.359269 10.561996
v 9.336611 -2.131393 10.405784
v 9.672601 -2.420620 10.494245
v 9.306200 -2.241773 10.014053
v 9.547904 -2.387523 10.304148
v 9.321022 -2.468324 10.979045
v 9.386529 -2.272995 10.758897
v 9.057720 -2.084492 10.748984
v 9.019698 -2.251569 10.963712
v 9.132627 -2.046611 10.071939
v 8.998343 -1.913382 10.192172
v 9.260889 -2.195882 10.180866
v 8.986450 -1.953741 10.513822
v 8.774904 -1.934031 10.660281
v 9.639252 -2.639484 9.865790
v 9.508186 -2.465096 9.894477
v 9.509916 -2.986079 9.575170
v 9.516053 -2.766917 9.574090
v 9.726460 -2.598235 10.211291
v 9.706973 -2.763535 9.881677
v 8.586807 -1.745018 9.381874
v 9.031918 -2.206815 9.270719
v 9.095620 -2.375911 9.210649
v 8.858162 -2.197086 8.846482
v 8.961151 -2.465382 8.893866
v 9.011097 -2.782487 9.009815
v 8.210971 -1.998965 10.728272
v 8.172599 -1.720111 10.394464
v 8.368453 -1.724059 10.341682
v 8.380293 -2.327525 10.976888
v 8.674155 -2.076216 10.857303
v 8.570560 -1.774701 10.265372
v 8.622099 -1.755953 9.932413
v 8.029379 -1.458549 9.794770
v 7.938708 -1.515997 9.997974
v 7.724136 -1.565121 10.025609
v 8.033179 -1.776145 10.439465
v 8.834136 -2.240279 10.983727
v 8.755531 -2.557914 11.124859
v 8.940271 -2.863432 11.167553
v 9.053140 -2.566466 11.114458
v 9.207199 -2.889986 11.109825
v 9.205633 -3.246961 11.059561
v 9.009272 -3.660861 10.893134
v 9.262498 -3.497196 10.928268
v 9.023449 -3.822296 10.737011
v 8.954932 -3.953968 10.566313
v 8.663298 -4.100257 10.317207
v 8.912531 -4.084362 10.246094
v 8.205348 -4.154020 9.657760
v 8.393216 -4.157074 9.586802
v 8.420810 -4.082847 9.319566
v 8.672184 -4.158388 10.002088
v 8.873434 -4.097423 9.960648
v 8.019841 -4.027911 8.877440
v 8.341664 -3.989271 9.026804
v 7.790026 -4.050372 8.890305
v 8.431399 -3.843238 8.896246
v 8.589159 -3.244625 8.557622
v 8.682398 -2.401012 8.472940
v 8.789087 -2.624096 8.646158
v 8.583639 -1.880762 8.686276
v 8.509950 -1.769916 8.767926
v 8.370778 -1.602813 8.919075
v 7.709505 -3.859257 8.369066
v 7.945956 -3.775298 8.323289
v 8.119718 -3.645689 8.303636
v 8.327385 -3.277043 8.209569
v 8.355062 -3.520948 8.445255
v 8.650227 -2.146981 8.489490
v 8.610858 -2.445181 8.239160
v 8.566621 -2.879228 8.322429
v 8.533228 -2.634350 8.090899
v 8.559043 -2.386494 8.121614
v 8.618013 -2.140075 8.264293
v 8.262513 -2.905756 7.864262
v 8.421175 -2.547455 7.969872
v 8.441367 -2.433571 7.845487
v 8.469532 -2.387093 8.049454
v 8.368761 -2.929421 7.984629
v 7.928988 -3.470731 7.981494
v 7.570985 -3.519634 7.887968
v 8.026769 -3.300524 7.865774
v 8.222224 -3.200448 7.997077
v 8.461365 -1.629135 8.514613
v 8.381226 -1.587501 8.661018
v 8.555008 -1.804352 8.431858
v 8.593849 -1.954022 8.496881
v 8.512971 -1.820239 8.318232
v 8.174581 -1.489471 9.699829
v 8.196238 -1.459798 9.076627
v 7.950208 -1.326556 9.162469
v 7.718230 -1.356443 9.543517
v 7.571507 -1.232834 9.042209
v 7.954718 -1.199127 8.667935
v 8.150216 -1.304537 8.574585
v 8.319654 -1.444301 8.525221
v 8.191758 -1.371377 8.404311
v 7.999714 -1.201313 8.489084
v 8.198047 -1.321785 8.271635
v 8.427174 -1.611197 8.395459
v 8.284499 -1.499792 8.356668
v 8.349740 -1.629235 8.316490
v 8.352324 -1.525499 8.195320
v 7.799916 -1.280585 9.187406
v 7.335079 -1.270221 8.827867
v 8.420860 -1.712002 8.054772
v 8.481596 -1.836030 8.128901
v 8.424607 -1.776217 8.273010
v 8.497900 -2.073884 8.167655
v 8.508936 -2.072800 8.005692
v 8.457594 -2.131109 7.870790
v 8.601998 -2.887486 11.149479
v 8.882646 -3.415868 11.039489
v 8.793588 -3.076725 11.146091
v 8.306729 -2.590588 11.047895
v 8.023307 -2.190734 10.777628
v 7.878636 -2.366967 10.769499
v 7.773853 -2.627343 10.748090
v 8.061258 -2.681870 10.951107
v 7.158465 -2.067416 9.957763
v 7.288513 -1.812126 9.933854
v 7.546165 -2.007806 10.338969
v 7.481606 -2.490435 10.464544
v 7.794459 -1.829073 10.377010
v 7.447981 -1.671745 9.961498
v 7.299663 -1.477540 9.509926
v 7.393461 -1.370916 9.356056
v 6.978835 -1.559984 9.112356
v 6.847824 -1.803379 9.300673
v 6.738610 -1.861026 9.139443
v 7.054046 -1.697177 9.514767
v 6.599902 -1.882713 8.855694
v 6.776929 -1.819907 9.019092
v 7.028149 -1.527850 8.874033
v 6.942571 -1.588986 8.753532
v 8.811899 -3.798604 10.784870
v 8.841796 -3.605996 10.939837
v 8.370013 -4.066999 10.285836
v 8.571607 -3.932148 10.598431
v 8.371172 -4.151400 10.017094
v 8.130540 -3.924410 10.345315
v 8.104150 -4.097425 9.906803
v 7.995718 -4.000517 10.042879
v 7.422019 -3.903225 9.270965
v 7.640051 -4.036887 8.957120
v 7.643579 -4.029256 9.255483
v 7.141483 -3.696110 8.378659
v 7.361569 -3.902371 8.637852
v 7.154949 -3.779508 8.773215
v 7.402439 -3.944031 8.938226
v 6.954353 -3.475986 8.211877
v 7.436844 -3.842196 8.390327
v 8.384701 -1.800926 7.751639
v 8.314620 -1.563716 7.837972
v 8.178802 -1.344985 7.925659
v 8.208387 -1.348721 8.024865
v 8.382162 -1.651183 7.909883
v 8.179440 -1.343609 8.126262
v 8.361276 -1.646772 8.003166
v 8.457514 -2.279557 7.761200
v 8.403060 -2.305562 7.638497
v 8.435889 -2.043704 7.709299
v 8.464038 -2.009451 7.825641
v 8.261418 -2.399761 7.532208
v 8.310232 -2.004192 7.612258
v 7.979636 -1.158239 8.288861
v 7.980560 -1.143709 8.074368
v 7.888819 -1.097209 8.093440
v 7.861307 -1.101780 8.384070
v 7.739984 -1.081789 8.492882
v 8.064591 -1.313151 7.801628
v 8.123385 -1.354457 7.869528
v 7.888090 -1.136243 7.944375
v 8.275372 -1.715179 7.702904
v 8.261215 -1.891761 7.484877
v 8.286777 -2.221685 7.530916
v 8.101870 -1.550194 7.567653
v 7.914110 -1.278032 7.762016
v 8.155047 -1.489641 7.663015
v 8.211967 -1.629286 7.597680
v 8.204577 -1.823372 7.448721
v 8.225699 -2.218030 7.359774
v 7.768570 -1.098665 7.971151
v 7.854155 -1.220838 7.816415
v 7.619940 -1.016325 8.124330
v 7.668054 -1.017002 7.887076
v 7.825562 -1.173230 7.722335
v 7.963615 -1.514058 7.287083
v 7.997457 -1.548920 7.380722
v 8.042296 -1.746406 7.421373
v 7.966783 -1.490086 7.581306
v 8.163284 -2.307728 7.296612
v 8.172024 -2.021608 7.349001
v 7.928307 -2.682564 7.186825
v 7.979900 -2.597595 7.191445
v 8.066235 -2.156368 7.258896
v 8.063996 -1.924971 7.331456
v 8.105529 -2.803134 7.496094
v 8.289670 -2.607826 7.573553
v 8.362188 -2.634399 7.682696
v 8.192636 -2.972894 7.651808
v 7.971878 -3.027109 7.494952
v 8.052941 -2.853143 7.412385
v 8.172564 -2.566545 7.393849
v 7.999302 -2.836623 7.316179
v 8.034225 -1.772354 7.202869
v 7.977736 -2.026992 7.047349
v 7.950563 -1.683466 7.092460
v 7.904034 -2.337708 7.013077
v 7.748566 -2.826555 7.050751
v 7.924219 -2.217970 6.898247
v 7.949339 -1.950066 6.899598
v 7.880451 -1.520101 7.031074
v 7.672315 -1.091121 7.559668
v 7.566091 -1.084193 7.065816
v 7.778862 -1.256779 7.326959
v 7.359346 -3.319984 7.474930
v 7.497351 -3.224772 7.310963
v 7.746851 -3.022023 7.235208
v 7.913670 -3.031077 7.390003
v 7.058177 -3.229232 6.946272
v 7.247610 -3.168583 6.802924
v 7.242894 -3.270958 7.299048
v 7.650883 -2.956926 7.005033
v 7.642563 -3.123982 7.256133
v 7.917636 -3.229327 7.632028
v 7.785827 -3.227777 7.532247
v 7.465081 -3.414997 7.666742
v 7.648058 -3.310278 7.551922
v 7.760462 -3.399784 7.786361
v 8.104454 -3.072552 7.634250
v 8.094170 -3.142703 7.796801
v 6.908268 -1.189762 8.205884
v 7.274317 -1.039647 8.250243
v 7.593508 -1.100796 8.604492
v 7.634655 -1.020270 8.231289
v 7.480855 -1.006315 8.207935
v 7.368100 -1.143489 8.534249
v 6.574820 -1.852867 8.627715
v 6.798604 -1.555682 8.560039
v 7.059476 -1.416994 8.708315
v 6.477972 -1.943555 8.591344
v 7.159298 -1.228253 8.461473
v 6.533670 -1.701055 8.475379
v 6.343187 -1.583152 8.224282
v 6.485875 -0.725253 7.538628
v 6.300194 -0.940150 7.665436
v 5.892401 -1.312672 7.715689
v 6.153018 -1.800352 8.205081
v 6.227527 -2.114273 8.439862
v 6.077869 -2.082812 8.214140
v 6.100443 -2.276910 8.224515
v 6.195351 -2.269055 8.385565
v 5.897938 -2.093158 7.975791
v 5.849421 -2.259437 7.878374
v 6.389617 -2.107425 8.562157
v 6.255713 -2.458950 8.356529
v 6.305583 -1.891987 8.442575
v 6.346056 -2.327113 8.513899
v 6.533209 -2.666536 8.944034
v 6.446152 -2.559951 8.867180
v 6.520172 -2.838131 8.802311
v 6.457042 -2.291523 8.903074
v 6.413272 -2.658368 8.643720
v 6.373348 -2.470699 8.703281
v 6.597555 -2.184173 9.059295
v 6.406598 -2.198296 8.769681
v 6.543396 -2.355689 8.999132
v 6.530929 -2.462489 9.171305
v 6.633837 -2.167544 9.251593
v 6.627083 -3.015027 9.013119
v 6.534845 -2.648679 9.121566
v 6.766123 -2.950866 9.319383
v 6.758343 -2.260228 9.450488
v 7.438593 -3.461610 10.017373
v 7.531288 -2.832417 10.501110
v 7.202173 -2.883627 10.072064
v 7.106480 -2.499161 10.006886
v 7.788136 -3.082273 10.676032
v 7.554996 -3.207546 10.367938
v 7.798669 -3.469488 10.473228
v 7.788308 -3.800435 10.128693
v 7.125508 -3.428692 9.514403
v 7.346156 -3.718078 9.529653
v 7.127627 -3.656765 9.177725
v 6.856131 -3.490512 8.675177
v 6.725375 -3.266634 8.841645
v 6.685131 -3.142899 8.741635
v 6.755513 -3.295930 8.359110
v 6.650432 -3.163171 8.552969
v 6.969306 -3.578475 8.453049
v 7.039826 -3.494229 8.081659
v 7.208371 -3.532483 7.984165
v 7.348855 -3.578448 7.999422
v 6.804425 -3.298847 8.081487
v 6.923345 -3.378632 7.918615
v 7.067735 -3.430098 7.824562
v 7.264225 -3.436117 7.716772
v 6.932674 -3.424469 8.122583
v 6.909377 -3.289251 7.706253
v 7.112493 -3.324695 7.559678
v 6.710433 -3.150583 7.841538
v 6.444026 -2.947810 7.565661
v 6.915529 -3.224076 7.101752
v 6.753773 -3.140478 8.270374
v 6.391014 -2.517494 8.448895
v 6.553994 -2.805170 8.330041
v 6.732112 -3.187909 8.158175
v 6.529758 -2.864949 8.231277
v 6.155192 -2.418076 8.207348
v 6.447731 -2.876476 7.847246
v 5.908907 -2.456640 7.762278
v 6.325033 -2.639074 8.145034
v 5.981762 -2.408898 7.972018
v 7.668183 -1.486013 6.515102
v 7.633672 -2.060715 6.255226
v 7.944097 -1.774409 6.941125
v 7.552030 -1.217804 6.620342
v 7.465812 -2.271247 6.014311
v 7.792995 -2.610935 6.904091
v 7.310716 -3.012855 6.583025
v 6.879045 -3.113092 6.468792
v 7.348182 -2.568003 6.078052
v 7.242554 -0.778341 6.765502
v 6.661876 -0.647133 7.471271
v 6.857766 -0.634044 7.403067
v 7.184369 -0.750545 7.346239
v 7.436629 -1.283979 6.077300
v 7.490850 -1.457255 6.043349
v 7.429610 -1.695262 5.799396
v 7.336565 -1.920239 5.614795
v 7.190074 -2.307263 5.613885
v 7.272184 -2.144289 5.599260
v 7.322956 -1.036720 6.124573
v 7.197205 -0.820805 6.284113
v 7.097929 -0.629150 6.978206
v 7.385373 -1.377492 5.780238
v 7.221854 -0.945794 5.789453
v 7.115997 -0.736358 5.913223
v 7.034654 -0.635758 6.164947
v 6.946901 -0.544366 6.492701
v 7.255263 -1.466850 5.379674
v 7.111583 -2.257016 5.332766
v 7.233683 -2.054561 5.397416
v 7.248290 -1.759406 5.343139
v 7.166994 -1.044132 5.419278
v 6.980689 -0.491200 5.691213
v 6.986708 -1.363480 4.825070
v 7.192760 -1.231817 5.331324
v 7.027155 -1.575414 4.859127
v 7.010205 -0.900661 5.128458
v 7.107586 -0.753949 5.578287
v 6.871455 -2.218159 4.857566
v 6.658616 -2.075564 4.437032
v 6.959646 -1.884311 4.792661
v 6.751795 -0.224871 5.546226
v 6.791544 -0.359783 5.327048
v 6.770711 -0.678813 4.852694
v 6.893640 -0.625759 5.160639
v 6.420716 -0.530234 4.450585
v 6.859372 -1.024175 4.729466
v 6.443363 -0.805754 4.250047
v 6.915624 -1.563444 4.658856
v 6.018263 -1.334811 3.307584
v 6.374105 -1.883170 3.911639
v 6.537083 -1.190225 4.208467
v 6.633659 -1.447734 4.286936
v 6.656677 -1.772301 4.329598
v 6.115469 -2.779723 4.624372
v 6.331712 -2.584892 4.522328
v 6.394412 -2.821211 5.239068
v 6.722179 -2.385003 4.834873
v 6.773377 -2.687865 5.518673
v 6.630935 -2.863098 5.639071
v 6.309479 -2.142613 3.949171
v 6.266295 -2.338005 4.047809
v 6.041443 -2.626162 4.168283
v 5.621185 -2.803897 4.107485
v 7.040315 -2.514834 5.632090
v 6.640830 -3.033161 6.056081
v 6.168206 -0.311249 7.139470
v 6.248935 -0.486359 7.306669
v 6.476208 -0.365032 7.150856
v 6.636809 -0.361271 7.028911
v 6.793728 -0.416330 6.883712
v 6.022448 -0.183489 7.043320
v 5.852842 0.091944 7.013490
v 6.268188 -0.196471 6.755799
v 6.244761 -0.240883 6.942638
v 6.563847 -0.288870 6.525879
v 7.013885 -3.058685 6.397820
v 6.609222 -3.099442 7.254295
v 5.912219 -2.726656 6.978317
v 6.257826 -3.004995 6.508204
v 6.829704 -3.203114 7.230155
v 6.360622 -2.930193 7.330156
v 5.666739 -2.696486 6.718205
v 6.012785 -2.951975 6.194005
v 6.047027 -2.890802 6.630019
v 6.438951 -2.950693 5.708149
v 6.334507 -2.998677 5.906393
v 5.679773 -2.811384 6.427020
v 6.220619 -2.996733 6.057819
v 5.639036 -1.984029 7.513308
v 5.770002 -2.323417 7.670337
v 5.794994 -2.443186 7.541399
v 5.597531 -2.339658 7.215116
v 5.596429 -2.204233 7.335978
v 5.746066 -2.514953 7.189366
v 5.232975 -2.258946 6.926671
v 5.586864 -2.451881 7.075792
v 4.907915 -2.409482 6.466998
v 5.342496 -2.602205 6.611852
v 4.969726 -2.639147 6.256253
v 5.579082 -1.362009 7.541664
v 5.797281 -1.173691 7.585325
v 5.652285 -1.609664 7.586455
v 5.716347 -1.390199 7.625934
v 5.836635 -1.628036 7.799357
v 4.907295 -1.679289 7.421379
v 5.106668 -1.466942 7.592673
v 5.153074 -1.805257 7.338542
v 5.383827 -2.064261 7.223392
v 5.468377 -1.924123 7.346974
v 5.360325 -1.506567 7.511839
v 5.115162 -0.953594 7.914522
v 5.221173 -1.200823 7.690182
v 5.377468 -0.883987 7.680697
v 4.451522 -1.492970 7.558052
v 4.217433 -1.047779 8.034064
v 5.045911 -2.157512 6.913674
v 4.527457 -1.111726 8.003166
v 6.201032 -0.790898 7.506528
v 5.667684 -1.112771 7.535491
v 5.328046 -0.556674 7.884556
v 5.183884 -0.732613 7.989038
v 5.604271 -0.392550 7.516563
v 5.764814 -0.536583 7.403687
v 5.815172 -0.283911 7.306481
v 5.980565 -0.356398 7.243768
v 5.730374 -0.105986 7.364087
v 4.673239 -0.953994 8.179793
v 4.941525 -0.862781 8.142822
v 5.030879 -0.702670 8.246409
v 4.869128 -1.078351 7.970019
v 0.664357 3.677310 7.747144
v -0.153510 3.508123 7.375463
v -0.629747 3.298463 6.991139
v -1.083887 3.249681 7.475297
v -1.545521 3.111387 7.428771
v -1.660251 3.183369 8.437668
v -2.105669 2.984706 7.493753
v -2.379701 2.865725 7.338489
v -2.647753 2.775097 7.832075
v -2.881042 2.522971 7.581648
v 1.341315 3.671200 8.304150
v 1.456980 3.591254 7.391937
v 1.352348 3.523912 6.594512
v 2.928730 3.234604 7.428730
v 2.564830 3.475643 8.078772
v 3.437117 2.792078 6.117496
v 3.740147 2.733726 7.379223
v 3.376794 2.919614 6.950105
v 4.087852 2.574912 7.106803
v 4.549601 2.242330 6.825661
v 4.784801 2.036451 6.635274
v 4.917648 1.990173 7.563767
v 5.133355 1.465108 5.939407
v 4.895148 1.768850 5.705942
v 5.244827 1.614914 7.331259
v 0.197296 3.516743 6.867731
v 0.799195 3.564976 6.817670
v 0.031944 3.433829 6.478381
v 0.134874 3.284904 5.672200
v -0.855561 3.164490 6.260415
v -2.099405 2.658245 5.864364
v -1.559874 2.957507 6.315132
v -2.242945 2.789516 6.623098
v -2.521613 2.616524 6.436789
v -2.608845 2.216089 5.251923
v -2.726648 2.479710 6.474940
v -2.953504 2.150817 6.072289
v 1.450602 3.162033 4.728150
v 1.863693 3.368317 6.200772
v 1.174076 3.493082 6.322589
v 2.300686 3.405879 6.943174
v 2.371638 3.291891 6.155164
v 3.076087 3.052694 6.500785
v 3.867941 2.574573 6.027552
v 4.513951 2.182185 6.004743
v 4.368729 2.205913 5.577353
v 4.984877 1.562402 5.284786
v 4.820359 1.615519 4.814493
v 4.624107 1.850799 4.985523
v 4.874349 -0.578215 8.955555
v 4.880914 -0.640143 9.802807
v 4.641953 -0.703746 9.629633
v 5.113522 -0.414226 8.915243
v 5.172840 -0.479720 9.645716
v 5.178895 -0.453559 10.046028
v 5.296281 -0.367945 8.207791
v 5.583922 -0.084346 7.672552
v 5.731265 0.166152 7.332430
v 5.639604 0.146361 7.658072
v 5.504583 0.031912 8.040535
v 5.561899 0.457553 8.405031
v 5.247918 -0.274693 8.654953
v 5.853385 0.274084 6.310123
v 5.310312 1.045920 5.150118
v 5.784776 0.362583 5.805186
v 5.605230 0.676692 6.458195
v 6.116023 0.093248 4.684942
v 5.416049 0.803852 4.623605
v 5.615836 0.615872 4.995190
v 5.320312 0.825755 4.315363
v 5.941523 0.291163 5.095221
v 5.673805 0.469998 7.575678
v 5.751093 0.323239 7.044887
v 5.678343 0.545072 6.988135
v -3.079876 1.891796 5.724644
v -2.856014 2.048906 5.383319
v -3.260854 1.186757 5.196661
v -3.226947 1.488256 5.402407
v -3.390781 1.291570 6.910588
v -0.740424 2.997390 5.185296
v -0.932770 2.886958 4.746771
v -1.439962 2.723972 4.952512
v -1.865411 2.500004 4.698195
v 0.234767 3.122369 4.561652
v -0.300881 3.022862 4.336933
v -0.825342 2.918529 4.134811
v -1.304409 2.777885 4.326541
v -1.962089 2.312469 4.005396
v -1.367626 2.720691 3.908028
v -3.085181 1.380934 4.632999
v -2.795744 1.886144 4.660707
v -3.053341 1.603566 4.821926
v -2.247022 2.245715 4.475724
v -2.181713 2.075955 3.751912
v -2.843290 1.393113 4.045341
v 3.153924 2.807995 5.178879
v 2.751365 3.130591 5.957447
v 2.520240 3.181682 5.790205
v 2.870575 2.459175 2.708109
v 2.553453 2.726353 3.425167
v 1.980141 2.989948 4.083315
v 1.621525 3.025286 3.934195
v 4.160716 1.783315 3.728205
v 3.650192 2.141671 3.511770
v 3.759669 1.757718 2.476034
v 3.525560 2.429150 4.242664
v 0.959516 3.198798 4.824026
v 1.063499 3.092587 3.946203
v -3.154249 1.804685 9.578532
v -3.094067 1.514047 9.609837
v -3.134420 1.166680 8.558058
v -3.073696 0.663237 4.519705
v -2.809158 0.136697 4.113173
v -3.236485 0.935078 5.075561
v -3.132159 1.060143 4.602753
v -2.915852 0.999811 4.010665
v 5.731071 0.317518 4.090721
v 5.912135 0.074366 4.086236
v 5.054658 0.766865 3.639254
v 5.657911 0.085539 3.664768
v 4.931332 0.660491 3.243489
v 5.864362 -1.732236 3.190586
v 5.734113 -1.356682 2.918887
v 6.003405 -0.970288 3.371927
v 5.455188 -1.706299 2.725950
v 5.714017 -0.603922 3.148124
v 5.978283 -0.330997 3.785942
v 5.378322 -0.474287 2.771071
v 4.972128 0.429125 3.032820
v 5.557611 -1.023707 2.721915
v 5.379867 -0.771605 2.599713
v 5.407554 -1.415198 2.555749
v 5.257003 -0.979106 2.417808
v 4.824347 0.140260 2.604879
v 4.872654 -2.727023 3.465585
v 5.113403 -2.538224 3.297943
v 5.880472 -2.445068 3.747588
v 5.694089 -2.651701 3.860959
v 5.863437 -2.067597 3.388365
v 4.681188 -2.522308 2.842576
v 4.564104 -2.420854 2.658057
v 5.302014 -1.865435 2.704103
v 5.289280 -2.236550 3.049670
v 4.182060 -2.415849 2.443603
v 4.526013 -2.152940 2.414672
v 3.984986 -1.974485 2.026266
v 4.676344 -2.820114 3.587530
v 4.662158 -2.894736 3.903529
v 4.277901 -2.925432 3.947969
v 3.594354 -2.878764 3.675727
v 3.904651 -2.888993 4.288877
v 3.720162 -2.855769 3.186291
v 3.034233 -2.777585 3.245437
v 3.566279 -2.788720 2.858954
v 4.076266 -2.803307 2.955189
v 3.999827 -2.735849 2.759807
v 3.908620 -2.511506 2.437183
v 4.342489 -2.706507 2.846746
v 3.456006 -2.609933 2.500164
v 2.937991 -2.719250 2.966167
v 3.201927 -2.780634 3.974557
v 3.473861 -2.749314 4.589684
v 3.156238 -2.503366 5.086671
v 1.879235 -2.249433 2.923460
v 1.300163 -1.817577 3.071746
v 2.301638 -2.442981 2.707406
v 2.732834 -2.518065 2.517974
v 2.961495 -2.256981 2.045703
v 3.411612 -2.320879 2.146432
v 2.208230 -2.462703 3.109832
v 2.841091 -1.011074 6.859581
v 2.787021 -1.316125 6.587991
v 3.008349 -1.698598 6.427041
v 3.349451 -1.381921 7.038043
v 2.980136 -0.928467 7.061685
v 2.961021 -0.701793 7.214445
v 0.166476 -1.195717 3.519813
v 0.718720 -1.260444 3.649100
v 0.480857 -1.232016 3.524415
v 0.574959 -1.149833 3.847235
v 1.061436 -1.556617 3.486759
v 0.952126 -1.324807 3.796892
v 0.743711 -0.962173 4.335180
v 0.965276 -0.922083 4.462672
v 1.069815 -1.077587 4.341040
v 1.699781 -2.007402 2.576120
v 0.730108 -1.388591 3.198461
v 0.780296 -1.418644 2.900556
v -0.028722 -1.170558 3.123965
v 0.379118 -1.246480 3.154215
v -0.170710 -1.097399 2.705806
v 0.279108 -1.154798 2.575224
v 0.707022 -1.314343 2.674522
v 1.091204 -1.526674 2.601435
v 1.665485 -1.721862 2.230404
v 1.646862 -2.110315 3.227181
v 1.491961 -1.951011 3.559315
v 2.556843 -2.125879 2.014477
v 2.206719 -2.165710 2.233566
v 3.088077 -2.120483 1.917469
v 3.585211 -1.884923 1.838554
v 3.546191 -2.089789 1.947188
v 2.680055 -2.309962 2.173444
v 1.971362 -2.107994 2.377106
v 2.460734 -0.511700 6.596382
v 2.294067 -0.282369 6.538723
v 1.902435 -0.522334 5.870393
v 2.051775 -0.130018 6.462245
v 1.982158 0.009140 6.735039
v 1.742506 -0.654685 5.543775
v 1.387575 -0.298187 5.456910
v 1.500477 -0.567423 5.278130
v 1.957808 -1.239712 5.604682
v 0.498474 0.350566 6.631564
v 0.633727 0.190661 6.162507
v 0.864195 0.313367 6.605184
v 0.980958 0.142785 6.107675
v 0.707237 -0.107236 5.643359
v 0.952899 -0.002344 5.773854
v 1.233862 -0.067833 5.730370
v 2.943636 -0.493841 7.499742
v 2.648059 -0.425089 7.061812
v 2.153645 0.037790 7.216149
v 2.239578 -0.044174 7.016520
v 2.326890 -0.170780 6.815794
v 1.269254 0.482974 8.721408
v 1.087789 0.478728 7.969121
v 1.164377 0.351606 7.180993
v 1.386502 -1.294888 4.532709
v 0.851667 -0.730640 4.751480
v 1.180863 -0.221525 5.434749
v 0.986659 -0.207613 5.424035
v 3.786918 -0.856914 8.017644
v 3.188679 -0.444589 7.979044
v 2.700813 -0.261224 7.586206
v 3.046047 -0.335707 8.107861
v 2.648107 -0.186158 7.821355
v 3.279452 -0.857355 7.412915
v 3.179990 -1.195217 7.069086
v 3.811551 -1.650870 7.009455
v 3.703171 -1.180269 7.444345
v 4.156560 -1.625599 7.197489
v 3.866495 -0.995238 7.853746
v 4.074458 -0.851843 8.344132
v 3.724283 -0.733405 8.253363
v 3.725327 -0.667295 8.535084
v 3.624425 -0.227647 10.959524
v 3.442679 0.253754 11.413827
v 3.296911 0.071407 10.870204
v 3.172081 0.205474 11.005964
v 3.439023 -0.416828 10.222360
v 4.033845 -0.668686 10.318911
v 3.996552 -0.522207 10.787046
v 2.409313 0.359912 11.020202
v 1.896698 0.507880 11.243173
v 2.773907 0.221148 10.424712
v 3.138338 0.295686 11.284542
v 0.252281 0.821257 10.574495
v 0.212950 0.880757 10.911357
v 0.890299 0.764638 10.701209
v 4.167566 -0.750741 9.668736
v 3.531652 -0.613028 9.527084
v 3.861111 -0.713258 9.773161
v 4.208703 -0.736317 10.020753
v 3.695758 -0.587661 10.205267
v 4.536981 -0.692618 9.124034
v 4.489177 -0.717471 10.062421
v 2.613996 0.183975 9.742872
v 2.712817 -0.032448 9.320310
v 2.177481 0.311323 9.378337
v 1.827324 0.411472 9.447197
v 1.663204 0.460327 9.928287
v 1.245594 0.604154 9.696087
v -2.426855 0.780772 9.271859
v -2.089581 0.752237 9.356456
v -1.632639 0.788843 9.413285
v -1.136826 0.816810 9.205675
v 3.740685 -0.631717 8.851280
v 4.077675 -0.703321 9.087414
v 4.125421 -0.730648 8.813849
v 4.503732 -0.716674 8.831815
v 2.858750 -0.212804 8.993952
v 3.092959 -0.355239 8.852401
v 3.439523 -0.496826 8.723900
v 1.773594 0.224328 7.949760
v 2.549353 -0.142686 8.331688
v 2.210676 0.083777 8.609986
v 1.856729 0.267948 8.646683
v -0.908262 0.683692 8.504827
v -0.545868 0.584392 7.786070
v 0.095217 0.630812 7.825447
v -0.492516 0.370660 7.261525
v -1.331431 0.335105 7.712878
v -1.059256 0.015305 7.022214
v -1.443823 -0.054619 7.068821
v 0.278606 0.272512 6.465068
v 0.466681 0.605553 7.832729
v -1.769772 0.241431 7.689821
v -1.759362 -0.213668 6.768388
v -2.246253 0.389914 7.982621
v -2.144292 -0.195110 6.720720
v -1.551932 0.507542 8.267502
v -1.949254 0.455664 8.259398
v -2.641813 0.611997 8.370265
v -2.590131 0.333695 7.609615
v -2.421792 -0.147609 6.625087
v -2.916820 0.332551 7.049694
v -2.648459 0.859086 9.264059
v -2.984137 0.968934 8.641202
v -3.308618 0.950051 7.343426
v -3.164738 0.661764 7.228847
v -2.889041 0.791766 8.423525
v -3.261160 1.941413 7.411161
v -3.350594 1.631009 7.176315
v -3.270487 1.985283 8.266634
v -3.388299 1.357953 7.429267
v -3.369373 1.020112 6.747541
v -3.367344 1.084988 7.259961
v 4.345731 -0.915181 8.294808
v -1.002439 -0.650039 5.656832
v -1.692420 -0.644025 5.671953
v -0.836134 -0.377047 6.120485
v -0.411123 -0.258855 6.057570
v 0.068490 0.167166 6.350933
v -2.691716 0.015267 6.673424
v -3.015133 0.246410 6.366213
v -2.499891 -0.271382 6.165853
v -2.807876 -0.070101 6.083004
v 0.176685 -0.586824 5.255498
v -1.145079 -0.873985 5.055136
v -1.605148 -0.896094 4.815447
v -1.982847 -0.807504 4.847903
v -0.623434 -1.085433 4.200989
v -0.174084 -0.818489 4.937797
v 0.063748 -1.040870 4.302601
v -2.866761 -0.075600 5.022744
v -2.629306 -0.411958 4.981713
v -2.367681 -0.635248 4.714671
v -2.234248 -0.698000 4.904531
v -2.102446 -0.642585 5.441247
v -2.506639 -0.447848 5.458980
v -2.915233 0.001806 5.742931
v -1.879290 -0.892509 4.115426
v -1.339653 -1.046684 4.170693
v -1.427446 -1.069750 3.548118
v -1.756192 -0.907988 3.398087
v -1.014954 -1.153300 3.441828
v -0.744179 -1.156691 3.751942
v -2.265241 -0.662164 4.150091
v -2.802386 -0.088605 4.530559
v -2.604785 -0.359210 4.347993
v -2.620057 -0.089878 3.837514
v -2.295807 -0.539097 3.794338
v 3.988287 -1.739350 1.910290
v 4.836782 -1.272828 2.167268
v 4.662863 -0.708817 2.059800
v 5.060589 -1.118385 2.262265
v 4.419281 -1.826721 2.161207
v 5.051679 -1.571429 2.368905
v -1.068820 -1.104655 3.074733
v -1.452294 -1.025875 3.120962
v -1.285587 -0.942066 2.725247
v -1.564811 -0.809080 2.686193
v -1.787367 -0.748161 2.889256
v -2.593159 0.288091 3.305279
v -2.267272 -0.302751 3.178202
v -2.370480 -0.020244 3.045861
v -1.849574 -0.618039 2.705891
v -2.630064 1.180798 3.263044
v -2.653075 0.866180 3.190315
v -2.491969 0.457085 2.921963
v -2.730263 0.577999 3.484674
v 1.826243 -1.577915 1.800829
v 2.556047 -1.584216 1.433505
v 2.748000 -1.635149 1.585358
v 2.363879 -1.715101 1.736462
v 2.927803 -1.754173 1.724681
v 3.379817 -1.375581 1.544447
v 3.612535 -1.491789 1.729811
v 3.251800 -1.682523 1.719416
v 2.708912 -1.842957 1.795429
v 2.303818 -1.848516 1.925213
v 0.234524 -0.821288 1.859059
v 0.403976 -0.753420 1.523400
v 0.536565 -0.923406 1.893154
v 0.741471 -1.230537 2.205021
v 0.299812 -1.073020 2.277675
v -0.180945 -0.954194 2.281953
v 1.451871 -1.195606 1.557338
v 1.437209 -1.518229 2.026392
v 3.924814 -0.947507 1.569403
v 4.053727 -0.599993 1.440659
v 4.107128 -0.936624 1.729039
v 4.402696 -0.518562 1.832832
v 4.497299 -0.820274 1.967849
v 3.983696 -1.336776 1.829289
v -2.125817 1.490283 2.238437
v -2.125730 1.161954 1.898201
v -2.225148 1.113329 2.348674
v -2.235900 0.784047 2.299501
v -2.126236 0.563436 2.077277
v -2.246142 1.439038 2.683962
v -2.568177 1.561052 3.549213
v -2.204342 1.968978 3.499788
v -1.546881 2.617843 3.286932
v -1.818399 2.347875 3.093476
v -2.209080 1.729520 3.011244
v -1.421753 2.706832 3.476591
v -0.772196 2.989670 3.369919
v -0.362592 3.036648 3.600668
v -0.371776 3.079855 3.150289
v -1.067709 2.916567 3.232528
v -1.342544 2.785898 3.144670
v 0.229024 3.060138 3.723952
v 0.962422 3.029605 3.111872
v 1.247659 2.983377 2.531483
v 0.126824 3.069001 3.048419
v 2.486326 2.632399 2.593734
v 2.145395 2.881999 3.636474
v 2.104734 2.783258 2.615124
v 1.604687 2.921204 2.692679
v 3.219808 2.296249 2.927341
v 3.273005 2.066520 1.829726
v 3.634156 1.997115 2.926540
v 4.422066 0.804528 2.410590
v 4.255539 1.182808 2.516844
v 4.371457 1.308619 3.027454
v 3.898635 1.468910 2.038778
v 4.465168 0.095552 1.977980
v 4.660199 -0.128224 2.212043
v 4.556776 0.444139 2.377208
v 4.779781 -0.422042 2.206910
v 4.136991 -0.192766 1.379034
v 4.354304 -0.190540 1.730489
v 4.142920 0.468266 1.418113
v 4.205851 0.732920 1.740412
v 4.526922 -0.267134 1.969946
v 2.397794 2.607915 1.710049
v 2.845787 2.348465 1.592990
v 2.861544 2.280868 0.698151
v 3.581548 1.753550 1.690765
v 1.992644 2.788328 1.777710
v 1.468986 2.972807 1.619089
v 0.527117 3.063650 2.019653
v -0.133942 3.134279 2.643611
v 1.060515 3.047092 1.642985
v 0.003151 3.351718 0.903668
v -0.634230 3.296779 1.833311
v -1.049637 3.220388 1.852138
v -0.865308 3.210578 2.276351
v -1.513231 2.834531 1.666034
v -1.599486 2.738525 2.093760
v -1.230328 3.078854 2.339208
v -1.433829 2.919054 2.346093
v -1.628681 2.548977 2.878128
v -1.661749 2.429350 1.241724
v -1.800231 2.254797 2.548036
v -2.057886 1.682611 2.283543
v -2.000767 -0.306895 2.551581
v -1.903633 -0.032608 2.113769
v -1.408023 -0.404768 1.870092
v -1.948157 0.288546 1.880268
v -1.587205 -0.197873 1.858584
v -2.241346 1.093689 0.138737
v -2.092452 0.801878 1.721955
v -2.124213 0.619046 0.142622
v -2.022561 0.524432 1.301900
v -2.179032 1.534491 0.142376
v -2.122639 1.245109 1.536610
v -2.024987 1.708103 1.401221
v -1.857449 2.075629 0.618725
v -1.526649 2.450856 0.151296
v -1.266032 2.804636 0.052345
v -1.694805 0.121232 1.325834
v -1.804014 0.242381 0.053329
v -1.515114 -0.200725 0.141135
v -1.427887 -0.255216 1.333888
v -1.396394 -0.330856 1.649193
v -1.975903 0.414250 1.730207
v -0.561051 -0.669739 1.408088
v -0.895596 -0.593423 1.519537
v -0.642982 -0.654916 0.139475
v -0.499417 -0.728930 1.858137
v -1.206409 -0.456480 0.141302
v -1.218704 -0.427728 1.314519
v -1.148422 -0.589964 1.921339
v -0.879881 -0.698243 1.966447
v 1.420434 -1.238958 0.142799
v 1.436545 -1.150922 1.140980
v 0.516755 -0.784035 1.131842
v 1.899741 -1.517863 0.148673
v 1.972752 -1.513864 1.358209
v 0.328962 -0.787036 0.149753
v 3.300065 -1.284030 0.133532
v 3.244247 -1.301316 1.193016
v 3.351213 -1.301862 1.434035
v 2.254117 -1.565135 0.141437
v 2.490385 -1.542757 1.170850
v 2.192049 -1.567205 1.328305
v 4.001131 -0.569507 1.121863
v 3.859674 -0.831016 1.162178
v 3.914740 -0.756533 0.145360
v 3.831882 -0.930519 1.419438
v 3.583722 -1.103479 1.195053
v 3.550478 -1.141806 0.139849
v 4.091655 0.031341 1.194651
v 4.065106 0.276327 1.026431
v 4.009272 0.488970 0.142212
v 3.985071 0.777864 0.937563
v 3.884928 0.941730 0.142654
v 4.029191 1.088644 1.598412
v 4.024963 1.234192 1.911276
v 3.850886 1.110301 0.790131
v 3.677937 1.414800 0.693092
v 3.615237 1.458472 0.136997
v 3.508613 1.657058 0.727403
v 2.406015 2.589100 0.862605
v 3.074211 2.086100 0.139509
v 3.250728 1.948878 0.733523
v 1.672524 2.954464 0.338742
v 1.936437 2.867607 0.159501
v 0.884483 3.180126 0.192144
v 2.176247 2.764697 0.143773
v -1.065349 3.081588 0.136126
v -1.345575 3.051739 1.768147
v -0.962805 3.223016 0.854399
v -0.745642 3.346474 0.044712
v -0.719180 3.327008 0.848828
v -0.475936 3.458999 0.126788
v -0.333090 3.380881 0.817961
v -0.127158 3.450124 0.126420
v 0.739072 3.187566 0.669394
v 5.527267 -1.645266 7.473347
v 5.550424 -1.122562 7.544979
v -3.263223 0.715504 6.043125
v -2.991311 0.228389 4.819329
v -3.161572 0.651220 5.027486
v -0.901683 -0.985669 2.631975
v -2.714548 2.289285 16.786154
v -2.613761 2.394626 16.875599
v -1.878762 1.317184 11.916747
v 5.177897 -0.349555 14.849664
v 5.462279 -0.404885 14.786698
v 5.104135 -0.401008 14.698984
v 9.840369 -2.932218 10.079980
v 9.777857 -3.033665 9.942987
v 4.674498 -0.710134 8.689439
v 4.936660 -0.558977 8.751878
v 4.869405 -0.697980 8.474211
v 4.615390 -0.825328 8.447573
v 5.087612 -0.501919 8.514102
v 5.437734 -1.039968 7.606452
v 5.698674 -0.768487 7.470218
v 6.011299 -0.643911 7.388911
v 6.000580 -0.513151 7.330193
v -3.292943 0.767842 6.722128
v -3.096580 0.324931 5.959622
v 2.959234 -1.995552 6.000371
v 2.267655 -1.043150 6.176147
v 2.379022 -1.444839 6.036932
v 2.390248 -1.818594 5.581558
v 3.459993 -2.376865 5.786325
v 3.880559 -2.639025 5.402213
v 4.323730 -2.560853 5.880133
v 3.566838 -2.267832 6.084154
v 4.188025 -2.253518 6.388816
v 3.364435 -1.982021 6.372548
v 5.577088 -2.971795 5.257786
v 5.286356 -2.938245 4.442310
v 4.676239 -2.834916 5.313530
v 4.645818 1.241505 3.639516
v 5.227061 -2.901725 5.755875
v 5.100263 -2.942232 5.126319
v 5.053850 -2.768944 6.072384
v 5.896427 -2.910981 4.896588
v 5.810248 -2.962547 5.206209
v 4.611650 -2.518918 6.211801
v 3.687369 -2.030684 6.473404
v 4.506257 -0.556467 10.972011
v 4.382336 -0.431653 11.382524
v -0.959181 1.070841 10.576548
v -0.687110 1.096326 10.681574
v -0.773020 1.050282 10.265038
v -0.533695 0.786458 9.189325
v 0.668842 0.646132 9.086761
v -0.450861 0.713287 8.708428
v 0.697722 0.912230 11.394927
v 1.125959 0.803944 11.141758
v 1.769623 0.489944 10.875917
v 1.319215 0.656641 10.605874
v 2.110292 0.362392 10.524055
v 2.948855 0.138079 10.336235
v 2.898197 0.018201 9.912101
v 3.127585 -0.227414 9.962262
v 3.219890 -0.377700 9.788789
v 3.376778 -0.504356 9.791779
v 0.016522 0.792873 9.834288
v 0.912617 0.727574 9.907273
v 6.224204 0.046814 4.961943
v 6.205095 0.105614 5.232069
v 6.459398 -0.020086 5.586719
v 6.366174 -0.179990 4.794785
v 6.661247 -0.150556 5.621798
v 6.046718 0.099104 6.190639
v 6.214843 0.011640 6.085903
v 6.005541 -0.064795 6.880236
v 6.046252 0.143941 5.662853
v -1.567418 1.271869 11.408046
v 1.154307 0.894142 11.471082
v 1.368739 0.838417 11.511342
v 1.184263 1.023296 11.757180
v 1.661771 0.655604 11.479980
v 1.370570 0.734773 11.175232
v 0.648021 -0.731930 -0.000259
v -2.129608 0.899243 -0.000003
v 1.534587 2.848699 0.041193
v 1.363769 2.699599 0.001477
v -2.214441 1.128064 0.035131
v -2.107323 0.655215 0.035283
v -2.057431 1.808388 0.032955
v -2.034357 1.874864 0.123549
v -1.503698 2.401561 0.036026
v -1.395518 -0.301028 0.034821
v -0.683192 -0.615104 0.035773
v 0.335036 -0.756990 0.035780
v 1.347840 -1.184439 0.036900
v 1.945564 -1.508262 0.035384
v 2.432197 -1.494264 0.036548
v 3.303478 -1.252322 0.035045
v 3.950747 -0.550753 0.035384
v 3.706831 -0.963720 0.035226
v 4.040829 -0.079990 0.140291
v 3.995190 0.299554 0.035021
v 3.871413 0.872185 0.035106
v 3.560095 1.470039 0.035050
v 2.999504 2.103332 0.035516
v 1.513560 2.955152 0.129434
v 2.063066 2.801259 0.041117
v -0.323129 3.464141 0.031948
v 0.600858 3.224812 0.038077
v 3.853909 -0.477459 -0.000049
v 3.853789 0.628968 -0.000074
v 3.150204 1.841073 0.000027
v -1.884153 1.830404 0.000185
v -0.839553 3.131290 -0.000130
v -1.154533 -0.380438 -0.000460
v 2.117524 -1.449119 0.000201
v 3.450181 -1.084133 -0.000322
v 1.954733 2.744892 0.005781
v -0.278977 3.361430 -0.000124
v 0.768584 3.077074 0.005196
vn -0.4585 -0.8640 0.2080
vn -0.2078 -0.9167 0.3412
vn -0.4689 -0.8019 0.3702
vn -0.4449 -0.7016 0.5566
vn -0.1317 -0.8534 0.5044
vn -0.0742 -0.7412 0.6671
vn 0.0770 -0.9307 0.3576
vn 0.1981 -0.8252 0.5290
vn 0.4081 -0.8469 0.3408
vn -0.2786 -0.2279 0.9330
vn -0.5527 -0.1980 0.8095
vn -0.4125 -0.3362 0.8466
vn -0.5061 -0.4501 0.7357
vn -0.2102 -0.4202 0.8828
vn -0.3452 -0.4936 0.7982
vn -0.1918 -0.6194 0.7612
vn 0.4967 0.8518 0.1668
vn 0.5970 0.7973 0.0884
vn 0.6946 0.7113 0.1073
vn 0.7533 0.6436 0.1355
vn -0.0731 0.8781 0.4728
vn 0.2165 0.8731 0.4369
vn 0.0229 0.8036 0.5948
vn -0.2671 0.7585 0.5945
vn -0.1659 0.6887 0.7058
vn 0.1642 0.9482 0.2719
vn 0.4155 0.9092 0.0281
vn 0.6434 0.7642 -0.0448
vn 0.4831 0.8637 0.1439
vn 0.3610 0.8914 0.2741
vn -0.5559 -0.7696 0.3141
vn -0.5055 -0.7912 0.3440
vn -0.5982 -0.6713 0.4376
vn -0.5423 -0.8256 0.1559
vn -0.4289 -0.8740 0.2284
vn -0.6593 -0.6488 0.3799
vn -0.7587 -0.4692 0.4518
vn -0.7489 -0.5284 0.4001
vn 0.3272 0.8539 0.4046
vn 0.5962 0.7575 0.2660
vn 0.3736 0.8867 0.2723
vn 0.7937 0.5901 0.1477
vn 0.9012 0.4237 0.0916
vn 0.7423 0.6583 0.1250
vn 0.5442 0.8083 0.2244
vn 0.9977 0.0425 0.0521
vn 0.9724 -0.2259 0.0580
vn 0.9854 0.1622 0.0511
vn 0.8799 0.4315 0.1988
vn 0.5794 0.6692 0.4652
vn 0.3844 0.7217 0.5757
vn 0.9229 -0.2117 0.3216
vn 0.8715 -0.4255 0.2436
vn 0.8062 -0.5823 -0.1044
vn 0.8758 -0.4787 0.0621
vn 0.7263 -0.6873 0.0024
vn 0.9378 -0.3371 -0.0828
vn 0.6777 -0.7116 0.1854
vn 0.8720 0.4778 0.1061
vn 0.8593 0.4868 0.1570
vn 0.6221 0.7285 0.2869
vn 0.4142 0.8352 0.3618
vn 0.9964 -0.0747 -0.0412
vn 0.8740 -0.4523 -0.1776
vn 0.9794 -0.1907 -0.0668
vn 0.9728 0.2239 0.0592
vn -0.0081 0.9615 0.2745
vn -0.2034 0.9343 0.2928
vn 0.0003 0.9571 0.2896
vn -0.2623 0.9441 0.1999
vn -0.0786 0.9301 0.3587
vn -0.3155 0.8963 0.3116
vn 0.1783 0.9048 0.3868
vn 0.3300 0.9092 0.2538
vn -0.0143 0.9653 0.2607
vn -0.1370 0.9460 0.2939
vn 0.2219 0.8167 0.5327
vn 0.1959 0.9063 0.3745
vn -0.4739 0.8417 0.2587
vn -0.3762 0.8816 0.2849
vn -0.6612 0.6916 0.2907
vn -0.7755 0.6019 0.1905
vn -0.9337 0.3382 0.1175
vn -0.8488 0.4879 0.2040
vn -0.3547 0.8442 0.4020
vn -0.0528 0.9119 0.4069
vn -0.5816 0.6842 0.4401
vn -0.8070 0.4138 0.4214
vn -0.6527 0.4584 0.6032
vn -0.7743 0.2694 0.5726
vn -0.9359 0.2415 0.2563
vn -0.9251 0.0363 0.3779
vn -0.5521 0.8060 0.2135
vn -0.7983 0.5780 0.1690
vn -0.0643 0.9799 0.1890
vn 0.2682 0.8328 0.4843
vn 0.2871 0.8451 0.4510
vn 0.4023 0.7880 0.4661
vn 0.5587 0.7069 0.4337
vn 0.7532 0.5620 0.3419
vn 0.8552 0.4364 0.2796
vn 0.8219 0.4183 0.3866
vn 0.9660 0.1391 0.2180
vn 0.5414 0.7612 0.3571
vn 0.7321 0.6707 0.1192
vn 0.5680 0.8177 0.0936
vn 0.3419 0.9359 0.0848
vn 0.1517 0.9554 0.2534
vn 0.0470 0.9982 0.0373
vn -0.0539 0.9227 0.3817
vn -0.2785 0.8534 0.4406
vn -0.5817 0.5971 0.5524
vn -0.0674 0.8751 0.4792
vn -0.0660 0.9472 0.3138
vn 0.4800 0.8256 0.2967
vn 0.6556 0.7107 0.2549
vn 0.7353 0.5904 0.3328
vn 0.9259 0.3022 0.2267
vn 0.2737 0.8966 0.3481
vn 0.0557 0.9259 0.3736
vn 0.6131 0.6714 0.4163
vn 0.3397 0.7432 0.5764
vn 0.1109 0.8585 0.5007
vn 0.7392 0.4435 0.5068
vn -0.4368 0.5462 0.7147
vn -0.3272 0.7343 0.5947
vn -0.3028 0.3724 0.8773
vn -0.1490 0.6399 0.7539
vn -0.4390 0.4412 0.7827
vn -0.6108 0.2111 0.7631
vn 0.8807 0.0301 0.4728
vn 0.8827 0.1063 0.4578
vn 0.6850 -0.0802 0.7241
vn 0.7760 0.1129 0.6205
vn 0.8795 0.0677 0.4711
vn 0.7921 -0.2750 0.5449
vn 0.6053 -0.2717 0.7482
vn 0.6067 -0.0500 0.7933
vn 0.3859 -0.2231 0.8952
vn 0.4260 -0.0837 0.9008
vn 0.5434 0.5067 0.6693
vn 0.2428 -0.0674 0.9677
vn 0.1187 -0.2449 0.9623
vn 0.2226 0.0275 0.9745
vn -0.1057 -0.0434 0.9934
vn 0.0279 0.1583 0.9870
vn 0.0803 -0.3028 0.9497
vn -0.1360 -0.1298 0.9822
vn -0.2324 -0.3660 0.9011
vn 0.3084 -0.3396 0.8886
vn 0.3819 -0.5480 0.7442
vn 0.6253 -0.4891 0.6081
vn -0.2810 0.2217 0.9337
vn -0.1700 0.1271 0.9772
vn 0.0953 0.4080 0.9080
vn -0.8016 0.0312 0.5970
vn -0.6192 -0.0195 0.7850
vn -0.6740 -0.2320 0.7014
vn -0.4418 -0.1932 0.8761
vn -0.4749 -0.4538 0.7540
vn -0.2768 -0.5801 0.7661
vn -0.3691 0.0447 0.9283
vn 0.1555 -0.8074 0.5692
vn 0.1800 -0.6322 0.7536
vn -0.0477 -0.7475 0.6626
vn -0.0638 -0.5552 0.8293
vn 0.7258 -0.5604 0.3990
vn 0.5236 -0.7780 0.3472
vn 0.4367 -0.7066 0.5569
vn 0.5159 0.7668 0.3819
vn 0.2466 0.8539 0.4584
vn 0.6609 0.7345 0.1538
vn 0.8557 0.4892 0.1686
vn 0.6068 0.5923 0.5301
vn 0.7280 0.6291 0.2725
vn 0.9365 0.3145 0.1549
vn 0.8671 0.4606 0.1897
vn 0.2682 0.7745 0.5729
vn 0.5299 0.7776 0.3386
vn 0.3394 0.8762 0.3422
vn -0.2832 0.8745 0.3937
vn -0.0305 0.8379 0.5450
vn -0.1475 0.9348 0.3230
vn -0.2933 0.8913 0.3456
vn -0.0858 0.9139 0.3968
vn 0.0849 0.9323 0.3515
vn 0.9884 0.1411 0.0567
vn 0.9977 0.0607 0.0296
vn -0.5491 0.8009 0.2389
vn 0.2353 0.9029 0.3598
vn -0.0437 0.9292 0.3669
vn -0.2826 0.8999 0.3320
vn -0.4958 0.8331 0.2452
vn -0.7132 0.6712 0.2019
vn -0.6813 0.7001 0.2135
vn -0.4974 0.8087 0.3140
vn 0.9608 0.2606 0.0947
vn 0.8321 0.5441 0.1077
vn 0.5535 0.7750 0.3050
vn 0.9534 -0.2815 -0.1086
vn 0.9992 -0.0339 -0.0231
vn 0.7850 -0.5792 -0.2197
vn 0.8882 -0.4270 -0.1697
vn -0.8768 0.4527 0.1622
vn -0.9338 0.3283 0.1426
vn -0.9900 0.1150 0.0821
vn -0.9878 0.1315 0.0832
vn -0.9949 0.1006 0.0088
vn -0.9928 0.0103 -0.1194
vn -0.9611 0.2718 0.0498
vn -0.9871 -0.1562 -0.0363
vn -0.9524 -0.2658 -0.1490
vn -0.9977 -0.0018 -0.0673
vn -0.9685 -0.1872 -0.1642
vn -0.9819 0.1614 0.0989
vn -0.9802 -0.1946 -0.0369
vn -0.9924 -0.0389 0.1169
vn -0.9245 -0.3795 -0.0368
vn -0.9601 -0.2423 0.1397
vn -0.8858 -0.4150 0.2079
vn -0.9078 -0.1966 0.3706
vn -0.7885 -0.2859 0.5446
vn -0.6139 -0.5508 0.5654
vn -0.7567 -0.5061 0.4138
vn 0.0537 -0.9230 0.3811
vn -0.1846 -0.8810 0.4356
vn -0.3421 -0.7335 0.5874
vn -0.5561 -0.7505 0.3570
vn -0.3502 -0.8907 0.2897
vn 0.0249 -0.9936 0.1105
vn -0.1144 -0.9669 0.2283
vn 0.4577 -0.8871 0.0595
vn 0.2758 -0.9368 0.2151
vn 0.2995 -0.8583 0.4168
vn 0.2254 -0.9742 -0.0104
vn 0.0701 -0.9915 -0.1100
vn 0.1580 -0.9480 -0.2763
vn 0.3416 -0.9270 -0.1549
vn 0.5080 -0.8256 -0.2455
vn 0.5920 -0.7945 -0.1356
vn 0.4245 -0.8087 -0.4072
vn 0.7294 -0.6471 -0.2220
vn 0.1078 -0.8453 -0.5233
vn 0.2471 -0.7988 -0.5486
vn 0.6474 -0.6850 -0.3340
vn 0.4639 -0.8012 -0.3779
vn 0.6583 -0.6844 -0.3134
vn 0.8411 -0.5022 -0.2008
vn 0.5056 -0.8280 -0.2423
vn 0.6764 -0.6980 -0.2349
vn 0.6870 -0.7073 -0.1666
vn 0.5171 -0.8326 -0.1986
vn 0.1971 -0.9230 -0.3306
vn 0.3463 -0.9044 -0.2493
vn -0.7441 -0.6583 0.1141
vn -0.5274 -0.8324 0.1702
vn -0.3105 -0.9484 0.0650
vn -0.1464 -0.9892 0.0091
vn -0.5303 -0.8477 -0.0085
vn -0.6758 -0.7305 -0.0985
vn -0.4836 -0.8603 -0.1611
vn -0.8331 -0.5472 -0.0804
vn -0.8108 -0.5726 -0.1214
vn -0.8934 -0.3895 -0.2238
vn -0.7297 -0.6441 -0.2297
vn -0.7317 -0.5256 -0.4339
vn -0.8066 -0.5156 -0.2891
vn -0.5390 -0.7290 -0.4219
vn -0.6451 -0.7599 -0.0798
vn -0.7771 -0.6283 -0.0351
vn -0.8384 -0.5449 0.0086
vn -0.6044 -0.7936 -0.0695
vn -0.9830 -0.1763 0.0517
vn -0.9165 -0.3984 0.0359
vn -0.9646 -0.2629 0.0218
vn -0.9984 -0.0563 -0.0041
vn -0.9530 -0.2972 -0.0592
vn -0.8220 -0.5583 -0.1127
vn -0.1142 -0.9825 -0.1472
vn -0.2120 -0.9126 -0.3496
vn -0.5262 -0.8050 -0.2739
vn -0.4250 -0.6866 -0.5898
vn 0.0290 -0.8213 -0.5698
vn -0.1393 -0.7417 -0.6561
vn -0.2659 -0.8325 -0.4860
vn -0.0162 -0.9816 -0.1901
vn -0.1285 -0.9630 -0.2368
vn -0.2209 -0.9587 -0.1789
vn -0.3842 -0.9130 -0.1368
vn -0.4349 -0.8916 -0.1259
vn -0.4995 -0.8168 -0.2886
vn 0.0445 -0.9658 -0.2553
vn 0.0963 0.9781 0.1846
vn 0.3439 0.9339 0.0981
vn 0.7137 0.6893 0.1250
vn 0.9190 0.3913 0.0478
vn 0.5144 0.8027 0.3018
vn 0.2060 0.8954 0.3948
vn 0.0007 0.6875 0.7262
vn -0.0567 0.8871 0.4581
vn 0.4937 0.8684 0.0461
vn 0.7223 0.6576 0.2142
vn 0.8219 0.4706 0.3209
vn 0.6317 0.6168 0.4696
vn 0.3440 0.5747 0.7426
vn 0.3516 0.8895 0.2919
vn 0.3066 0.9019 0.3042
vn 0.5354 0.8445 -0.0131
vn 0.6221 0.6928 0.3648
vn 0.4202 0.8481 0.3226
vn 0.6350 0.7447 0.2054
vn 0.0650 0.9079 0.4141
vn -0.0282 0.9477 0.3180
vn 0.7532 0.5346 0.3833
vn 0.7157 0.6592 -0.2308
vn 0.7151 0.6960 -0.0656
vn 0.9039 0.4278 0.0062
vn 0.8505 0.5241 0.0440
vn 0.8537 0.5155 -0.0734
vn -0.0994 0.9427 0.3185
vn 0.2113 0.9634 0.1647
vn -0.1216 0.9620 -0.2443
vn 0.1360 0.9015 -0.4109
vn 0.0505 0.9895 -0.1354
vn -0.1436 0.9896 0.0121
vn 0.1459 0.9729 -0.1793
vn -0.1819 0.9789 0.0930
vn 0.0822 0.9943 0.0673
vn 0.4581 0.8704 -0.1805
vn 0.7187 0.6665 -0.1982
vn 0.8529 0.5221 -0.0018
vn 0.8616 0.5047 0.0533
vn 0.8796 0.4527 -0.1463
vn 0.6804 0.6971 -0.2262
vn 0.3480 0.8026 -0.4845
vn 0.3096 0.9273 -0.2103
vn 0.1340 0.9907 -0.0253
vn 0.0528 0.9797 0.1936
vn 0.2484 0.9607 0.1235
vn -0.0688 0.9976 0.0113
vn 0.6377 0.7651 -0.0892
vn 0.5030 0.8553 0.1242
vn 0.6925 0.7130 0.1097
vn -0.0980 0.9908 0.0929
vn 0.1420 0.9878 0.0643
vn 0.7808 0.6181 -0.0914
vn 0.7399 0.6724 0.0187
vn 0.5661 0.8210 -0.0737
vn -0.3094 0.9449 0.1070
vn -0.0729 0.9771 0.1999
vn -0.2383 0.9491 0.2062
vn -0.4232 0.8896 0.1715
vn 0.3674 0.9243 0.1035
vn 0.1258 0.9740 0.1885
vn 0.5652 0.8037 0.1859
vn 0.7691 0.6167 0.1680
vn 0.8526 0.5224 -0.0093
vn 0.8780 0.4703 0.0893
vn -0.3398 0.9380 -0.0687
vn -0.1268 0.9697 0.2088
vn -0.4194 0.8922 0.1679
vn -0.6828 0.7195 0.1270
vn -0.3676 0.9287 0.0492
vn -0.4699 0.8661 0.1707
vn -0.2900 0.9562 0.0406
vn -0.5147 0.8454 0.1425
vn -0.6105 0.7306 0.3059
vn -0.7550 0.6207 0.2114
vn -0.3818 0.9133 0.1422
vn -0.5429 0.7869 0.2934
vn -0.2792 0.8125 0.5118
vn -0.4455 0.7892 0.4228
vn -0.1524 0.9453 0.2883
vn -0.4082 0.8817 0.2368
vn -0.2190 0.8619 0.4574
vn 0.9842 0.1536 -0.0878
vn 0.9307 0.3584 -0.0729
vn 0.9725 0.2286 -0.0447
vn 0.9179 0.3919 0.0620
vn 0.7999 0.5924 0.0962
vn 0.9918 -0.0494 -0.1180
vn 0.9775 0.2052 -0.0496
vn 0.9346 0.3516 -0.0532
vn 0.9729 0.2303 0.0181
vn 0.9811 0.1926 0.0200
vn 0.9897 0.0361 -0.1387
vn 0.9861 -0.1521 -0.0675
vn 0.8822 0.4550 0.1209
vn 0.9838 0.1789 0.0113
vn -0.5292 0.8407 0.1150
vn -0.7071 0.6975 0.1161
vn -0.8223 0.5510 0.1419
vn -0.8621 0.4910 0.1254
vn -0.9308 0.3297 0.1577
vn -0.8230 0.5231 0.2216
vn -0.6568 0.6986 0.2837
vn -0.6196 0.7656 0.1728
vn -0.7494 0.6444 0.1521
vn -0.8501 0.5070 0.1422
vn 0.9250 -0.3697 -0.0875
vn 0.7906 -0.6024 -0.1098
vn 0.7973 -0.5993 -0.0717
vn 0.9351 -0.3362 -0.1120
vn 0.9896 -0.0783 -0.1206
vn 0.9953 -0.0515 -0.0824
vn 0.9931 -0.1044 -0.0530
vn 0.9492 -0.2809 -0.1415
vn 0.9560 -0.2854 -0.0683
vn 0.8700 -0.4872 -0.0756
vn 0.9561 0.2907 0.0376
vn 0.9828 0.1805 -0.0382
vn 0.9978 0.0586 -0.0298
vn 0.9989 0.0137 -0.0451
vn 0.9364 -0.3390 -0.0903
vn 0.9180 -0.3556 -0.1756
vn 0.7874 -0.5958 -0.1582
vn 0.8566 -0.5022 -0.1182
vn -0.9918 0.0642 0.1104
vn -0.9989 -0.0176 0.0436
vn -0.9901 -0.1357 0.0369
vn -0.9671 0.2089 0.1454
vn -0.9899 -0.0568 0.1302
vn -0.9746 0.1599 0.1566
vn -0.9742 -0.1577 0.1613
vn -0.9724 0.2136 0.0939
vn -0.9907 -0.0664 0.1188
vn -0.7110 -0.6509 -0.2662
vn -0.8874 -0.4386 -0.1418
vn -0.9702 -0.2278 -0.0828
vn -0.7548 -0.6548 -0.0396
vn -0.8102 -0.5611 -0.1698
vn -0.9196 -0.3928 -0.0045
vn -0.9367 -0.3055 0.1712
vn -0.4467 -0.8806 0.1579
vn -0.7188 -0.6783 0.1522
vn -0.9605 -0.2445 0.1332
vn -0.8581 -0.4935 0.1421
vn -0.9128 -0.3864 0.1324
vn -0.8199 -0.5593 0.1226
vn -0.8402 -0.5261 0.1315
vn -0.9242 -0.3520 0.1484
vn -0.6741 -0.7303 0.1107
vn 0.3366 -0.9150 -0.2223
vn 0.0958 -0.9165 -0.3884
vn 0.0133 -0.9741 -0.2259
vn -0.2064 -0.9153 -0.3458
vn -0.4033 -0.8977 -0.1776
vn -0.0998 -0.9902 0.0979
vn -0.4953 -0.8687 0.0110
vn 0.2138 -0.9616 -0.1720
vn -0.0937 -0.9680 -0.2330
vn -0.3574 -0.8984 -0.2553
vn -0.6033 -0.7593 -0.2439
vn -0.2005 -0.9773 -0.0685
vn 0.1222 -0.9804 -0.1544
vn -0.0935 -0.9895 0.1100
vn -0.2608 -0.9643 0.0469
vn -0.4809 -0.8748 0.0591
vn 0.0004 -0.9982 0.0598
vn 0.2313 -0.9725 0.0291
vn -0.0922 -0.9935 0.0660
vn -0.3923 -0.9159 0.0855
vn 0.6339 -0.7728 -0.0293
vn 0.4686 -0.8833 0.0146
vn 0.4248 -0.9030 -0.0640
vn 0.4276 -0.9038 0.0174
vn 0.6668 -0.7442 -0.0378
vn 0.6197 -0.7690 -0.1567
vn 0.6276 -0.7578 -0.1785
vn 0.4644 -0.8672 -0.1797
vn 0.2791 -0.9471 -0.1587
vn -0.1901 0.9579 0.2150
vn 0.8126 0.5666 0.1363
vn 0.6025 0.7690 0.2135
vn 0.3351 0.9162 0.2198
vn 0.3214 0.9229 0.2119
vn 0.0373 0.9682 0.2474
vn 0.0490 0.9847 0.1675
vn 0.5838 0.8059 0.0990
vn 0.3457 0.8986 0.2700
vn 0.2337 0.9616 0.1437
vn 0.4123 0.8951 0.1698
vn 0.1311 0.9386 0.3190
vn -0.0760 0.9448 0.3187
vn 0.0886 0.9753 0.2021
vn -0.1602 0.9688 0.1892
vn 0.3060 0.9447 0.1182
vn 0.5874 0.8019 0.1090
vn 0.5312 0.8166 0.2257
vn 0.8190 0.5689 0.0745
vn 0.7290 0.6585 0.1867
vn 0.8965 0.4162 0.1517
vn -0.3722 0.9048 0.2070
vn -0.4247 0.8759 0.2290
vn -0.6440 0.7365 0.2071
vn -0.7901 0.5543 0.2616
vn -0.8857 0.4454 0.1312
vn -0.6525 0.6730 0.3485
vn -0.2104 0.9065 0.3659
vn 0.9337 0.3551 0.0469
vn 0.8037 0.5947 0.0227
vn 0.9634 0.2221 0.1499
vn 0.9528 0.2996 0.0485
vn 0.9993 0.0266 0.0251
vn 0.9945 0.1046 0.0024
vn 0.9912 -0.1315 0.0175
vn 0.9015 -0.4313 -0.0353
vn -0.9208 -0.1470 0.3612
vn -0.9917 0.0788 0.1011
vn -0.9639 0.2508 0.0898
vn -0.9406 0.1189 0.3179
vn -0.4088 0.6632 0.6270
vn -0.2072 0.4652 0.8606
vn -0.6891 0.5003 0.5243
vn -0.8990 0.3356 0.2814
vn -0.7543 0.1632 0.6359
vn -0.6710 0.3716 0.6416
vn -0.3673 0.1538 0.9173
vn -0.5923 -0.0989 0.7997
vn -0.8576 -0.4693 0.2104
vn -0.7238 -0.6072 0.3277
vn -0.6346 -0.7599 0.1406
vn -0.7891 -0.3258 0.5207
vn -0.5335 -0.6765 0.5077
vn -0.5104 -0.7926 0.3337
vn -0.2281 -0.9414 0.2486
vn -0.1738 -0.9808 0.0889
vn -0.4175 -0.9034 0.0974
vn 0.1508 -0.9852 0.0814
vn 0.4678 -0.8818 0.0602
vn 0.1736 -0.9839 0.0433
vn -0.3207 -0.8473 0.4234
vn -0.0541 -0.9128 0.4048
vn 0.1850 -0.8644 0.4676
vn 0.4315 -0.8416 0.3248
vn 0.0761 -0.9647 0.2520
vn 0.6812 -0.7295 0.0621
vn 0.8348 -0.5139 0.1974
vn 0.7899 -0.6122 -0.0363
vn 0.7015 -0.5594 0.4416
vn 0.3855 -0.5530 0.7386
vn 0.4384 -0.3317 0.8353
vn 0.7114 -0.3116 0.6299
vn 0.9509 -0.3068 0.0403
vn 0.8844 -0.3226 0.3374
vn 0.7838 -0.1269 0.6079
vn 0.9246 0.0106 0.3808
vn 0.9849 -0.1050 0.1379
vn 0.5886 0.7400 0.3255
vn 0.7789 0.5910 0.2097
vn 0.8000 0.5750 0.1717
vn 0.2603 0.8779 0.4019
vn 0.4130 0.8399 0.3521
vn 0.4903 0.8092 0.3238
vn 0.0661 0.9499 0.3054
vn -0.2560 0.9208 0.2942
vn -0.0321 0.9179 0.3955
vn -0.3202 0.9201 0.2254
vn 0.6231 0.7446 0.2394
vn 0.1616 0.9561 0.2447
vn -0.1356 0.9445 0.2992
vn 0.2922 0.9560 0.0258
vn -0.0518 0.9968 -0.0609
vn 0.4913 0.7747 0.3982
vn -0.4037 0.8758 0.2644
vn -0.2218 0.9377 0.2676
vn 0.6507 0.6807 0.3366
vn 0.8677 0.4118 0.2785
vn 0.9216 0.3505 0.1667
vn 0.9736 0.0499 0.2229
vn 0.9963 0.0105 0.0850
vn 0.9322 -0.3340 0.1394
vn 0.9997 0.0107 -0.0240
vn 0.9435 -0.3311 0.0149
vn 0.9711 -0.2203 -0.0915
vn 0.9670 0.2527 0.0312
vn 0.9126 0.3815 0.1474
vn -0.8117 0.5546 0.1829
vn -0.7401 0.5729 0.3521
vn -0.5489 0.7754 0.3120
vn -0.5494 0.8268 0.1205
vn -0.6343 0.7502 0.1865
vn -0.9865 0.0945 0.1333
vn -0.9156 0.3802 0.1306
vn -0.9808 0.1924 -0.0310
vn 0.5532 0.8058 0.2116
vn 0.3361 0.9167 0.2159
vn 0.0584 0.9800 0.1901
vn 0.5029 0.8041 0.3170
vn -0.3477 0.9106 0.2235
vn -0.3135 0.9015 0.2982
vn -0.1857 0.9780 0.0946
vn -0.6179 0.7561 0.2155
vn -0.0561 0.9518 0.3016
vn -0.2263 0.8905 0.3947
vn 0.2705 0.8892 0.3689
vn -0.5628 0.4718 0.6787
vn -0.7521 0.4317 0.4980
vn -0.5507 0.7525 0.3612
vn -0.5883 0.6726 0.4490
vn -0.9044 0.2900 0.3130
vn -0.8127 0.2272 0.5365
vn -0.5728 0.5194 0.6342
vn -0.3823 0.8274 0.4114
vn -0.4820 0.8284 0.2855
vn 0.0255 0.8896 0.4560
vn -0.1983 0.8309 0.5199
vn 0.7413 0.5895 0.3210
vn 0.3133 0.7693 0.5568
vn 0.5073 0.7137 0.4830
vn 0.6246 0.7073 0.3309
vn 0.7069 0.5699 0.4189
vn 0.7179 0.4023 0.5681
vn 0.6981 0.3799 0.6069
vn 0.8816 0.2088 0.4233
vn 0.7683 0.1189 0.6290
vn 0.5800 0.2530 0.7744
vn 0.5725 -0.0830 0.8157
vn 0.4203 -0.6249 0.6579
vn 0.6380 -0.3730 0.6737
vn 0.4086 -0.3913 0.8246
vn 0.6012 -0.6699 0.4357
vn 0.7853 -0.4513 0.4239
vn 0.7962 -0.1332 0.5901
vn 0.7918 -0.5710 0.2169
vn 0.9117 -0.1416 0.3857
vn -0.6114 -0.4535 0.6485
vn -0.4878 -0.1849 0.8531
vn -0.8086 -0.2876 0.5133
vn -0.6674 0.0201 0.7444
vn 0.0445 0.7911 0.6100
vn -0.3875 0.3669 0.8457
vn 0.6058 0.1260 0.7855
vn 0.7365 0.4489 0.5060
vn 0.2637 0.2953 0.9183
vn -0.3703 0.1730 0.9126
vn -0.1223 0.0520 0.9911
vn 0.4707 0.1234 0.8736
vn 0.1622 0.0935 0.9823
vn 0.2898 0.2715 0.9178
vn -0.0602 0.2810 0.9578
vn -0.1667 -0.0338 0.9854
vn 0.0198 0.1924 0.9811
vn -0.1893 0.2425 0.9515
vn 0.4089 0.0064 0.9126
vn 0.1320 -0.0693 0.9888
vn 0.1320 -0.5338 0.8353
vn 0.2236 -0.2956 0.9288
vn -0.0346 -0.3024 0.9525
vn -0.3125 -0.3581 0.8798
vn -0.4179 0.2638 0.8694
vn -0.3791 -0.6656 0.6428
vn 0.4740 0.8793 -0.0475
vn 0.2598 0.9222 0.2864
vn 0.4963 0.8398 0.2202
vn 0.4140 0.8774 0.2422
vn -0.5776 0.7950 0.1852
vn -0.4391 0.8941 0.0883
vn -0.6292 0.7505 0.2022
vn -0.2517 0.9289 0.2715
vn -0.2743 0.9154 0.2947
vn 0.0982 0.9583 0.2684
vn 0.9989 -0.0331 -0.0327
vn 0.9828 0.1845 0.0113
vn 0.7259 0.6664 0.1703
vn 0.8660 0.4918 0.0898
vn 0.7373 0.6755 -0.0117
vn -0.9141 0.4007 0.0628
vn -0.8959 0.4400 0.0608
vn -0.4380 0.8373 0.3272
vn 0.0102 0.9405 0.3395
vn -0.3101 0.9106 0.2731
vn 0.1661 0.9561 0.2413
vn -0.5557 0.8093 0.1906
vn -0.7649 0.6269 0.1480
vn -0.9180 0.3782 0.1193
vn -0.9780 0.2008 0.0566
vn -0.7818 0.6096 0.1307
vn 0.3886 0.8908 0.2354
vn 0.5188 0.7043 0.4846
vn -0.0435 0.9017 0.4303
vn 0.7320 0.6655 0.1461
vn 0.9975 0.0387 0.0595
vn 0.9151 0.3858 0.1177
vn 0.9217 0.3804 0.0758
vn 0.8588 0.4899 0.1497
vn 0.7530 0.6314 0.1853
vn 0.6325 0.7532 0.1806
vn 0.5441 0.8109 0.2153
vn 0.2658 0.9439 0.1958
vn -0.0444 0.9514 0.3048
vn 0.9655 0.2261 0.1293
vn 0.8082 0.5624 0.1750
vn -0.4569 0.8645 0.2094
vn -0.5898 0.7699 0.2438
vn -0.2624 0.9443 0.1984
vn -0.2785 0.9204 0.2745
vn -0.9949 0.0864 0.0516
vn -0.9615 0.2468 0.1213
vn -0.9988 -0.0330 0.0360
vn -0.8091 0.5552 0.1926
vn 0.1596 0.8879 0.4314
vn -0.1406 0.8656 0.4806
vn 0.0029 0.9877 0.1564
vn 0.2590 0.9531 0.1566
vn -0.0152 0.9109 0.4124
vn -0.1598 0.7693 0.6185
vn 0.1868 0.8464 0.4988
vn -0.2341 0.9703 0.0604
vn -0.3835 0.8200 0.4248
vn 0.4640 0.8221 0.3300
vn 0.3684 0.8321 0.4147
vn 0.5154 0.8315 0.2073
vn 0.1780 0.9231 0.3410
vn -0.5729 0.8163 0.0739
vn -0.4115 0.8827 0.2271
vn -0.0074 0.9804 0.1967
vn -0.2803 0.9454 0.1663
vn 0.2104 0.9699 0.1227
vn 0.5659 0.8143 0.1290
vn 0.3259 0.9343 0.1442
vn 0.6452 0.6574 0.3894
vn 0.4095 0.7686 0.4914
vn 0.5773 0.7360 0.3537
vn -0.5078 0.8369 0.2041
vn -0.4377 0.8963 0.0715
vn -0.1143 0.9933 0.0174
vn 0.0923 0.9955 -0.0197
vn -0.1755 0.9840 0.0292
vn 0.2445 0.9658 0.0860
vn -0.1482 0.9784 -0.1444
vn -0.3997 0.9161 -0.0328
vn -0.4922 0.8699 -0.0303
vn 0.3665 0.9302 -0.0217
vn 0.3549 0.9343 -0.0328
vn 0.5925 0.8055 0.0112
vn 0.5080 0.8595 0.0567
vn -0.1307 0.9796 0.1527
vn -0.1468 0.9847 -0.0936
vn 0.1798 0.9747 0.1331
vn 0.1947 0.9774 -0.0818
vn -0.3327 0.9409 0.0627
vn -0.4612 0.8814 0.1023
vn 0.3675 0.9026 -0.2242
vn 0.0761 0.9554 -0.2854
vn 0.5336 0.8451 -0.0313
vn -0.5316 0.8459 0.0423
vn -0.2556 0.9664 0.0260
vn 0.6522 0.7555 0.0620
vn 0.4365 0.8982 0.0524
vn 0.6599 0.7496 0.0512
vn -0.4412 0.8767 0.1919
vn -0.5950 0.7765 0.2072
vn -0.7236 0.6889 0.0433
vn -0.7396 0.6523 0.1659
vn -0.0137 0.9982 0.0588
vn -0.2708 0.9526 0.1386
vn 0.2191 0.9738 0.0608
vn 0.2158 0.9651 0.1485
vn 0.6283 0.7566 0.1813
vn 0.4088 0.8825 0.2326
vn -0.0294 0.9859 0.1647
vn -0.7351 0.6473 0.2016
vn -0.6639 0.7114 0.2306
vn -0.8391 0.5394 0.0703
vn -0.6520 0.7572 -0.0395
vn -0.8687 0.4605 0.1827
vn -0.6190 0.7310 0.2873
vn -0.3968 0.7952 0.4584
vn -0.7320 0.6253 0.2704
vn -0.6169 0.7821 0.0879
vn -0.7308 0.6826 0.0076
vn 0.7251 0.6722 0.1493
vn 0.6702 0.6867 0.2815
vn 0.8277 0.5256 0.1965
vn 0.4801 0.8574 0.1853
vn 0.8371 0.5263 0.1494
vn 0.8388 0.5060 0.2008
vn 0.8758 0.4811 0.0383
vn 0.6908 0.7208 0.0559
vn 0.8840 0.4608 0.0786
vn 0.6647 0.7372 -0.1210
vn 0.4141 0.9042 0.1048
vn 0.7728 0.6339 -0.0304
vn -0.9710 0.2190 0.0962
vn -0.9965 -0.0825 0.0150
vn 0.9188 0.3699 0.1379
vn 0.9841 0.1511 0.0930
vn 0.9984 -0.0207 0.0532
vn 0.9916 -0.1245 0.0360
vn -0.9958 -0.0676 -0.0615
vn -0.9311 0.3635 0.0307
vn -0.9883 0.1478 -0.0386
vn -0.9975 -0.0520 -0.0469
vn -0.9705 -0.2338 -0.0594
vn -0.9525 -0.2862 -0.1041
vn -0.8863 0.4587 0.0636
vn 0.8350 0.5495 0.0287
vn 0.9206 0.3864 -0.0558
vn 0.9837 0.1794 -0.0075
vn 0.9299 0.3663 0.0336
vn 0.9984 -0.0475 -0.0299
vn 0.9976 -0.0623 -0.0290
vn 0.9858 0.1575 0.0582
vn 0.9084 0.3977 0.1288
vn 0.7792 0.6102 0.1435
vn 0.9844 0.1761 0.0059
vn 0.9548 0.2838 0.0888
vn -0.6262 -0.6263 0.4644
vn -0.8563 -0.4347 0.2789
vn -0.6966 -0.6582 0.2857
vn -0.1348 -0.5939 0.7931
vn -0.4176 -0.7977 0.4351
vn -0.9421 -0.1035 0.3190
vn -0.9657 -0.2439 0.0893
vn -0.9354 -0.3479 -0.0636
vn -0.8014 -0.5964 -0.0450
vn -0.8409 -0.5370 0.0670
vn -0.6504 -0.7558 -0.0762
vn -0.6854 -0.7193 0.1132
vn -0.4693 -0.8547 0.2219
vn -0.8786 -0.3570 -0.3172
vn -0.8334 -0.5276 -0.1647
vn -0.7262 -0.6690 -0.1586
vn -0.9911 -0.0991 -0.0886
vn -0.9993 -0.0361 0.0044
vn -0.9629 -0.2015 -0.1797
vn -0.9888 0.0902 -0.1193
vn -0.7800 -0.6256 -0.0153
vn -0.7295 -0.5928 -0.3412
vn -0.8880 -0.3843 -0.2524
vn -0.9504 -0.1362 -0.2796
vn -0.7196 -0.4716 -0.5096
vn -0.8813 -0.4689 -0.0588
vn -0.9719 -0.2353 -0.0099
vn -0.9585 -0.2822 -0.0402
vn -0.6715 -0.6974 -0.2504
vn -0.8279 -0.5240 -0.1998
vn -0.7147 -0.6595 -0.2328
vn -0.9025 -0.4154 -0.1135
vn -0.8318 -0.5205 -0.1931
vn -0.7021 -0.7000 -0.1309
vn -0.8279 -0.5415 -0.1460
vn -0.6106 -0.7919 0.0085
vn -0.7833 -0.6216 0.0076
vn -0.6671 -0.7450 -0.0001
vn -0.9052 -0.4229 -0.0414
vn -0.9531 -0.2951 0.0668
vn -0.8712 -0.4897 0.0341
vn -0.6733 -0.7386 0.0329
vn -0.7641 -0.6184 0.1836
vn -0.5673 -0.8230 -0.0305
vn -0.6635 -0.7451 -0.0681
vn -0.4946 -0.8572 -0.1434
vn -0.3087 -0.9492 -0.0602
vn -0.1184 -0.9739 -0.1938
vn -0.5407 -0.7766 -0.3234
vn -0.3539 -0.8665 -0.3521
vn -0.7804 -0.6159 -0.1082
vn -0.0934 -0.9129 -0.3973
vn -0.7242 -0.6319 -0.2761
vn -0.4989 -0.6551 -0.5674
vn -0.4816 -0.7616 -0.4337
vn -0.1963 -0.8974 -0.3952
vn -0.5765 -0.7971 -0.1795
vn -0.4654 -0.8248 -0.3210
vn -0.2727 -0.9567 -0.1018
vn -0.4579 -0.8830 -0.1030
vn -0.2168 -0.9702 0.1080
vn -0.2260 -0.9352 0.2727
vn 0.0182 -0.9512 0.3082
vn -0.1716 -0.8555 0.4886
vn 0.3332 -0.8142 0.4754
vn 0.1720 -0.7132 0.6796
vn 0.0949 -0.8726 0.4791
vn -0.0831 -0.7659 0.6376
vn 0.5419 -0.8057 0.2390
vn 0.7109 -0.7033 0.0030
vn 0.4559 -0.8839 0.1041
vn 0.5794 -0.8091 -0.0980
vn 0.8349 -0.5501 -0.0177
vn 0.9356 -0.3497 -0.0496
vn 0.7611 -0.6247 -0.1749
vn 0.8743 -0.4679 -0.1288
vn 0.8710 -0.4772 -0.1167
vn 0.9625 -0.2610 -0.0738
vn 0.7367 -0.6415 -0.2139
vn 0.5935 -0.7742 -0.2201
vn 0.7149 -0.6896 -0.1158
vn 0.7862 -0.6109 -0.0937
vn 0.8996 -0.4345 -0.0446
vn 0.7600 -0.6441 -0.0871
vn 0.8740 -0.4844 -0.0386
vn 0.9670 -0.2543 0.0180
vn 0.9612 -0.2718 -0.0471
vn 0.7516 -0.6535 -0.0895
vn 0.7813 -0.6204 -0.0692
vn 0.8677 -0.4917 -0.0724
vn 0.6248 -0.7730 -0.1100
vn 0.6767 -0.7336 -0.0632
vn 0.9617 -0.2690 -0.0535
vn 0.8681 -0.4938 -0.0509
vn 0.2749 -0.9200 0.2794
vn 0.1315 -0.9858 0.1045
vn 0.0068 -0.9963 -0.0862
vn 0.1799 -0.9357 -0.3033
vn -0.1388 -0.9439 -0.2997
vn 0.3481 -0.9313 -0.1075
vn 0.4318 -0.8451 -0.3153
vn 0.4380 -0.8479 -0.2988
vn 0.3774 -0.9178 -0.1231
vn 0.1615 -0.9071 -0.3886
vn 0.1223 -0.8407 -0.5274
vn 0.6254 -0.7385 -0.2521
vn -0.1868 -0.7955 -0.5764
vn 0.1821 -0.9795 -0.0860
vn 0.2282 -0.9561 -0.1837
vn 0.6167 -0.7731 -0.1481
vn 0.0207 -0.9964 -0.0823
vn -0.0876 -0.9869 -0.1355
vn 0.4508 -0.8731 -0.1855
vn 0.2724 -0.9168 -0.2919
vn 0.1633 -0.9303 -0.3286
vn -0.0140 -0.9538 -0.3002
vn 0.5556 -0.8120 -0.1788
vn 0.6593 -0.7383 -0.1418
vn 0.2669 -0.9040 -0.3339
vn 0.5065 -0.8387 -0.1999
vn -0.0189 -0.8315 -0.5552
vn 0.3840 -0.9006 -0.2037
vn 0.1003 -0.9770 -0.1879
vn -0.2806 -0.9597 -0.0128
vn 0.0113 -0.9986 -0.0513
vn -0.1296 -0.9906 0.0444
vn -0.2939 -0.9549 -0.0415
vn -0.1171 -0.9921 -0.0440
vn 0.0974 -0.9933 -0.0616
vn 0.3055 -0.9478 0.0918
vn 0.2446 -0.9695 -0.0167
vn 0.5280 -0.8464 -0.0692
vn 0.5219 -0.8351 -0.1739
vn -0.3010 -0.8877 -0.3484
vn -0.5186 -0.8409 -0.1545
vn -0.5608 -0.7764 -0.2877
vn -0.2376 -0.9544 -0.1809
vn -0.5607 -0.7552 -0.3396
vn -0.4034 -0.8068 -0.4317
vn -0.2786 -0.8725 -0.4014
vn -0.4054 -0.9116 0.0682
vn -0.5141 -0.8576 -0.0168
vn -0.3457 -0.9383 -0.0059
vn -0.5134 0.8111 0.2801
vn -0.3633 0.8817 0.3009
vn -0.1881 0.9377 0.2920
vn 0.1041 0.9544 0.2799
vn -0.1448 0.9374 0.3166
vn 0.2770 0.9012 0.3335
vn 0.0736 0.9422 0.3270
vn -0.0954 0.9600 0.2633
vn -0.8799 0.4532 0.1431
vn -0.7904 0.5960 0.1419
vn -0.9344 0.3347 0.1216
vn -0.6697 0.7095 0.2196
vn 0.5225 0.7956 0.3065
vn 0.3671 0.8757 0.3136
vn 0.8222 0.5265 0.2163
vn 0.7085 0.6172 0.3423
vn -0.9881 -0.1292 0.0832
vn -0.9864 0.1255 0.1064
vn -0.9668 -0.1055 0.2329
vn -0.9897 0.0777 0.1203
vn -0.1759 -0.9736 0.1454
vn -0.3920 -0.9041 0.1703
vn -0.5962 -0.7858 0.1648
vn 0.0381 -0.9911 0.1278
vn 0.7455 -0.6656 0.0343
vn 0.9534 -0.2875 0.0918
vn 0.9778 0.1380 0.1575
vn 0.8936 0.3648 0.2617
vn -0.4516 0.8601 0.2372
vn -0.3303 0.9189 0.2158
vn -0.4954 0.8529 0.1650
vn 0.1894 0.9329 0.3062
vn 0.1760 0.9331 0.3136
vn 0.2762 0.9293 0.2453
vn -0.2477 0.9327 0.2622
vn -0.5536 0.8268 0.0996
vn 0.3646 0.9203 0.1416
vn 0.5309 0.8420 0.0954
vn -0.4433 0.8952 -0.0456
vn -0.1456 0.9888 0.0315
vn -0.1327 0.9691 0.2080
vn -0.4922 0.8393 0.2308
vn -0.5969 0.7739 0.2116
vn -0.1663 0.9754 0.1446
vn -0.7227 0.6911 0.0010
vn -0.7579 0.6486 0.0698
vn -0.7796 0.5832 0.2283
vn -0.5057 0.8556 0.1102
vn -0.1607 0.9647 0.2088
vn 0.0487 0.9362 0.3481
vn -0.9143 0.3926 0.0994
vn -0.9702 0.1342 0.2018
vn -0.9087 -0.2237 0.3524
vn -0.8846 0.0573 0.4629
vn -0.9666 0.2561 -0.0081
vn -0.8071 0.5896 0.0301
vn -0.6339 0.7726 0.0369
vn 0.2510 0.9518 0.1762
vn 0.4520 0.8920 0.0001
vn 0.1506 0.9435 0.2952
vn 0.3447 0.8869 0.3075
vn 0.5285 0.7263 0.4395
vn 0.6236 0.7669 0.1516
vn 0.7410 0.6638 0.1011
vn 0.3928 0.9091 0.1383
vn 0.6269 0.7561 0.1882
vn -0.4932 0.8644 0.0977
vn -0.1846 0.9728 0.1398
vn -0.0760 0.9515 0.2980
vn 0.1692 0.9725 0.1601
vn 0.1606 0.9867 0.0244
vn -0.4436 0.8629 0.2420
vn 0.2256 0.9039 0.3635
vn 0.4194 0.8363 0.3532
vn 0.7125 0.4381 0.5481
vn 0.9967 0.0173 0.0796
vn 0.9205 0.3681 0.1312
vn 0.9833 0.0083 0.1820
vn 0.7629 0.5761 0.2933
vn 0.9332 0.1816 0.3100
vn 0.8880 -0.2336 0.3960
vn 0.9831 0.1680 0.0725
vn 0.9266 0.3647 0.0918
vn 0.8069 0.5807 0.1082
vn 0.5872 0.4920 0.6427
vn 0.7591 0.3808 0.5280
vn 0.3452 0.4633 0.8162
vn 0.6179 0.2072 0.7585
vn 0.7096 -0.3855 0.5898
vn 0.8255 0.0493 0.5622
vn 0.5890 -0.1334 0.7970
vn 0.4788 0.7765 0.4096
vn 0.5900 0.3601 0.7226
vn -0.6681 0.2110 0.7135
vn -0.7744 0.5381 0.3329
vn -0.7246 0.4294 0.5390
vn -0.8108 0.1677 0.5608
vn -0.7763 0.5971 0.2020
vn -0.8311 0.4438 0.3351
vn -0.6645 0.1062 0.7397
vn 0.2399 0.7315 0.6382
vn -0.1703 0.6998 0.6938
vn 0.0061 0.3794 0.9252
vn 0.1975 0.1237 0.9725
vn -0.3004 0.1032 0.9482
vn 0.0422 0.1390 0.9894
vn 0.3920 0.1016 0.9143
vn 0.2311 -0.0240 0.9726
vn -0.0499 -0.1230 0.9912
vn 0.2148 -0.3733 0.9025
vn -0.2295 0.2772 0.9330
vn -0.5040 0.3532 0.7882
vn -0.4209 0.0126 0.9070
vn -0.2093 -0.0518 0.9765
vn -0.7625 -0.1192 0.6359
vn -0.5913 -0.3007 0.7483
vn -0.0905 0.9602 0.2644
vn -0.3318 0.9420 0.0506
vn 0.2113 0.9748 0.0719
vn -0.6370 0.7703 0.0295
vn -0.3577 0.9309 0.0744
vn 0.0667 0.9974 -0.0281
vn 0.4276 0.8179 0.3850
vn 0.6372 0.7610 0.1215
vn -0.4773 0.8787 0.0088
vn -0.6893 0.7245 0.0075
vn -0.5491 0.8357 0.0065
vn -0.4563 0.8677 0.1973
vn -0.2802 0.9593 0.0355
vn 0.0222 0.9980 0.0593
vn 0.2444 0.9409 0.2345
vn 0.2893 0.9535 0.0842
vn 0.4519 0.8865 0.0991
vn 0.6827 0.7213 0.1171
vn 0.4501 0.8628 0.2301
vn 0.2372 0.9267 0.2914
vn 0.1358 0.9907 0.0006
vn -0.0324 0.9994 -0.0132
vn -0.5031 0.8302 0.2402
vn -0.7172 0.6753 0.1717
vn 0.5024 0.7167 0.4837
vn 0.1762 0.8649 0.4700
vn -0.0921 0.9678 0.2344
vn -0.2363 0.9699 -0.0582
vn -0.2658 0.8554 0.4446
vn -0.9986 0.0343 -0.0401
vn -0.9104 0.4133 -0.0179
vn -0.8792 0.4764 0.0052
vn -0.9982 0.0595 -0.0100
vn -0.9893 0.1451 0.0126
vn -0.9969 0.0733 -0.0284
vn 0.9937 0.0890 0.0684
vn 0.9544 0.2483 0.1660
vn 0.8677 0.4680 0.1673
vn 0.9943 -0.0557 0.0908
vn -0.7089 -0.5137 0.4833
vn -0.7466 -0.6204 0.2403
vn -0.3615 -0.5974 0.7158
vn -0.3262 -0.3392 0.8824
vn -0.0418 -0.5257 0.8496
vn -0.9993 0.0298 0.0229
vn -0.9548 -0.2526 0.1567
vn -0.9341 -0.3568 0.0154
vn -0.7506 -0.6591 0.0468
vn -0.9844 -0.1411 -0.1054
vn -0.9597 -0.2524 -0.1232
vn -0.8570 -0.4700 -0.2112
vn -0.8267 -0.5369 -0.1684
vn -0.9624 -0.2707 0.0209
vn -0.9431 -0.3317 0.0230
vn -0.8249 -0.5455 0.1483
vn -0.9725 -0.2330 -0.0039
vn -0.7979 -0.6021 0.0289
vn -0.7835 -0.6206 0.0314
vn -0.5636 -0.8046 0.1872
vn -0.5384 -0.8409 0.0549
vn -0.2807 -0.9583 0.0542
vn -0.4698 -0.8817 0.0438
vn -0.2473 -0.9527 -0.1769
vn -0.1246 -0.9911 0.0473
vn -0.3124 -0.9181 0.2439
vn -0.4181 -0.8815 -0.2192
vn -0.5274 -0.5880 -0.6133
vn -0.4424 -0.7943 -0.4164
vn -0.7698 -0.6369 0.0413
vn -0.6608 -0.7096 -0.2446
vn -0.3584 -0.9257 -0.1206
vn -0.1388 -0.8950 -0.4240
vn -0.0054 -0.9984 -0.0571
vn -0.4599 -0.8865 0.0508
vn -0.1711 -0.9758 0.1363
vn 0.2763 -0.6617 0.6969
vn 0.4963 -0.6777 0.5427
vn 0.4833 -0.4382 0.7579
vn 0.7069 -0.5957 0.3814
vn 0.8501 -0.4802 0.2161
vn 0.9544 -0.2425 0.1740
vn 0.9415 -0.3313 0.0622
vn 0.5848 -0.7900 0.1841
vn 0.7879 -0.6128 0.0611
vn 0.6627 -0.7482 -0.0315
vn 0.8067 -0.5904 0.0258
vn 0.9087 -0.4169 0.0214
vn 0.9928 -0.0916 0.0773
vn 0.8907 -0.4534 0.0345
vn 0.9747 -0.2190 0.0445
vn 0.7536 -0.6573 0.0103
vn 0.8771 -0.4802 0.0059
vn 0.0801 -0.9804 0.1801
vn 0.3044 -0.9441 -0.1266
vn 0.5583 -0.8295 -0.0139
vn 0.2835 -0.9531 0.1057
vn 0.4199 -0.9044 -0.0763
vn 0.1313 -0.9723 -0.1936
vn 0.1294 -0.9292 -0.3462
vn -0.0647 -0.9682 -0.2416
vn -0.0540 -0.9973 0.0500
vn 0.1701 -0.9844 0.0454
vn 0.2362 -0.9711 0.0335
vn 0.4844 -0.8741 0.0347
vn 0.0968 -0.9876 -0.1236
vn 0.3901 -0.9076 -0.1554
vn 0.5189 0.7711 0.3690
vn 0.8000 0.5060 0.3224
vn 0.7656 0.5905 0.2555
vn 0.3227 0.7463 0.5822
vn 0.7003 0.6728 0.2386
vn 0.9843 -0.1480 0.0959
vn 0.9933 0.0447 0.1062
vn 0.9557 0.2115 0.2046
vn -0.5551 0.6994 0.4502
vn -0.6630 0.6498 0.3718
vn -0.3745 0.7888 0.4875
vn -0.5624 0.7422 0.3644
vn -0.7305 0.6533 0.1988
vn -0.8446 0.5256 0.1018
vn -0.9544 0.2951 -0.0457
vn -0.9950 0.0936 -0.0347
vn -0.2425 0.8961 0.3719
vn 0.1781 0.7954 0.5794
vn 0.0422 0.7510 0.6589
vn -0.0825 0.7559 0.6495
vn -0.1512 0.7784 0.6093
vn -0.1299 0.9790 0.1570
vn -0.4042 0.8894 0.2135
vn -0.0472 0.9702 0.2376
vn 0.0721 0.9741 0.2143
vn 0.3163 0.9214 0.2257
vn 0.3733 0.9030 0.2128
vn -0.6473 0.7602 0.0557
vn -0.4473 0.8943 0.0101
vn -0.2780 0.9532 0.1193
vn -0.8047 0.5932 0.0237
vn -0.8598 0.4988 0.1092
vn -0.6752 0.7375 -0.0109
vn 0.0188 0.9754 0.2196
vn 0.1927 0.9716 0.1376
vn 0.4236 0.9009 0.0947
vn 0.1139 0.9468 0.3010
vn 0.3993 0.8613 0.3143
vn -0.2804 0.9460 0.1626
vn -0.5690 0.8189 0.0753
vn -0.3459 0.9289 -0.1326
vn -0.0668 0.9784 -0.1957
vn 0.0130 0.9993 -0.0358
vn 0.2353 0.9654 -0.1124
vn -0.8291 0.5563 -0.0557
vn -0.6083 0.7920 -0.0512
vn -0.6363 0.7712 -0.0207
vn -0.3525 0.9328 0.0751
vn -0.3336 0.9427 -0.0047
vn -0.5880 0.8088 0.0114
vn 0.1055 0.9931 -0.0521
vn 0.2229 0.9683 0.1129
vn 0.3598 0.9287 -0.0895
vn -0.0930 0.9922 0.0835
vn 0.5201 0.8541 -0.0003
vn 0.6234 0.7808 -0.0429
vn 0.7463 0.6656 -0.0029
vn 0.8356 0.5493 -0.0036
vn 0.5910 0.8040 0.0651
vn 0.6483 0.7232 0.2382
vn 0.6483 0.7233 0.2375
vn 0.8526 0.5203 0.0491
vn 0.8721 0.4529 0.1856
vn -0.0872 0.9857 0.1445
vn -0.2240 0.9743 -0.0249
vn -0.4613 0.8711 0.1684
vn 0.2562 0.9665 0.0153
vn 0.4492 0.8916 0.0567
vn 0.1609 0.9641 0.2113
vn -0.8926 0.4502 -0.0257
vn -0.9246 0.3751 -0.0662
vn -0.7432 0.6603 0.1080
vn -0.7848 0.6195 -0.0166
vn -0.8783 0.4744 0.0592
vn -0.9703 0.2404 -0.0263
vn -0.9701 0.2422 0.0171
vn -0.9908 -0.0895 -0.1014
vn -0.9862 0.1314 -0.1009
vn -0.9898 -0.0673 -0.1255
vn 0.9986 0.0246 0.0462
vn 0.9479 0.3178 0.0200
vn 0.9763 0.2126 0.0403
vn 0.9676 0.2452 0.0600
vn 0.8737 0.4827 0.0603
vn 0.9433 0.3218 0.0811
vn -0.9685 -0.2319 -0.0909
vn -0.9413 -0.3267 -0.0846
vn -0.9393 -0.3311 -0.0898
vn -0.8594 -0.5108 0.0213
vn -0.7317 -0.6793 -0.0568
vn -0.7933 -0.6056 -0.0621
vn -0.9216 -0.3728 -0.1075
vn -0.9237 -0.3825 -0.0213
vn -0.7870 -0.6164 0.0264
vn -0.9709 -0.2371 -0.0337
vn -0.9997 -0.0093 -0.0207
vn -0.2347 -0.9460 0.2237
vn -0.2785 -0.9293 -0.2427
vn -0.0451 -0.9882 -0.1461
vn -0.4794 -0.8748 0.0702
vn -0.0536 -0.9973 0.0508
vn -0.4576 -0.8877 -0.0500
vn -0.6949 -0.7156 0.0706
vn -0.5843 -0.8054 -0.1000
vn -0.8297 -0.5438 -0.1261
vn -0.5744 -0.7780 -0.2545
vn -0.4018 -0.9121 -0.0814
vn -0.1742 -0.9786 -0.1095
vn 0.0767 -0.9914 -0.1059
vn -0.6279 -0.7749 -0.0730
vn -0.6198 -0.7779 0.1038
vn -0.4442 -0.8899 0.1036
vn -0.5412 -0.8388 0.0593
vn -0.3150 -0.9465 0.0705
vn -0.2550 -0.9626 0.0916
vn -0.7593 -0.6505 0.0166
vn -0.4778 -0.8773 0.0446
vn 0.9673 -0.2475 0.0551
vn 0.9525 -0.3027 0.0337
vn 0.7739 -0.6328 -0.0247
vn 0.8107 -0.5852 0.0175
vn 0.9149 -0.4007 0.0488
vn 0.8469 -0.5273 0.0678
vn 0.9459 -0.3187 0.0603
vn 0.6254 -0.7802 0.0097
vn 0.5819 -0.8132 -0.0069
vn 0.2915 -0.9562 0.0270
vn 0.2919 -0.9559 0.0323
vn 0.0355 -0.9680 0.2485
vn 0.6532 -0.7525 -0.0841
vn 0.7018 -0.7076 0.0828
vn 0.5906 -0.8054 0.0499
vn 0.1382 -0.9874 0.0769
vn 0.3657 -0.9287 0.0622
vn 0.5989 -0.7983 0.0636
vn 0.4131 -0.9089 -0.0573
vn 0.2425 -0.9652 0.0977
vn 0.5123 0.8322 0.2120
vn 0.7015 0.7057 0.0991
vn 0.3895 0.8821 0.2647
vn -0.1141 0.9653 0.2348
vn -0.3874 0.8956 0.2186
vn -0.6320 0.7555 0.1726
vn 0.1487 0.9522 0.2668
vn -0.0456 0.9608 0.2735
vn -0.2091 0.9583 0.1946
vn -0.2313 0.9337 0.2733
vn 0.4343 0.6988 0.5684
vn 0.3606 0.8691 0.3385
vn 0.5615 0.7576 0.3328
vn 0.1048 0.9298 0.3528
vn 0.1337 0.9234 0.3598
vn -0.4146 0.8873 0.2018
vn -0.2232 0.9427 0.2481
vn -0.0118 0.9599 0.2800
vn 0.1411 0.9761 0.1651
vn -0.1338 0.9795 0.1508
vn -0.6176 0.7659 0.1791
vn -0.7771 0.6075 0.1644
vn 0.8890 0.4156 0.1921
vn 0.7296 0.6622 0.1708
vn 0.3911 0.5143 0.7632
vn 0.6001 0.5579 0.5733
vn 0.6826 0.4984 0.5345
vn -0.4543 0.8676 0.2021
vn -0.5258 0.8480 0.0667
vn -0.6433 0.7472 0.1670
vn -0.7717 0.6253 0.1160
vn 0.1528 0.7319 0.6641
vn 0.2883 0.8268 0.4829
vn 0.0071 0.8610 0.5086
vn 0.1276 0.9505 0.2833
vn -0.3306 0.9399 0.0856
vn 0.2580 0.9127 0.3168
vn 0.2610 0.9579 0.1195
vn 0.1158 0.9930 -0.0253
vn -0.4329 0.9003 -0.0444
vn -0.6288 0.7755 -0.0570
vn -0.0029 0.9965 0.0839
vn -0.0662 0.9924 -0.1036
vn -0.0244 0.9882 -0.1513
vn -0.1078 0.9741 -0.1989
vn -0.1653 0.9862 -0.0014
vn -0.2617 0.9546 -0.1419
vn -0.0957 0.9894 -0.1091
vn -0.3625 0.9170 -0.1664
vn -0.4362 0.8823 -0.1771
vn -0.2220 0.9606 -0.1673
vn -0.1179 0.9752 -0.1872
vn 0.0679 0.9973 -0.0281
vn -0.1464 0.9887 -0.0315
vn -0.7635 0.6359 -0.1124
vn -0.7863 0.6168 -0.0354
vn -0.9815 0.1810 0.0617
vn -0.9896 0.0707 0.1251
vn -0.9567 0.2834 0.0668
vn -0.8922 0.4515 0.0021
vn -0.9145 0.3795 0.1400
vn -0.9679 0.2507 0.0198
vn -0.5523 0.8019 0.2277
vn -0.4162 0.9019 0.1160
vn -0.2802 0.9562 0.0845
vn -0.3282 0.9083 0.2594
vn -0.3438 0.8152 0.4661
vn -0.3668 0.6471 0.6684
vn -0.5643 0.6458 0.5144
vn -0.0847 0.5084 0.8570
vn 0.0421 0.9972 0.0617
vn -0.3693 0.9293 -0.0040
vn -0.3035 0.9519 -0.0413
vn -0.3019 0.9509 -0.0683
vn 0.7339 0.3105 0.6041
vn 0.8530 0.1715 0.4929
vn 0.0969 0.2827 0.9543
vn -0.7353 0.4065 0.5423
vn -0.7195 0.6228 0.3074
vn -0.4555 0.4395 0.7742
vn -0.8269 0.2089 0.5220
vn -0.5560 0.2562 0.7907
vn -0.6019 0.0772 0.7948
vn -0.9764 0.1952 0.0920
vn -0.9982 -0.0201 0.0570
vn -0.9991 -0.0316 -0.0276
vn -0.9778 -0.1824 -0.1032
vn -0.8904 0.4318 0.1439
vn -0.8608 -0.5087 -0.0156
vn -0.9161 -0.3865 -0.1070
vn -0.7397 -0.6690 -0.0724
vn -0.9595 -0.2788 0.0401
vn -0.8158 -0.5255 0.2413
vn -0.7927 -0.6023 -0.0944
vn -0.8434 -0.4761 0.2493
vn -0.6717 -0.6445 0.3653
vn -0.9463 -0.2027 0.2519
vn -0.9751 -0.1581 0.1554
vn -0.9083 -0.3754 0.1848
vn -0.4780 -0.8591 -0.1831
vn -0.4880 -0.7889 0.3734
vn -0.1418 -0.9897 -0.0176
vn -0.5677 -0.8229 -0.0224
vn -0.1544 -0.9142 0.3747
vn -0.3295 -0.8783 0.3465
vn -0.1645 -0.9846 -0.0599
vn 0.0970 -0.9952 -0.0128
vn 0.1123 -0.9639 0.2416
vn -0.7152 -0.6628 0.2217
vn -0.5265 -0.8046 0.2745
vn -0.6120 -0.7683 0.1875
vn -0.4185 -0.8841 0.2078
vn -0.1009 -0.9928 0.0648
vn 0.6824 -0.6589 0.3165
vn 0.7875 -0.4246 0.4467
vn 0.8514 -0.1002 0.5148
vn 0.9980 -0.0228 0.0594
vn 0.0398 0.0376 0.9985
vn 0.1086 -0.1616 0.9809
vn 0.3047 -0.4697 0.8286
vn -0.1078 -0.5119 0.8522
vn -0.5343 -0.1793 0.8261
vn -0.7972 -0.1144 0.5928
vn 0.3102 -0.8889 0.3371
vn 0.3697 -0.9291 0.0061
vn 0.4506 -0.7145 0.5352
vn 0.5498 -0.8245 0.1337
vn 0.2018 -0.9189 0.3391
vn 0.0378 -0.9793 0.1989
vn 0.1804 -0.9717 0.1523
vn 0.1410 -0.9161 0.3752
vn 0.1058 -0.8635 0.4932
vn -0.0756 -0.9275 0.3661
vn -0.1947 -0.9674 0.1619
vn -0.3521 -0.8787 0.3224
vn -0.3878 -0.7235 0.5711
vn -0.1756 -0.8321 0.5261
vn -0.4442 -0.4541 0.7723
vn 0.1725 -0.7827 0.5980
vn -0.1663 -0.9257 0.3396
vn 0.7460 0.6653 0.0287
vn 0.6277 0.7047 0.3306
vn 0.8636 0.4938 0.1017
vn 0.3340 0.9079 0.2534
vn 0.5266 0.7793 0.3396
vn 0.4071 0.7975 0.4453
vn 0.1418 0.8641 0.4829
vn 0.1585 0.9005 0.4050
vn -0.0320 0.9238 0.3815
vn -0.1973 0.9674 0.1587
vn 0.1869 0.9130 0.3626
vn 0.2082 0.8923 0.4005
vn 0.9385 0.3452 -0.0028
vn 0.5471 0.8070 0.2222
vn 0.0450 0.9260 0.3748
vn -0.3241 0.8928 0.3127
vn 0.7316 0.6802 0.0454
vn 0.5967 0.6985 0.3950
vn 0.3552 0.9335 0.0502
vn 0.5859 0.7791 0.2229
vn 0.0482 0.9475 0.3160
vn 0.0907 0.9863 0.1377
vn 0.7244 0.5961 0.3463
vn 0.9540 0.2903 0.0746
vn 0.8164 0.3982 0.4183
vn 0.9445 0.2139 0.2492
vn 0.8143 0.5350 0.2253
vn 0.0161 0.9132 0.4072
vn -0.3891 0.8352 0.3886
vn 0.3001 0.9101 0.2858
vn 0.5124 0.7614 0.3971
vn -0.0224 0.9193 0.3930
vn 0.2516 0.8599 0.4441
vn 0.0945 0.8151 0.5716
vn 0.4581 0.6854 0.5660
vn -0.3154 0.7635 0.5635
vn -0.4474 0.6294 0.6354
vn -0.0819 0.6844 0.7245
vn 0.7220 0.5761 0.3833
vn 0.7107 0.1180 0.6935
vn 0.8725 0.2918 0.3920
vn 0.7781 0.1163 0.6172
vn 0.7195 0.6287 0.2950
vn 0.8785 0.4471 0.1682
vn 0.9265 0.1039 0.3616
vn 0.9988 0.0432 0.0211
vn 0.9768 -0.1768 0.1209
vn 0.9160 -0.0195 0.4007
vn 0.8837 -0.2193 0.4134
vn 0.4482 -0.0788 0.8905
vn 0.5660 0.0092 0.8244
vn 0.3341 0.1241 0.9343
vn 0.0762 -0.3403 0.9372
vn 0.3168 -0.1758 0.9321
vn 0.0641 -0.0887 0.9940
vn 0.6571 -0.2581 0.7083
vn 0.4293 -0.3050 0.8501
vn 0.2002 0.0693 0.9773
vn 0.0906 -0.0408 0.9950
vn 0.2330 0.5569 0.7972
vn -0.1099 0.4329 0.8947
vn -0.0842 0.8473 0.5244
vn -0.3854 0.8121 0.4381
vn -0.4328 0.6391 0.6358
vn -0.3573 0.4917 0.7941
vn -0.6864 0.2425 0.6856
vn -0.4202 0.1237 0.8989
vn -0.7335 0.4685 0.4924
vn 0.0769 0.2059 0.9756
vn -0.1456 0.2778 0.9495
vn 0.6543 0.7487 0.1066
vn 0.4906 0.8469 0.2053
vn 0.8301 0.5551 0.0524
vn -0.0608 0.9447 0.3222
vn 0.1672 0.9381 0.3032
vn 0.9765 -0.2028 -0.0730
vn 0.8758 -0.4823 0.0185
vn 0.8999 -0.3792 0.2156
vn 0.7075 -0.6825 0.1834
vn 0.9644 -0.2087 -0.1626
vn 0.8717 -0.4333 -0.2290
vn 0.8578 -0.4708 -0.2063
vn 0.9964 0.0392 -0.0749
vn 0.9977 -0.0471 -0.0497
vn 0.9909 0.1345 -0.0033
vn 0.8743 -0.4689 -0.1256
vn 0.6988 -0.4353 0.5676
vn 0.7256 -0.5639 0.3943
vn 0.4500 -0.5960 0.6650
vn 0.4904 -0.7572 0.4314
vn 0.1828 -0.5572 0.8100
vn -0.0854 -0.5798 0.8103
vn -0.1668 -0.0500 0.9847
vn -0.4098 -0.1892 0.8923
vn -0.2315 -0.3321 0.9144
vn -0.6429 -0.0952 0.7600
vn -0.5096 0.7902 0.3403
vn -0.7819 0.5354 0.3193
vn -0.5933 0.7458 0.3029
vn -0.8970 0.2030 0.3926
vn -0.3419 0.8673 0.3618
vn 0.4211 0.8677 0.2642
vn 0.3251 0.9051 0.2740
vn 0.5941 0.7774 0.2068
vn 0.6547 0.7036 0.2761
vn 0.9187 0.3846 0.0900
vn 0.7911 0.5801 0.1941
vn -0.6707 0.6880 0.2771
vn -0.4937 0.8098 0.3170
vn -0.6459 0.7228 0.2459
vn -0.8883 0.4246 0.1751
vn -0.8909 0.4198 0.1737
vn 0.4016 0.8497 0.3418
vn 0.2911 0.8989 0.3274
vn 0.5284 0.8062 0.2661
vn 0.1283 0.9687 0.2126
vn -0.0295 0.9476 0.3180
vn 0.1707 0.9152 0.3652
vn -0.2815 0.9307 0.2337
vn -0.2781 0.8975 0.3422
vn 0.2106 0.9148 0.3447
vn 0.4516 0.8759 0.1700
vn 0.6370 0.7117 0.2961
vn 0.7329 0.6692 0.1227
vn 0.7500 0.6399 0.1673
vn 0.9508 0.2808 0.1312
vn 0.8812 0.4406 0.1713
vn 0.9289 0.3699 0.0153
vn 0.1199 0.9545 0.2730
vn 0.2686 0.9284 0.2567
vn 0.8124 0.5619 0.1557
vn 0.6461 0.7525 0.1276
vn -0.5871 0.7721 0.2434
vn -0.8730 0.4578 0.1681
vn -0.1255 0.9656 0.2277
vn -0.3869 0.8813 0.2713
vn 0.9532 -0.2788 -0.1167
vn 0.9951 0.0973 0.0201
vn 0.8756 -0.4608 -0.1452
vn 0.9755 -0.2065 -0.0758
vn 0.9619 0.2557 0.0965
vn 0.9370 0.3486 0.0219
vn 0.9998 0.0170 -0.0112
vn 0.9549 -0.2787 -0.1021
vn 0.8023 -0.5774 -0.1513
vn -0.8706 -0.0512 0.4892
vn -0.5619 -0.4455 0.6970
vn -0.3514 -0.5124 0.7835
vn -0.4273 -0.6870 0.5877
vn -0.2094 -0.6950 0.6878
vn -0.9386 -0.1878 0.2893
vn -0.9653 0.1541 0.2109
vn -0.9874 -0.1157 0.1078
vn -0.7850 -0.2741 0.5556
vn -0.8016 -0.4504 0.3932
vn -0.9977 0.0577 0.0360
vn -0.9506 -0.2776 -0.1393
vn -0.9875 -0.1302 -0.0884
vn -0.9925 -0.1137 -0.0451
vn -0.9869 0.1461 0.0682
vn -0.9925 0.0904 0.0824
vn -0.9843 -0.1756 0.0154
vn -0.9292 -0.3615 -0.0769
vn -0.9874 -0.1136 0.1103
vn -0.9886 0.0980 0.1145
vn -0.8736 -0.4339 -0.2203
vn -0.7578 -0.6420 -0.1169
vn -0.6107 -0.7682 -0.1922
vn -0.7177 -0.6895 -0.0974
vn -0.4972 -0.8443 -0.1998
vn -0.7073 -0.7053 -0.0486
vn -0.5384 -0.8399 -0.0685
vn -0.8554 -0.5155 -0.0508
vn -0.8609 -0.5087 -0.0044
vn -0.6787 -0.7311 -0.0706
vn -0.9417 -0.3364 0.0060
vn -0.7149 -0.6135 -0.3354
vn -0.8167 -0.5068 -0.2758
vn -0.6345 -0.5727 -0.5190
vn -0.9036 -0.4030 -0.1453
vn -0.9568 -0.2907 -0.0107
vn -0.8392 -0.5425 -0.0376
vn -0.9309 -0.3471 0.1135
vn -0.6632 -0.7180 -0.2110
vn -0.8518 -0.4849 0.1983
vn -0.6750 -0.6133 0.4102
vn -0.7118 -0.6906 0.1279
vn -0.5102 -0.7989 0.3186
vn -0.0349 -0.8383 0.5441
vn 0.1660 -0.7227 0.6709
vn -0.2834 -0.8369 0.4683
vn -0.1425 -0.9473 0.2870
vn 0.2319 -0.8324 0.5033
vn 0.3603 -0.8954 0.2615
vn 0.0813 -0.9570 0.2784
vn 0.5208 -0.7886 -0.3268
vn 0.3738 -0.9119 -0.1692
vn 0.2682 -0.8978 -0.3493
vn 0.1289 -0.9706 -0.2032
vn 0.2542 -0.9669 -0.0234
vn -0.0404 -0.9988 0.0293
vn 0.6584 -0.7459 -0.1002
vn 0.7248 -0.6309 -0.2769
vn 0.5173 -0.8530 0.0691
vn -0.4563 -0.8290 -0.3233
vn -0.4835 -0.8741 -0.0459
vn -0.2901 -0.9294 -0.2283
vn -0.0650 -0.9736 -0.2186
vn -0.2249 -0.9723 -0.0643
vn -0.3550 -0.9209 0.1612
vn 0.0500 -0.8890 -0.4553
vn 0.2955 -0.8259 -0.4802
vn -0.3136 -0.6834 -0.6593
vn -0.1590 -0.8926 -0.4218
vn 0.7294 -0.6267 -0.2741
vn 0.0492 -0.9000 -0.4331
vn -0.5008 -0.7203 -0.4799
vn -0.4712 -0.8571 -0.2081
vn 0.5536 -0.7653 -0.3283
vn 0.3223 -0.8802 -0.3484
vn 0.4049 -0.8885 -0.2158
vn 0.0933 -0.9689 -0.2293
vn 0.6673 -0.7271 -0.1613
vn -0.3504 -0.9126 -0.2109
vn -0.1594 -0.9582 -0.2376
vn -0.1692 -0.8468 -0.5042
vn 0.3218 -0.9345 -0.1521
vn 0.6470 -0.7561 -0.0986
vn -0.0366 -0.9877 -0.1523
vn -0.3088 -0.9430 -0.1240
vn 0.5877 0.7476 0.3093
vn 0.4424 0.8579 0.2614
vn 0.6629 0.7171 0.2152
vn 0.5089 0.8546 0.1038
vn 0.8431 0.5159 0.1518
vn 0.8141 0.5187 0.2613
vn 0.6242 0.7168 0.3108
vn 0.6994 0.5604 0.4437
vn 0.4300 0.6818 0.5918
vn 0.3351 0.8709 0.3596
vn 0.3587 0.9130 0.1942
vn 0.1209 0.8673 0.4829
vn 0.0936 0.9524 0.2901
vn -0.1353 0.9521 0.2743
vn 0.9456 0.3064 -0.1095
vn 0.8494 0.5277 0.0109
vn 0.8796 0.4597 0.1225
vn 0.9837 0.1694 0.0601
vn 0.9056 0.3748 0.1987
vn 0.9553 0.2690 0.1224
vn 0.9995 0.0331 -0.0013
vn 0.9915 -0.1013 -0.0817
vn 0.9704 -0.2396 -0.0288
vn 0.8728 -0.4852 -0.0533
vn 0.1108 0.8483 0.5178
vn -0.0204 0.9207 0.3898
vn -0.2056 0.9607 0.1863
vn 0.1185 0.9861 0.1162
vn 0.0003 0.9784 0.2066
vn -0.2625 0.9237 0.2791
vn -0.9201 0.3556 0.1640
vn -0.8289 0.5210 0.2036
vn -0.9699 0.1910 0.1508
vn 0.3410 0.9206 0.1902
vn 0.6039 0.7602 0.2396
vn 0.3553 0.9052 0.2332
vn 0.4500 0.8486 0.2781
vn 0.1887 0.9293 0.3175
vn 0.5907 0.7824 0.1972
vn 0.7963 0.5925 0.1221
vn 0.6851 0.7091 0.1669
vn 0.3611 0.9322 -0.0232
vn 0.1965 0.9724 0.1260
vn 0.4564 0.8881 -0.0548
vn 0.1284 0.9871 0.0953
vn -0.0673 0.9951 0.0724
vn -0.0177 0.9955 0.0935
vn -0.1560 0.9845 0.0796
vn 0.6365 0.7680 0.0705
vn 0.7563 0.6344 0.1600
vn 0.4828 0.8665 0.1267
vn 0.4400 0.8890 0.1270
vn 0.6440 0.7574 0.1082
vn 0.8383 0.5373 -0.0926
vn -0.4707 0.8587 0.2025
vn -0.2795 0.9515 0.1288
vn -0.5308 0.8368 0.1344
vn -0.3075 0.9351 0.1761
vn 0.3737 0.9274 -0.0186
vn 0.0997 0.9938 -0.0490
vn 0.4156 0.8976 -0.1469
vn 0.1873 0.9807 0.0562
vn -0.0243 0.9910 0.1316
vn 0.6382 0.7382 -0.2183
vn 0.2006 0.8892 -0.4111
vn 0.6445 0.7353 -0.2097
vn 0.8032 0.5501 -0.2285
vn 0.3456 0.9345 -0.0852
vn 0.1882 0.9626 -0.1948
vn 0.5006 0.8481 -0.1736
vn -0.2995 0.9500 0.0881
vn -0.2629 0.9634 0.0526
vn -0.0420 0.9957 -0.0824
vn -0.0914 0.9953 0.0323
vn 0.4762 0.8793 0.0078
vn 0.3162 0.9478 0.0404
vn 0.1361 0.9897 -0.0454
vn -0.0679 0.9857 0.1539
vn 0.6727 0.7348 -0.0870
vn 0.7501 0.6234 -0.2207
vn 0.8740 0.4276 -0.2309
vn 0.8230 0.5581 -0.1062
vn 0.9236 0.3061 -0.2306
vn 0.8582 0.4315 -0.2780
vn 0.9156 0.3477 -0.2020
vn 0.9638 0.1919 -0.1850
vn 0.9610 0.2266 -0.1585
vn 0.7650 0.6430 -0.0351
vn 0.6608 0.7488 0.0517
vn 0.9121 0.4075 -0.0451
vn 0.7819 0.6182 0.0804
vn 0.5919 0.7881 0.1687
vn 0.4027 0.8886 0.2197
vn 0.9797 0.1427 -0.1408
vn 0.9747 0.0719 -0.2116
vn 0.9809 -0.0841 -0.1755
vn 0.9678 -0.1451 -0.2055
vn 0.9406 -0.2811 -0.1904
vn -0.3710 0.9171 0.1461
vn -0.0622 0.9655 0.2527
vn 0.1723 0.9498 0.2610
vn 0.1596 0.9796 0.1220
vn -0.6798 0.7202 0.1384
vn -0.8004 0.5768 0.1631
vn -0.6872 0.7179 0.1113
vn -0.5260 0.8480 0.0651
vn -0.8569 0.4917 0.1548
vn -0.9248 0.3103 0.2203
vn -0.5584 0.8012 0.2150
vn -0.7339 0.6635 0.1454
vn -0.8781 0.4592 0.1342
vn -0.7183 0.6758 0.1653
vn -0.9489 0.2625 0.1754
vn -0.9808 -0.0161 0.1944
vn 0.9830 0.0155 -0.1828
vn 0.9450 -0.2530 -0.2072
vn 0.8746 -0.4748 -0.0983
vn 0.8027 -0.5660 -0.1881
vn -0.9925 -0.0734 0.0976
vn -0.9623 -0.2580 0.0861
vn -0.8889 -0.4553 0.0505
vn -0.9485 -0.2954 0.1143
vn -0.9214 -0.3034 0.2430
vn -0.8706 -0.4866 0.0726
vn -0.7949 -0.5698 0.2084
vn -0.9743 0.0527 0.2191
vn -0.9501 -0.1429 0.2772
vn -0.8852 -0.3888 0.2555
vn -0.9711 -0.1627 0.1746
vn -0.9039 -0.3904 0.1746
vn -0.9705 0.2149 0.1097
vn -0.9864 -0.1067 0.1253
vn -0.9400 -0.2962 0.1691
vn -0.7814 -0.5936 0.1924
vn -0.4503 -0.8895 0.0773
vn -0.6460 -0.7504 0.1400
vn -0.5140 -0.8504 0.1125
vn -0.6210 -0.7674 0.1594
vn -0.4667 -0.8535 0.2319
vn -0.6892 -0.6979 0.1946
vn -0.6501 -0.7272 0.2204
vn -0.4616 -0.8724 0.1605
vn -0.4793 -0.8762 -0.0502
vn -0.7492 -0.6607 0.0454
vn -0.5985 -0.7582 -0.2589
vn -0.3822 -0.9164 -0.1190
vn -0.7438 -0.6638 0.0789
vn -0.7653 -0.6423 0.0422
vn 0.4828 -0.8734 -0.0639
vn 0.6485 -0.7547 -0.0990
vn 0.6612 -0.7350 -0.1501
vn 0.2771 -0.9560 -0.0961
vn 0.4182 -0.8966 -0.1453
vn 0.2216 -0.9736 -0.0541
vn 0.5016 -0.8580 -0.1104
vn 0.8116 -0.5585 -0.1714
vn 0.9065 -0.3728 -0.1984
vn 0.3912 -0.9179 -0.0662
vn 0.5715 -0.8124 -0.1154
vn 0.8567 -0.4793 -0.1905
vn 0.1992 -0.9799 -0.0065
vn -0.0028 -1.0000 -0.0050
vn -0.2408 -0.9699 0.0363
vn -0.2015 -0.9787 0.0399
vn -0.3314 -0.9395 0.0870
vn -0.2292 -0.9601 0.1601
vn -0.0214 -0.9970 0.0745
vn -0.0966 -0.9935 0.0601
vn 0.0415 -0.9991 -0.0114
vn -0.1701 -0.9837 -0.0587
vn 0.1121 -0.9858 -0.1246
vn -0.0581 -0.9916 -0.1156
vn -0.3458 -0.9019 -0.2589
vn -0.2887 -0.9479 0.1347
vn -0.0296 0.9651 0.2601
vn 0.2884 0.9260 0.2437
vn -0.3425 0.9131 0.2214
vn 0.5472 0.8107 0.2084
vn 0.7574 0.6392 0.1335
vn -0.1363 0.9642 0.2273
vn -0.7757 0.6024 0.1881
vn -0.7783 0.4867 0.3967
vn -0.8381 0.4688 0.2790
vn 0.3960 0.8865 0.2396
vn 0.6127 0.7710 0.1739
vn 0.0898 0.9582 0.2716
vn 0.7793 0.6166 0.1117
vn 0.8913 0.4503 0.0536
vn 0.9682 0.2487 -0.0251
vn 0.9841 0.1235 -0.1277
vn 0.9959 -0.0144 -0.0891
vn 0.9736 -0.1807 -0.1397
vn 0.9187 -0.2943 -0.2635
vn 0.6122 0.7655 0.1979
vn 0.8943 0.4438 0.0571
vn 0.7678 0.6255 0.1384
vn -0.4450 0.7286 0.5206
vn -0.3499 0.9045 0.2438
vn -0.2402 0.8908 0.3858
vn 0.9074 -0.4203 -0.0078
vn 0.8869 -0.4334 -0.1599
vn 0.9952 0.0908 -0.0354
vn 0.9965 -0.0678 -0.0487
vn 0.9713 -0.2358 -0.0319
vn -0.1103 0.8269 0.5514
vn -0.1053 0.6392 0.7618
vn -0.3064 0.7847 0.5389
vn -0.1677 0.4515 0.8764
vn 0.7441 -0.6547 -0.1326
vn 0.7311 -0.6613 -0.1680
vn 0.4794 -0.8750 -0.0668
vn 0.1777 -0.9838 0.0249
vn -0.0945 -0.9880 0.1221
vn -0.3374 -0.9238 0.1809
vn -0.5475 -0.8049 0.2290
vn -0.6901 -0.7126 0.1266
vn -0.8276 -0.5370 0.1636
vn -0.8531 -0.5040 0.1350
vn -0.9971 -0.0053 0.0756
vn -0.8572 0.2816 0.4312
vn -0.1747 -0.0620 0.9827
vn -0.4988 -0.1685 0.8502
vn -0.9510 0.0674 0.3017
vn -0.8155 -0.2042 0.5415
vn -0.9370 -0.3199 0.1402
vn -0.3699 -0.4530 0.8111
vn -0.8173 -0.4011 0.4138
vn -0.5552 -0.5483 0.6254
vn -0.7437 -0.5929 0.3088
vn -0.5948 -0.7654 0.2459
vn -0.4532 -0.8902 0.0465
vn 0.0805 -0.9947 0.0645
vn 0.2928 -0.9562 -0.0059
vn -0.1365 -0.9901 -0.0337
vn 0.5921 -0.8050 -0.0390
vn 0.7926 -0.6080 -0.0455
vn -0.5084 0.8362 0.2056
vn -0.2873 0.9339 0.2127
vn 0.3873 0.8558 0.3428
vn -0.1286 0.9801 0.1511
vn 0.2523 0.9353 0.2481
vn 0.0347 0.9781 0.2052
vn 0.1294 0.9455 0.2990
vn -0.2764 0.9518 0.1332
vn -0.0491 0.9923 0.1136
vn -0.2705 0.9619 0.0397
vn -0.4929 0.8490 0.1906
vn -0.6673 0.7217 0.1841
vn -0.8541 0.4870 0.1825
vn 0.6557 0.5654 0.5004
vn 0.5980 0.7143 0.3636
vn 0.4729 0.7914 0.3874
vn 0.3961 0.8836 0.2497
vn -0.9276 0.2871 0.2388
vn -0.9653 0.0376 0.2585
vn -0.9004 -0.2316 0.3683
vn -0.6945 -0.4420 0.5677
vn -0.8921 -0.4027 0.2049
vn -0.5859 -0.6269 0.5136
vn -0.4914 -0.7300 0.4750
vn -0.4012 -0.7466 0.5307
vn -0.3703 -0.9022 0.2214
vn -0.2668 -0.8591 0.4367
vn -0.1328 -0.9673 0.2163
vn 0.1396 -0.9629 0.2309
vn -0.0311 -0.8705 0.4912
vn 0.2967 -0.8073 0.5102
vn 0.1722 -0.5280 0.8316
vn 0.5504 -0.6292 0.5488
vn 0.2856 -0.3275 0.9006
vn 0.5644 -0.8220 0.0763
vn 0.8146 -0.4814 0.3234
vn 0.6876 -0.2615 0.6774
vn 0.7659 -0.0652 0.6397
vn 0.9721 -0.0612 0.2267
vn 0.8513 0.1663 0.4977
vn 0.5543 0.3700 0.7456
vn 0.9943 -0.0982 0.0407
vn 0.1084 0.5764 0.8099
vn 0.3711 0.6843 0.6276
vn 0.4469 0.2345 0.8633
vn -0.0352 0.2879 0.9570
vn -0.1008 -0.1210 0.9875
vn 0.0526 -0.0228 0.9984
vn 0.2749 0.0889 0.9574
vn -0.0690 -0.8941 0.4425
vn -0.2521 -0.7891 0.5601
vn -0.1783 -0.9150 0.3621
vn -0.1641 -0.3932 0.9047
vn -0.1958 -0.6560 0.7290
vn -0.4727 -0.5256 0.7073
vn -0.5627 -0.3232 0.7609
vn -0.4696 -0.7122 0.5218
vn -0.1899 -0.9637 0.1874
vn -0.3143 -0.8917 0.3258
vn -0.1762 0.8426 0.5089
vn 0.0832 0.9492 0.3034
vn 0.2473 0.8600 0.4464
vn -0.1028 0.9424 0.3183
vn -0.0315 0.9920 0.1226
vn 0.0327 0.9915 0.1260
vn -0.0201 0.7031 0.7108
vn 0.3090 0.9419 0.1317
vn 0.3309 0.9208 0.2067
vn 0.0923 0.9849 0.1463
vn -0.1511 0.9870 0.0555
vn -0.0460 0.9970 0.0624
vn -0.1969 0.9798 -0.0352
vn -0.0546 0.9978 -0.0374
vn 0.0752 0.9971 -0.0110
vn 0.1256 0.9887 0.0815
vn 0.2721 0.9623 -0.0004
vn -0.1689 0.9811 -0.0948
vn -0.0721 0.9925 -0.0987
vn 0.1355 0.9886 -0.0654
vn 0.0428 0.9949 -0.0918
vn 0.2744 0.9605 0.0474
vn 0.2305 0.9725 -0.0335
vn 0.1653 0.9844 -0.0607
vn 0.0487 0.9984 -0.0292
vn 0.1806 0.9799 -0.0843
vn 0.0282 0.9994 0.0191
vn 0.0316 0.9967 -0.0746
vn 0.1544 0.9448 0.2889
vn -0.0571 0.9487 0.3110
vn 0.8638 0.4756 0.1665
vn 0.6580 0.7202 0.2199
vn 0.9141 0.3349 0.2287
vn 0.8995 0.4169 0.1307
vn 0.3344 0.9103 0.2441
vn 0.5203 0.8315 0.1947
vn 0.0862 0.9798 0.1802
vn 0.2735 0.9572 0.0948
vn 0.7709 0.6237 0.1291
vn 0.8761 0.4761 0.0755
vn 0.8751 0.4792 0.0678
vn 0.6430 0.7621 0.0757
vn 0.4100 0.9040 0.1213
vn 0.7237 0.6901 0.0038
vn 0.8313 0.5558 -0.0018
vn 0.7325 0.6756 -0.0836
vn 0.5189 0.8531 0.0537
vn 0.3965 0.9171 -0.0403
vn 0.1491 0.9888 -0.0113
vn 0.5833 0.8101 -0.0588
vn 0.4667 0.8765 -0.1181
vn 0.3419 0.9322 -0.1184
vn 0.5974 0.7917 -0.1273
vn 0.5506 0.8265 -0.1175
vn 0.4464 0.8849 -0.1328
vn 0.3087 0.9433 -0.1222
vn 0.6920 0.7116 -0.1217
vn 0.8049 0.5927 -0.0272
vn 0.6670 0.7448 -0.0160
vn 0.7272 0.6813 -0.0839
vn 0.8197 0.5303 0.2164
vn 0.7450 0.6619 0.0829
vn 0.7733 0.4434 0.4532
vn 0.5924 0.7120 0.3770
vn 0.4400 0.6791 0.5876
vn 0.2785 0.8324 0.4790
vn 0.6087 0.7625 0.2192
vn 0.3136 0.8957 0.3154
vn 0.5860 0.8012 0.1214
vn 0.5993 0.7976 -0.0687
vn 0.5229 0.8521 0.0222
vn 0.4058 0.9099 0.0860
vn 0.0026 0.9995 -0.0329
vn 0.1927 0.9778 -0.0823
vn 0.3894 0.5003 0.7733
vn 0.7510 0.2765 0.5997
vn 0.5258 0.1349 0.8398
vn -0.4763 -0.7857 0.3948
vn -0.3058 -0.8887 0.3416
vn -0.1268 -0.9123 0.3894
vn -0.0100 -0.9288 0.3705
vn -0.2022 -0.9451 0.2565
vn -0.1178 -0.9652 0.2333
vn 0.3927 -0.0427 0.9187
vn 0.0682 -0.3802 0.9224
vn -0.4737 -0.7620 0.4416
vn -0.4262 -0.6569 0.6220
vn -0.1550 -0.8607 0.4849
vn -0.5740 -0.6648 0.4781
vn -0.1340 -0.6760 0.7246
vn 0.2516 -0.6867 0.6820
vn 0.8254 0.5639 0.0269
vn 0.7131 0.7004 0.0303
vn 0.5523 0.8205 0.1471
vn 0.4209 0.8742 0.2421
vn 0.2289 0.9209 0.3154
vn 0.9742 0.2221 -0.0395
vn 0.9128 0.4073 -0.0307
vn 0.8297 0.5365 -0.1542
vn 0.9417 0.3193 -0.1064
vn 0.9114 0.4005 -0.0944
vn 0.6830 0.7087 -0.1770
vn 0.4341 0.8932 0.1174
vn -0.0597 0.9212 0.3846
vn 0.0408 0.9546 0.2952
vn 0.2780 0.9343 0.2230
vn 0.1768 0.9537 0.2432
vn -0.0009 0.9331 0.3596
vn 0.3024 0.9413 0.1500
vn 0.5564 0.8304 -0.0270
vn 0.6565 0.7357 -0.1666
vn 0.7747 0.6032 -0.1900
vn 0.7146 0.6898 -0.1163
vn 0.4572 0.8882 0.0452
vn 0.4268 0.9034 0.0414
vn 0.5512 0.8304 -0.0815
vn -0.0978 0.9748 0.2007
vn 0.6014 0.7975 -0.0490
vn 0.4821 0.8761 -0.0008
vn 0.6388 0.7687 -0.0323
vn 0.5765 0.8162 -0.0375
vn 0.7881 0.6137 -0.0469
vn 0.7242 0.6887 -0.0340
vn 0.7949 0.6066 -0.0159
vn 0.6789 0.7332 -0.0387
vn 0.4910 0.8705 -0.0333
vn 0.4723 0.8811 -0.0252
vn 0.9160 -0.4011 0.0080
vn 0.9608 -0.2663 -0.0771
vn 0.9981 -0.0509 -0.0337
vn 0.9853 0.1608 -0.0582
vn 0.9584 0.2851 -0.0157
vn 0.9934 0.1071 -0.0405
vn 0.9985 0.0262 0.0486
vn 0.9662 0.2579 0.0020
vn 0.8933 0.4428 -0.0766
vn 0.8912 0.4533 -0.0166
vn 0.7959 0.5997 -0.0828
vn 0.8618 -0.4978 -0.0970
vn 0.9478 -0.3136 -0.0580
vn 0.9211 -0.3856 0.0538
vn 0.9788 -0.1906 0.0751
vn 0.9969 -0.0568 -0.0549
vn -0.4804 -0.7913 0.3783
vn 0.5813 -0.8079 0.0970
vn 0.7834 -0.6189 0.0571
vn 0.7907 -0.6085 0.0668
vn 0.6531 -0.7548 0.0618
vn 0.8826 0.2749 -0.3814
vn 0.8483 0.0415 -0.5279
vn 0.8170 -0.0042 -0.5767
vn 0.8021 -0.1712 -0.5721
vn 0.8273 -0.1572 -0.5393
vn 0.7837 -0.3378 -0.5213
vn 0.8370 -0.2390 -0.4923
vn 0.2800 0.9220 -0.2673
vn 0.8127 0.5784 -0.0714
vn 0.7873 0.5837 -0.1985
vn 0.8934 0.4346 -0.1137
vn 0.9572 0.2896 -0.0003
vn 0.7244 -0.3590 -0.5885
vn 0.6366 -0.4603 -0.6188
vn 0.6420 -0.5332 -0.5509
vn 0.7578 -0.1713 -0.6296
vn 0.4781 0.8780 -0.0233
vn 0.5852 0.7976 -0.1459
vn 0.4634 0.8854 0.0359
vn 0.7531 0.5840 -0.3029
vn 0.7682 0.6140 -0.1815
vn 0.5353 -0.3433 -0.7717
vn 0.7897 -0.1894 -0.5835
vn 0.6868 0.4352 -0.5821
vn 0.7840 0.1399 -0.6048
vn 0.7084 -0.1675 -0.6856
vn 0.8312 0.5235 -0.1875
vn 0.5860 0.7047 -0.3999
vn 0.5051 0.8390 -0.2022
vn 0.7660 -0.2657 -0.5854
vn 0.7151 -0.2698 -0.6448
vn 0.7278 -0.5970 -0.3376
vn 0.6097 -0.3933 -0.6882
vn 0.5364 -0.7082 -0.4591
vn 0.6440 -0.5757 -0.5039
vn 0.5037 -0.7917 -0.3458
vn 0.7562 -0.6539 -0.0251
vn 0.7037 -0.6065 -0.3701
vn 0.7898 -0.5646 0.2395
vn 0.6221 -0.6158 -0.4836
vn 0.7702 -0.6377 0.0124
vn 0.5168 -0.8490 -0.1105
vn 0.3728 -0.9157 -0.1500
vn 0.5161 -0.8394 0.1703
vn 0.7406 -0.2671 -0.6166
vn 0.8288 -0.2659 -0.4922
vn 0.8621 -0.4293 0.2694
vn 0.9416 -0.2107 0.2628
vn 0.8425 -0.4637 0.2741
vn 0.7886 -0.2949 0.5396
vn 0.8369 -0.3367 0.4315
vn 0.9524 -0.1565 -0.2615
vn 0.9941 0.0725 0.0806
vn 0.9079 0.1429 -0.3940
vn 0.4172 -0.8102 0.4117
vn 0.6552 -0.6311 0.4153
vn 0.4306 -0.6373 0.6390
vn 0.6374 -0.4645 0.6147
vn 0.7911 -0.3244 0.5186
vn 0.7665 0.0562 0.6398
vn 0.8116 0.3903 0.4348
vn 0.6865 0.2965 0.6639
vn 0.7989 -0.1555 0.5811
vn 0.9071 0.0441 0.4186
vn 0.7786 -0.0117 0.6274
vn 0.7316 0.4503 0.5119
vn 0.5668 -0.1780 0.8044
vn 0.6156 0.1356 0.7763
vn 0.4950 0.0764 0.8655
vn 0.8566 0.2865 -0.4292
vn 0.7416 0.6081 -0.2833
vn 0.8684 0.4944 0.0391
vn 0.6365 0.7674 0.0772
vn 0.8478 0.1011 0.5206
vn 0.6924 0.5064 0.5139
vn 0.5283 0.6904 0.4942
vn 0.6541 0.5626 0.5057
vn 0.6801 0.7172 0.1517
vn 0.6260 0.7561 -0.1908
vn 0.7140 0.6023 -0.3569
vn 0.4393 0.4160 0.7962
vn 0.3408 0.7921 0.5064
vn 0.2478 0.6052 0.7565
vn 0.8048 0.5488 -0.2259
vn 0.3329 0.9260 0.1778
vn 0.3683 0.8980 0.2406
vn 0.1919 0.8616 0.4699
vn 0.5668 0.7998 0.1977
vn 0.6963 0.6630 -0.2752
vn 0.7944 0.4893 -0.3599
vn 0.8570 -0.0298 -0.5145
vn 0.6128 0.7872 -0.0693
vn 0.7180 0.6766 -0.1635
vn 0.7790 0.5541 -0.2935
vn 0.8017 0.3809 -0.4605
vn 0.8328 0.3903 -0.3926
vn 0.8052 -0.2287 -0.5471
vn 0.7943 -0.0869 -0.6012
vn 0.7764 -0.3485 -0.5251
vn 0.7942 0.1295 -0.5937
vn 0.8614 0.0950 -0.4990
vn -0.2061 0.6384 0.7416
vn -0.0075 0.8523 0.5230
vn -0.2227 0.7411 0.6334
vn 0.0049 0.6831 0.7303
vn -0.2178 0.4212 0.8804
vn 0.0479 0.5633 0.8248
vn 0.2190 0.9183 0.3298
vn 0.4002 0.9062 0.1368
vn 0.2118 0.9438 0.2539
vn -0.0019 0.9140 0.4057
vn -0.2825 0.8148 0.5062
vn -0.0616 0.2696 0.9610
vn 0.1977 0.2748 0.9410
vn 0.0858 -0.0043 0.9963
vn 0.3324 -0.0158 0.9430
vn 0.2966 -0.2749 0.9146
vn 0.3871 -0.4509 0.8043
vn 0.0101 -0.3840 0.9233
vn 0.1492 -0.5845 0.7975
vn 0.1828 -0.7583 0.6258
vn 0.6519 -0.2921 0.6998
vn 0.1563 -0.8640 0.4785
vn 0.2742 -0.9454 0.1763
vn 0.3213 -0.8921 -0.3177
vn 0.1349 -0.9907 0.0157
vn -0.0017 -0.9375 0.3480
vn -0.1480 -0.9745 0.1688
vn 0.3212 -0.7767 -0.5418
vn 0.5792 -0.6507 -0.4911
vn 0.4056 -0.8131 -0.4176
vn 0.1793 -0.9230 -0.3406
vn 0.1132 -0.9843 -0.1357
vn 0.8545 -0.2385 -0.4614
vn 0.8385 -0.0756 -0.5397
vn 0.7782 0.5808 -0.2390
vn 0.7677 0.6309 -0.1125
vn 0.7116 0.7025 0.0112
vn 0.9246 0.2483 -0.2888
vn 0.7308 -0.4367 -0.5246
vn 0.6783 -0.4996 -0.5388
vn 0.8970 0.0445 -0.4397
vn 0.9451 -0.0510 -0.3229
vn 0.8944 0.1900 -0.4048
vn 0.8357 -0.1247 -0.5348
vn 0.7783 0.0806 -0.6227
vn 0.9254 0.1791 -0.3338
vn 0.8857 -0.3058 -0.3493
vn 0.9009 -0.1767 -0.3965
vn 0.8341 -0.3834 -0.3966
vn 0.7676 -0.2930 -0.5700
vn 0.6796 -0.4766 -0.5577
vn 0.4178 -0.6785 -0.6043
vn 0.1164 -0.8392 -0.5312
vn 0.3421 -0.7915 -0.5065
vn 0.8678 0.4778 0.1369
vn 0.7997 0.5809 0.1517
vn 0.9177 0.3944 -0.0476
vn 0.9468 0.3199 -0.0359
vn 0.4029 0.8992 0.1705
vn 0.1815 0.9575 0.2241
vn -0.0731 0.9475 0.3113
vn -0.1628 0.9501 0.2663
vn -0.3673 0.8831 0.2919
vn 0.4309 0.8832 0.1850
vn 0.6182 0.7844 0.0503
vn 0.5302 0.8407 0.1101
vn 0.7284 0.6849 0.0190
vn 0.7228 0.6903 0.0327
vn 0.5769 0.8115 0.0928
vn 0.7145 0.6990 0.0292
vn 0.7167 0.5645 -0.4096
vn 0.2105 0.9554 0.2071
vn -0.0766 0.9577 0.2773
vn 0.8705 0.3771 -0.3161
vn 0.8652 0.5014 0.0017
vn 0.9703 0.2406 0.0240
vn 0.8497 0.4800 -0.2181
vn 0.8460 0.4521 -0.2825
vn 0.7283 0.4149 -0.5454
vn 0.8875 -0.0179 -0.4604
vn 0.9782 0.0783 -0.1922
vn 0.9708 -0.2022 -0.1293
vn 0.9911 0.0303 -0.1294
vn -0.0332 -0.2165 0.9757
vn -0.1666 -0.0053 0.9860
vn -0.3051 0.2047 0.9300
vn -0.4067 0.4360 0.8028
vn -0.5354 0.2770 0.7978
vn -0.6314 0.0405 0.7744
vn -0.4936 0.0772 0.8662
vn -0.3903 -0.0617 0.9186
vn -0.7516 0.2977 0.5886
vn -0.5958 0.4200 0.6846
vn -0.6557 0.4983 0.5673
vn -0.5070 0.6631 0.5507
vn -0.7156 0.1158 0.6888
vn -0.4104 0.6210 0.6678
vn -0.4859 0.7821 0.3901
vn -0.6802 0.7189 0.1428
vn -0.7588 0.5023 0.4146
vn -0.6830 0.5714 0.4550
vn -0.8553 0.5014 0.1305
vn -0.7806 0.5986 0.1802
vn -0.6870 0.7162 0.1227
vn -0.4853 0.8336 0.2638
vn -0.5947 0.7145 0.3685
vn -0.0053 -0.7319 0.6814
vn -0.0327 -0.5290 0.8480
vn -0.1641 -0.7960 0.5826
vn -0.3769 -0.6452 0.6646
vn -0.4479 -0.7487 0.4887
vn -0.2614 -0.8752 0.4071
vn -0.5082 -0.6130 0.6049
vn -0.0489 -0.9726 -0.2275
vn -0.1474 -0.9889 0.0184
vn -0.2491 -0.9647 -0.0851
vn -0.3719 -0.9204 0.1204
vn -0.3508 -0.9107 0.2179
vn -0.4803 -0.8068 0.3440
vn -0.5763 -0.7850 0.2275
vn -0.6163 -0.6445 0.4526
vn -0.2247 -0.8833 -0.4116
vn -0.3881 -0.9002 -0.1975
vn -0.5118 -0.8072 -0.2942
vn 0.0488 -0.8789 -0.4745
vn -0.4851 -0.8738 0.0323
vn -0.6385 -0.7694 0.0175
vn -0.4975 -0.8174 -0.2904
vn -0.1278 -0.8617 -0.4910
vn -0.6993 -0.6966 -0.1603
vn -0.7061 -0.6580 -0.2615
vn 0.7106 0.5263 -0.4669
vn 0.7937 0.6082 0.0060
vn 0.9355 0.3513 -0.0373
vn 0.7635 0.6458 -0.0050
vn 0.9024 0.4235 -0.0791
vn 0.7790 0.3093 -0.5454
vn 0.9915 0.1292 0.0138
vn 0.9804 -0.0756 -0.1822
vn 0.7795 -0.0263 -0.6258
vn 0.8286 0.1519 -0.5389
vn 0.8370 0.1556 -0.5246
vn 0.7809 0.3834 -0.4931
vn 0.5562 0.8283 0.0675
vn 0.5507 0.8270 -0.1129
vn 0.3916 0.9077 0.1507
vn 0.6358 0.6526 -0.4123
vn 0.6692 0.5947 -0.4455
vn 0.5464 0.7114 -0.4420
vn 0.7672 0.4567 -0.4504
vn 0.8665 0.2030 -0.4561
vn 0.1722 0.9806 0.0934
vn 0.3620 0.9275 -0.0937
vn 0.2655 0.9632 0.0418
vn 0.3158 0.8540 -0.4134
vn 0.6116 0.6845 -0.3968
vn 0.7978 -0.1175 -0.5913
vn 0.9844 -0.0900 -0.1509
vn 0.3625 0.5797 -0.7297
vn 0.1356 0.7106 -0.6905
vn 0.8213 0.0035 -0.5705
vn 0.5778 0.2301 -0.7831
vn 0.5940 0.7264 -0.3458
vn 0.7708 0.6274 -0.1110
vn 0.4393 0.8796 -0.1826
vn 0.5117 0.8587 -0.0299
vn 0.6821 0.5966 -0.4229
vn 0.6274 0.7644 -0.1485
vn 0.9367 0.3435 -0.0673
vn 0.6534 -0.0474 -0.7555
vn 0.7454 0.0514 -0.6646
vn 0.6776 -0.2544 -0.6900
vn 0.9514 -0.0302 -0.3066
vn 0.9399 0.1836 -0.2879
vn 0.7992 0.2597 -0.5420
vn 0.7526 0.3986 -0.5242
vn 0.5900 0.3902 -0.7068
vn 0.7659 -0.4731 -0.4355
vn 0.6579 -0.1940 -0.7277
vn 0.6504 -0.5483 -0.5257
vn 0.7653 -0.3738 -0.5240
vn 0.6497 -0.5805 -0.4908
vn 0.8534 -0.2857 -0.4359
vn 0.8046 -0.4539 -0.3829
vn 0.6686 -0.4065 -0.6226
vn 0.8097 0.4853 -0.3300
vn 0.9074 0.2958 -0.2985
vn 0.6441 -0.3421 -0.6842
vn 0.9017 -0.2412 -0.3589
vn 0.7785 -0.4407 -0.4468
vn 0.8700 -0.3624 -0.3343
vn 0.9382 -0.2060 -0.2782
vn 0.9468 0.1869 -0.2620
vn 0.8833 0.4255 -0.1970
vn 0.7373 0.6577 -0.1547
vn 0.7582 0.6165 -0.2123
vn 0.2920 -0.8769 -0.3819
vn 0.0488 -0.9160 -0.3981
vn 0.0643 -0.9723 -0.2249
vn 0.5373 -0.5854 -0.6071
vn 0.6183 -0.6051 -0.5015
vn 0.4463 -0.7192 -0.5325
vn 0.5120 -0.7227 -0.4642
vn 0.2875 -0.8310 -0.4763
vn 0.3228 -0.8873 -0.3293
vn 0.5236 -0.7151 -0.4632
vn 0.0959 -0.8876 -0.4505
vn 0.6834 -0.5911 -0.4284
vn 0.5329 -0.5908 -0.6058
vn -0.2401 0.8659 0.4388
vn -0.3977 0.6818 0.6139
vn -0.4695 0.7582 0.4524
vn 0.0346 0.9705 0.2384
vn -0.3872 0.8433 0.3726
vn -0.5532 0.6356 0.5385
vn -0.6566 0.6299 0.4149
vn -0.5095 0.5622 0.6514
vn -0.3463 0.6001 0.7211
vn -0.4969 0.5461 0.6745
vn -0.6315 0.3609 0.6863
vn -0.7224 0.0766 0.6872
vn -0.6963 0.3265 0.6393
vn -0.8167 -0.2217 0.5327
vn -0.7747 -0.1868 0.6040
vn -0.8045 0.0786 0.5888
vn -0.8422 -0.2303 0.4875
vn -0.8154 0.0175 0.5786
vn -0.7103 0.2105 0.6717
vn -0.5024 0.4336 0.7480
vn -0.8110 0.2155 0.5440
vn -0.8822 -0.1323 0.4520
vn -0.7204 -0.4762 0.5043
vn -0.8570 -0.4356 0.2752
vn -0.7222 0.4478 0.5272
vn -0.9075 0.2356 0.3477
vn -0.9738 -0.1130 0.1976
vn -0.7276 0.5567 0.4008
vn -0.8660 -0.1662 0.4717
vn -0.9407 -0.3371 0.0384
vn -0.8120 -0.4394 0.3842
vn -0.9290 0.3611 -0.0811
vn -0.9113 0.1430 0.3860
vn -0.8028 0.1257 0.5828
vn -0.8654 0.2977 0.4031
vn -0.9281 0.0040 0.3722
vn -0.9323 -0.2248 0.2835
vn -0.9421 -0.1651 0.2919
vn -0.8075 0.1671 0.5656
vn -0.9048 -0.3755 0.2007
vn -0.8070 -0.3558 0.4714
vn -0.8051 0.0284 0.5924
vn -0.7272 -0.1476 0.6703
vn -0.7964 -0.2320 0.5586
vn -0.7252 -0.3498 0.5931
vn -0.7351 -0.4721 0.4865
vn -0.6413 -0.2827 0.7133
vn -0.6355 -0.4648 0.6165
vn -0.7720 -0.4823 0.4140
vn -0.6804 -0.6335 0.3683
vn -0.7281 -0.6314 0.2668
vn -0.8705 -0.4838 0.0905
vn -0.8230 -0.5648 -0.0600
vn -0.8882 -0.4546 0.0671
vn -0.8606 -0.5092 0.0071
vn -0.8166 -0.4868 -0.3102
vn -0.1312 -0.8967 -0.4226
vn -0.3103 -0.8724 -0.3776
vn -0.7074 -0.6983 -0.1092
vn -0.8617 -0.4953 -0.1102
vn -0.3687 -0.8657 -0.3386
vn -0.5895 -0.7758 -0.2251
vn -0.7351 -0.6736 0.0769
vn -0.2105 -0.9323 -0.2940
vn -0.4969 -0.8451 -0.1975
vn -0.7076 -0.6439 0.2909
vn -0.6681 -0.7061 0.2347
vn -0.7034 -0.7107 -0.0142
vn -0.3566 -0.9331 -0.0459
vn -0.1969 -0.9770 -0.0824
vn -0.7635 -0.5602 0.3212
vn -0.7571 -0.6007 0.2571
vn -0.7160 -0.5601 0.4167
vn -0.7449 -0.4955 0.4468
vn -0.7240 -0.5106 0.4639
vn -0.8472 -0.3659 0.3851
vn -0.6835 -0.6536 0.3250
vn 0.8596 0.4176 -0.2943
vn 0.8326 -0.3066 -0.4613
vn 0.8909 -0.1161 -0.4392
vn 0.9537 0.0181 -0.3002
vn 0.9228 0.0420 -0.3829
vn 0.8280 0.5123 -0.2281
vn 0.7316 -0.5537 -0.3976
vn 0.5490 -0.7033 -0.4516
vn 0.7091 -0.5138 -0.4829
vn 0.2161 -0.9204 -0.3258
vn 0.3044 -0.8714 -0.3847
vn 0.7043 0.7044 -0.0875
vn 0.6119 0.7902 0.0344
vn 0.1910 0.8596 0.4740
vn 0.2397 0.7837 0.5730
vn -0.0203 0.6248 0.7805
vn 0.3500 0.9009 0.2565
vn 0.8872 0.3872 -0.2510
vn 0.9088 0.2491 -0.3348
vn 0.9268 0.2270 -0.2992
vn 0.9122 -0.1352 -0.3867
vn 0.9191 0.0989 -0.3814
vn 0.8476 -0.3421 -0.4057
vn 0.7638 -0.4895 -0.4207
vn 0.8531 0.4978 -0.1561
vn 0.7723 0.6287 -0.0909
vn 0.6440 0.7632 -0.0528
vn 0.8969 0.4175 -0.1457
vn 0.7392 0.6732 0.0199
vn 0.8395 0.5432 -0.0130
vn 0.7831 -0.4887 -0.3845
vn 0.8864 -0.2626 -0.3813
vn 0.9135 -0.0468 -0.4042
vn 0.8823 0.4246 -0.2030
vn 0.9054 0.2198 -0.3631
vn 0.9026 0.3090 -0.2996
vn 0.8734 0.1493 -0.4636
vn 0.8667 0.3301 -0.3740
vn 0.8263 0.5611 -0.0489
vn 0.8977 0.0122 -0.4404
vn 0.8289 0.2683 -0.4909
vn 0.7667 -0.4545 -0.4534
vn 0.8433 -0.1998 -0.4989
vn 0.8375 0.0067 -0.5464
vn 0.8116 0.4665 -0.3518
vn 0.7769 0.4519 -0.4384
vn 0.7565 0.5790 -0.3040
vn 0.8287 0.2000 -0.5228
vn 0.8256 0.0145 -0.5641
vn 0.8267 0.0647 -0.5589
vn 0.8241 -0.1034 -0.5569
vn 0.8065 0.3375 -0.4855
vn 0.8218 0.2322 -0.5203
vn 0.8027 -0.1925 -0.5645
vn 0.7976 -0.2867 -0.5307
vn 0.4215 -0.8623 -0.2807
vn 0.6027 -0.7096 -0.3651
vn 0.4607 -0.8317 -0.3098
vn 0.6560 -0.6513 -0.3813
vn 0.6511 -0.6115 -0.4497
vn 0.5786 -0.6454 -0.4987
vn 0.4119 -0.8238 -0.3894
vn 0.6693 -0.5429 -0.5072
vn 0.5109 -0.7508 -0.4186
vn 0.5269 -0.6355 -0.5644
vn 0.6393 -0.4583 -0.6175
vn 0.7397 -0.3718 -0.5609
vn 0.2793 -0.9056 -0.3190
vn 0.3943 -0.7810 -0.4844
vn 0.2815 0.9070 0.3131
vn 0.4957 0.8650 0.0776
vn 0.5648 0.6429 0.5174
vn 0.4631 0.8747 0.1431
vn -0.5581 -0.8092 0.1836
vn -0.4916 -0.8682 0.0679
vn -0.6304 -0.7640 0.1374
vn -0.0042 -0.9908 -0.1356
vn 0.1204 -0.9545 -0.2727
vn -0.0042 -0.9856 -0.1688
vn -0.1411 -0.9898 -0.0173
vn -0.3680 -0.9276 0.0649
vn -0.4100 -0.8930 0.1855
vn -0.2183 -0.9672 0.1299
vn -0.3466 -0.8941 0.2838
vn -0.5056 -0.8115 0.2931
vn 0.2051 -0.9448 -0.2555
vn -0.2710 -0.9192 0.2858
vn -0.2083 -0.9616 0.1788
vn 0.0684 -0.9939 -0.0871
vn 0.2179 -0.9597 -0.1778
vn -0.8624 -0.1481 0.4841
vn -0.6119 -0.7251 0.3159
vn -0.6985 -0.6547 0.2890
vn -0.7237 -0.5264 0.4463
vn -0.4477 -0.7465 0.4922
vn -0.5671 -0.6518 0.5036
vn -0.4783 -0.6598 0.5796
vn -0.4404 -0.5322 0.7230
vn -0.3596 -0.7234 0.5894
vn -0.3639 -0.7484 0.5545
vn -0.3010 -0.8942 0.3313
vn -0.3617 -0.7800 0.5107
vn -0.7142 -0.0079 0.6999
vn -0.5449 0.1909 0.8165
vn -0.3071 0.3882 0.8689
vn -0.0487 -0.6917 0.7205
vn 0.2856 -0.6492 0.7050
vn 0.0161 -0.7707 0.6370
vn 0.1407 -0.5595 0.8168
vn -0.0728 -0.6079 0.7906
vn -0.4746 -0.3618 0.8024
vn 0.1131 -0.3516 0.9293
vn 0.5747 -0.4598 0.6770
vn 0.4914 -0.3674 0.7896
vn 0.4889 -0.1534 0.8588
vn 0.6737 -0.2019 0.7109
vn -0.2259 -0.7659 0.6020
vn -0.2482 -0.8186 0.5180
vn -0.2304 0.5372 0.8114
vn -0.0881 0.2433 0.9660
vn -0.0417 0.4340 0.9000
vn 0.2278 -0.0463 0.9726
vn 0.7559 -0.0705 0.6509
vn 0.8649 0.0638 0.4978
vn 0.8944 -0.2276 0.3851
vn 0.4543 0.1705 0.8744
vn 0.2846 0.5729 0.7687
vn 0.6151 0.2362 0.7523
vn 0.2053 -0.8037 0.5585
vn 0.4931 -0.6664 0.5592
vn 0.2406 -0.8911 0.3848
vn 0.7263 -0.4373 0.5303
vn 0.6608 -0.6191 0.4243
vn -0.2612 0.9595 -0.1056
vn -0.2449 0.9637 -0.1060
vn -0.2500 0.9608 -0.1197
vn -0.3041 0.9374 -0.1695
vn -0.2847 0.9501 -0.1272
vn -0.2546 0.9602 -0.1150
vn -0.2311 0.9640 -0.1315
vn -0.4360 0.8883 -0.1443
vn -0.5725 0.8059 -0.1506
vn -0.6475 0.7446 -0.1620
vn -0.7351 0.6642 -0.1358
vn -0.8745 0.4799 -0.0705
vn -0.5860 0.7934 -0.1644
vn 0.1116 0.9896 -0.0911
vn 0.1472 0.9775 -0.1513
vn 0.1749 0.9778 -0.1153
vn 0.3742 0.9194 -0.1208
vn 0.5353 0.8392 -0.0954
vn 0.4625 0.8795 -0.1123
vn 0.4617 0.8805 -0.1076
vn 0.4527 0.8903 -0.0490
vn 0.4744 0.8783 -0.0593
vn 0.5917 0.8034 -0.0668
vn 0.6856 0.7228 -0.0872
vn 0.8464 0.5223 -0.1039
vn 0.8887 0.4563 -0.0453
vn 0.7440 0.6544 -0.1352
vn 0.1190 0.9841 -0.1321
vn 0.0197 0.9845 -0.1741
vn -0.0408 0.9878 -0.1506
vn -0.1598 0.9718 -0.1734
vn -0.2654 0.9518 -0.1538
vn -0.1812 0.9692 -0.1667
vn -0.2634 0.9537 -0.1453
vn -0.3581 0.9267 -0.1134
vn -0.3947 0.8921 -0.2198
vn -0.3661 0.9112 -0.1888
vn -0.4923 0.8464 -0.2031
vn -0.5570 0.8001 -0.2228
vn -0.7579 0.6338 -0.1544
vn 0.0943 0.9828 -0.1585
vn 0.1607 0.9826 -0.0934
vn 0.2289 0.9626 -0.1447
vn 0.4267 0.8900 -0.1611
vn 0.3781 0.9134 -0.1505
vn 0.4718 0.8736 -0.1197
vn 0.5625 0.8086 -0.1725
vn 0.5098 0.8384 -0.1931
vn 0.5997 0.7902 -0.1265
vn 0.6325 0.7439 -0.2159
vn 0.7021 0.6702 -0.2407
vn 0.6612 0.7034 -0.2608
vn 0.6721 -0.7403 -0.0159
vn 0.8265 -0.5559 -0.0892
vn 0.5973 -0.8011 -0.0382
vn 0.3631 -0.9310 0.0376
vn 0.4948 -0.8632 0.0999
vn 0.3125 -0.9445 0.1012
vn 0.8361 -0.3889 0.3870
vn 0.9186 -0.3251 0.2246
vn 0.8400 -0.4699 0.2711
vn 0.9655 0.0800 0.2477
vn 0.9566 -0.1252 0.2632
vn 0.9929 0.0585 0.1036
vn 0.7935 0.6047 0.0690
vn 0.8315 0.5512 -0.0695
vn 0.7509 0.6439 -0.1467
vn 0.7111 0.6536 -0.2592
vn 0.7776 0.6109 -0.1489
vn 0.6800 0.7130 -0.1709
vn 0.7447 0.6674 -0.0021
vn 0.6565 0.7502 0.0784
vn 0.9365 0.3507 0.0066
vn -0.9090 0.4103 -0.0735
vn -0.8338 0.5294 -0.1563
vn -0.6909 0.6912 -0.2121
vn -0.9396 0.3123 -0.1401
vn -0.8550 0.4562 -0.2468
vn -0.7067 0.6564 -0.2641
vn -0.9983 0.0448 -0.0376
vn -0.9841 0.0934 -0.1513
vn -0.2895 0.9559 -0.0494
vn -0.1123 0.9873 -0.1127
vn -0.1696 0.9852 -0.0270
vn -0.0274 0.9993 -0.0238
vn -0.3723 0.9275 -0.0336
vn -0.4669 0.8717 -0.1488
vn -0.4621 0.8868 -0.0081
vn -0.5948 0.7910 -0.1434
vn -0.9120 0.2780 -0.3016
vn -0.5704 0.7763 -0.2684
vn -0.5275 0.8227 -0.2121
vn 0.3003 0.9368 -0.1793
vn 0.4717 0.8709 -0.1379
vn 0.3468 0.9257 -0.1508
vn 0.5913 0.7766 -0.2173
vn 0.5401 0.8216 -0.1824
vn -0.0047 0.9866 -0.1628
vn 0.1487 0.9813 -0.1221
vn 0.1659 0.9727 -0.1625
vn 0.0429 0.9939 -0.1014
vn -0.9543 -0.2664 0.1355
vn -0.9927 -0.0645 0.1018
vn -0.9222 -0.3655 -0.1261
vn -0.9501 -0.1867 -0.2498
vn -0.9040 -0.3460 -0.2513
vn -0.9817 -0.1189 -0.1491
vn -0.9548 0.0494 -0.2931
vn -0.9419 0.0760 -0.3273
vn -0.9372 -0.1526 -0.3135
vn 0.7404 0.6359 -0.2180
vn 0.7172 0.6173 -0.3233
vn 0.7344 0.5571 -0.3876
vn 0.6910 0.6270 -0.3598
vn 0.7438 -0.2595 -0.6160
vn 0.7737 -0.0698 -0.6297
vn 0.7588 0.1199 -0.6402
vn 0.7911 0.4013 -0.4618
vn 0.7704 0.3643 -0.5233
vn 0.7089 0.4023 -0.5794
vn 0.7063 0.2831 -0.6489
vn 0.6593 -0.1686 -0.7327
vn 0.6374 -0.3615 -0.6805
vn 0.6502 0.1190 -0.7504
vn 0.4025 -0.7712 -0.4931
vn 0.4970 -0.6357 -0.5907
vn 0.2965 -0.8790 -0.3734
vn 0.4466 -0.7136 -0.5397
vn 0.4153 -0.6278 -0.6583
vn 0.5262 -0.4985 -0.6889
vn 0.4200 -0.5276 -0.7384
vn 0.3286 -0.4906 -0.8070
vn 0.3150 -0.6429 -0.6981
vn 0.1771 -0.5748 -0.7989
vn 0.4207 -0.3994 -0.8146
vn 0.4813 -0.3388 -0.8084
vn 0.0980 -0.9788 -0.1801
vn -0.0086 -0.9985 -0.0535
vn 0.1178 -0.9577 -0.2627
vn 0.2097 -0.9436 -0.2562
vn 0.3011 -0.8356 -0.4595
vn -0.1282 -0.9917 -0.0012
vn -0.1447 -0.9837 0.1069
vn -0.0372 -0.9908 -0.1304
vn -0.2368 -0.9704 -0.0469
vn 0.1787 -0.7325 -0.6569
vn 0.1216 -0.8689 -0.4798
vn -0.0641 -0.9510 -0.3024
vn -0.4005 -0.9129 0.0786
vn -0.2801 -0.9521 0.1225
vn -0.3804 -0.8769 0.2939
vn -0.2694 -0.9400 0.2093
vn -0.5730 -0.7547 -0.3196
vn -0.5123 -0.7322 -0.4489
vn -0.3961 -0.8751 -0.2782
vn -0.4092 -0.7148 -0.5671
vn -0.0205 -0.8479 -0.5297
vn -0.2216 -0.8844 -0.4108
vn -0.0771 -0.7362 -0.6723
vn 0.0845 -0.7284 -0.6799
vn -0.2412 -0.9506 -0.1954
vn -0.6967 -0.3525 0.6248
vn -0.6713 -0.4366 0.5989
vn -0.7698 -0.3628 0.5251
vn -0.5216 -0.6385 0.5660
vn -0.4454 -0.6290 0.6372
vn -0.5590 -0.5241 0.6425
vn -0.3766 -0.8677 0.3243
vn -0.2082 -0.9537 0.2170
vn -0.4763 -0.8722 0.1111
vn -0.0844 -0.9446 0.3173
vn -0.5576 -0.7372 0.3816
vn -0.6164 -0.7553 0.2226
vn -0.0367 -0.8949 0.4448
vn -0.6017 -0.6296 0.4915
vn -0.2594 -0.7925 0.5520
vn -0.5280 -0.8366 -0.1460
vn -0.6175 -0.7854 -0.0421
vn -0.2775 -0.9607 -0.0096
vn -0.0706 -0.9933 0.0912
vn -0.1063 -0.9909 -0.0831
vn -0.2609 -0.9445 -0.1994
vn -0.4211 -0.8866 -0.1916
vn -0.5433 -0.7584 -0.3600
vn -0.4453 -0.8942 -0.0467
vn -0.6564 -0.7412 0.1403
vn -0.6572 -0.7001 0.2791
vn -0.3209 -0.6706 -0.6688
vn -0.2577 -0.6254 -0.7365
vn -0.2073 -0.8037 -0.5578
vn -0.4713 -0.7419 -0.4769
vn -0.1227 -0.5537 -0.8236
vn 0.0036 -0.5812 -0.8138
vn -0.6864 -0.5653 0.4574
vn -0.7917 -0.2691 0.5484
vn -0.7548 -0.3034 0.5816
vn -0.7814 -0.3541 0.5139
vn 0.0594 -0.9075 0.4159
vn -0.0033 -0.9635 0.2678
vn 0.1563 -0.9180 0.3646
vn -0.1727 -0.9548 0.2419
vn -0.1798 -0.9263 0.3311
vn 0.2896 -0.8344 0.4689
vn -0.0331 -0.8831 0.4681
vn 0.1972 -0.8162 0.5431
vn 0.0435 -0.8305 0.5553
vn -0.1976 -0.8159 0.5434
vn -0.4633 -0.7148 0.5238
vn -0.2815 -0.8625 0.4205
vn -0.5047 -0.7624 0.4049
vn -0.3799 -0.8889 0.2560
vn -0.5998 -0.6959 0.3950
vn -0.7260 -0.5869 0.3584
vn -0.6611 -0.5404 0.5205
vn -0.5675 -0.7911 0.2283
vn -0.4451 -0.8923 0.0759
vn -0.4132 -0.9037 0.1124
vn -0.5123 -0.8335 0.2070
vn -0.6263 -0.7196 0.2999
vn -0.2578 -0.9526 0.1613
vn -0.2715 -0.9579 0.0934
vn -0.1342 -0.9836 0.1206
vn -0.7339 -0.4601 0.4997
vn -0.6408 -0.5340 0.5516
vn -0.7567 -0.5673 0.3249
vn 0.2332 -0.8313 0.5046
vn 0.0805 -0.8342 0.5455
vn 0.3014 -0.7650 0.5692
vn -0.4757 -0.8005 0.3645
vn -0.4540 -0.7444 0.4897
vn -0.5264 -0.8156 0.2402
vn -0.4371 -0.8994 0.0090
vn -0.4305 -0.8979 0.0915
vn -0.5602 -0.5936 0.5778
vn -0.4547 -0.6724 0.5841
vn -0.4459 -0.8845 0.1373
vn -0.4738 -0.8433 0.2538
vn -0.2747 -0.9093 0.3126
vn -0.1840 -0.9496 0.2539
vn -0.4025 -0.8689 0.2880
vn -0.4140 -0.8797 0.2337
vn -0.3072 -0.9020 0.3035
vn -0.1827 -0.9728 0.1421
vn -0.2958 -0.9380 0.1808
vn -0.1437 -0.9699 0.1965
vn -0.2766 -0.9451 0.1740
vn -0.1651 -0.9795 0.1156
vn -0.1543 -0.9812 0.1162
vn -0.1058 -0.9944 -0.0080
vn 0.1756 -0.9843 -0.0164
vn -0.0237 -0.9996 -0.0176
vn 0.1991 -0.9796 -0.0279
vn 0.1332 -0.9847 0.1125
vn -0.0375 -0.9933 0.1092
vn -0.2339 -0.9707 0.0551
vn -0.1702 -0.9634 0.2073
vn -0.4780 -0.8533 0.2083
vn -0.4683 -0.8667 0.1719
vn -0.5953 -0.7710 0.2262
vn -0.3071 -0.9510 0.0362
vn -0.5787 0.0695 -0.8126
vn -0.2633 -0.9623 0.0674
vn -0.3517 -0.9225 0.1589
vn -0.2678 -0.9575 0.1068
vn -0.0584 -0.9823 0.1781
vn -0.2591 -0.9441 0.2040
vn 0.0972 -0.9761 0.1944
vn 0.0896 -0.9733 0.2115
vn 0.1593 -0.9415 0.2970
vn -0.1075 -0.9744 0.1975
vn -0.3315 -0.9428 0.0359
vn -0.0310 -0.9002 0.4345
vn 0.1601 -0.9651 0.2073
vn 0.3534 -0.8893 0.2902
vn -0.4213 -0.9069 0.0009
vn -0.3818 -0.9242 0.0105
vn -0.5251 -0.8415 0.1274
vn -0.3831 -0.9214 0.0656
vn -0.4301 -0.9008 0.0595
vn -0.3778 -0.9122 0.1587
vn -0.0076 -0.9871 0.1602
vn 0.1558 -0.9473 0.2800
vn -0.0480 -0.9917 0.1190
vn 0.3012 -0.8585 0.4150
vn 0.2195 -0.8799 0.4213
vn 0.2690 -0.8461 0.4602
vn 0.1278 -0.8839 0.4499
vn -0.1367 -0.9852 0.1034
vn 0.0477 -0.9081 0.4159
vn 0.0380 -0.9543 0.2964
vn -0.6474 -0.7209 0.2474
vn -0.3756 -0.8663 0.3292
vn -0.3839 -0.8840 0.2669
vn -0.5653 -0.7788 0.2719
vn -0.7777 -0.5957 0.2011
vn -0.6315 -0.7380 0.2377
vn -0.8509 -0.4893 0.1910
vn -0.7968 -0.5762 0.1819
vn -0.9712 0.2339 -0.0458
vn -0.9982 -0.0048 0.0602
vn -0.9855 -0.1689 -0.0189
vn 0.1022 -0.9141 0.3923
vn -0.0241 -0.9171 0.3978
vn 0.2636 -0.8476 0.4606
vn -0.7894 -0.5979 0.1394
vn -0.8123 -0.5810 0.0508
vn -0.6833 -0.7097 0.1714
vn -0.4389 -0.8596 0.2617
vn -0.0830 -0.9412 0.3275
vn -0.0054 -0.9577 0.2877
vn -0.1446 -0.9684 0.2033
vn -0.2810 -0.9261 0.2518
vn -0.3082 -0.9421 0.1320
vn 0.0602 -0.9501 0.3062
vn -0.0148 -0.9784 0.2063
vn -0.8725 -0.4638 -0.1538
vn -0.8639 -0.5013 -0.0486
vn -0.7203 -0.6936 0.0104
vn -0.7839 -0.6003 -0.1586
vn -0.5477 -0.8204 0.1644
vn -0.4396 -0.8930 0.0964
vn -0.1648 -0.9778 0.1291
vn -0.4051 -0.9143 0.0033
vn -0.5311 -0.8359 -0.1387
vn -0.2937 -0.9558 -0.0166
vn -0.1247 -0.9918 -0.0266
vn -0.0529 -0.9935 0.1007
vn -0.5751 -0.8180 -0.0073
vn -0.6210 -0.7753 -0.1153
vn -0.8494 -0.4513 -0.2736
vn -0.7981 -0.5243 -0.2969
vn 0.2073 -0.4044 -0.8908
vn 0.3470 -0.3090 -0.8855
vn 0.4002 -0.2503 -0.8816
vn 0.5050 -0.1558 -0.8489
vn 0.5784 0.0268 -0.8153
vn 0.4278 -0.1742 -0.8869
vn 0.5351 -0.0305 -0.8442
vn -0.1543 -0.9677 -0.1994
vn -0.2751 -0.8907 -0.3618
vn -0.3584 -0.9119 -0.1998
vn -0.5955 -0.7569 -0.2693
vn -0.7234 -0.6532 -0.2236
vn -0.8968 -0.2979 -0.3271
vn -0.8503 -0.3902 -0.3533
vn -0.7626 -0.4937 -0.4180
vn -0.6557 -0.6544 -0.3767
vn -0.9278 0.0180 -0.3726
vn -0.8966 -0.2059 -0.3921
vn -0.8875 0.2761 -0.3689
vn -0.8883 0.3080 -0.3406
vn 0.1470 -0.9341 -0.3254
vn 0.1193 -0.7919 -0.5989
vn -0.1487 -0.8514 -0.5031
vn 0.0475 -0.5616 -0.8260
vn 0.3716 -0.6415 -0.6711
vn 0.1322 -0.4590 -0.8786
vn -0.1873 -0.9120 -0.3649
vn -0.2333 -0.9625 -0.1386
vn -0.3335 -0.8486 -0.4107
vn -0.2848 -0.8766 -0.3878
vn -0.4662 -0.8402 -0.2770
vn -0.4041 -0.8391 -0.3641
vn -0.3982 -0.8277 -0.3955
vn -0.3859 -0.9148 -0.1197
vn -0.4198 -0.7942 -0.4394
vn 0.8273 -0.3761 -0.4173
vn 0.5774 -0.3845 -0.7203
vn 0.5818 -0.5201 -0.6253
vn 0.8731 -0.1876 -0.4499
vn 0.7139 -0.1321 -0.6877
vn 0.3437 -0.3825 -0.8577
vn -0.9552 0.2562 -0.1480
vn -0.9917 0.0496 -0.1187
vn -0.9413 0.1634 -0.2953
vn -0.9295 -0.0100 -0.3687
vn -0.9870 -0.1506 -0.0553
vn -0.9205 -0.2031 -0.3337
vn -0.8751 -0.4557 -0.1626
vn -0.8846 0.3589 -0.2978
vn -0.7175 0.6532 -0.2418
vn -0.7636 0.6377 -0.1016
vn -0.8227 0.5002 -0.2702
vn -0.8036 0.4837 -0.3468
vn -0.2586 0.9657 0.0213
vn -0.2299 0.9632 0.1394
vn -0.1152 0.9908 0.0705
vn -0.0438 0.9911 0.1254
vn -0.5413 0.8399 0.0407
vn -0.3770 0.9100 0.1728
vn -0.6396 0.7687 -0.0001
vn -0.5678 0.8127 0.1311
vn 0.2078 0.9774 -0.0395
vn 0.0687 0.9961 -0.0548
vn 0.0666 0.9951 0.0736
vn 0.1300 0.9914 0.0169
vn 0.4022 0.9106 -0.0948
vn 0.3120 0.9469 -0.0775
vn 0.2438 0.9605 -0.1345
vn 0.6144 0.7646 -0.1949
vn 0.7062 0.6783 -0.2030
vn 0.6260 0.7716 -0.1134
vn 0.7792 0.1117 -0.6167
vn 0.7955 0.2817 -0.5365
vn 0.6800 0.2527 -0.6883
vn 0.9084 0.2717 -0.3178
vn 0.8342 0.4129 -0.3656
vn 0.8377 0.3101 -0.4495
vn 0.7440 0.3744 -0.5534
vn 0.7409 0.4734 -0.4763
vn 0.9711 -0.0348 -0.2361
vn 0.9436 0.1088 -0.3126
vn 0.8555 0.0126 -0.5177
vn 0.8690 0.1834 -0.4596
vn 0.5385 0.8404 -0.0623
vn 0.5100 0.8601 0.0049
vn 0.4372 0.8982 -0.0456
vn 0.6026 0.7969 -0.0426
vn 0.3608 0.9326 -0.0087
vn 0.1198 0.9860 0.1163
vn 0.1522 0.9843 0.0890
vn 0.1392 0.9875 0.0735
vn 0.2560 0.9660 0.0362
vn -0.0437 0.9936 0.1041
vn -0.3503 0.9352 0.0520
vn -0.1862 0.9673 0.1720
vn -0.6512 0.7586 -0.0224
vn -0.8334 0.5458 -0.0872
vn -0.8644 0.5028 0.0052
vn -0.4725 0.8663 0.1623
vn -0.7043 0.6989 0.1244
vn -0.7717 0.6346 0.0427
vn -0.8881 0.4560 -0.0583
vn -0.9082 0.4031 -0.1125
vn -0.9505 0.3104 0.0138
vn -0.8796 0.4711 -0.0660
vn -0.7287 -0.4833 -0.4852
vn -0.7135 -0.5661 -0.4128
vn -0.4485 -0.8052 -0.3880
vn -0.5843 -0.7162 -0.3817
vn -0.8153 -0.4578 -0.3545
vn -0.8936 -0.4487 0.0084
vn -0.9611 0.2402 -0.1364
vn -0.8244 0.5536 -0.1174
vn -0.9899 -0.0605 -0.1286
vn -0.9936 0.0986 0.0549
vn -0.8208 0.5713 0.0024
vn -0.7873 0.5763 -0.2190
vn -0.6602 -0.7262 -0.1918
vn -0.6427 -0.4860 -0.5922
vn -0.7976 -0.6020 -0.0367
vn -0.8843 -0.4502 -0.1237
vn -0.1414 -0.9536 -0.2660
vn -0.1872 -0.9813 -0.0447
vn -0.3473 -0.9318 -0.1058
vn -0.4045 -0.8405 -0.3605
vn -0.2295 -0.9166 -0.3273
vn -0.5398 -0.8418 -0.0067
vn -0.2497 -0.9619 -0.1115
vn -0.2849 -0.9584 0.0185
vn 0.3981 -0.9129 -0.0906
vn 0.1722 -0.9813 -0.0860
vn 0.3819 -0.9138 -0.1385
vn 0.0428 -0.9725 -0.2288
vn -0.1058 -0.9845 -0.1400
vn 0.9394 -0.3275 -0.1016
vn 0.6913 -0.6398 -0.3359
vn 0.7942 -0.6014 -0.0869
vn 0.6097 -0.7900 -0.0646
vn 0.4463 -0.8154 -0.3686
vn 0.9633 -0.0567 -0.2624
vn 0.9902 0.0724 -0.1191
vn 0.9597 0.1668 -0.2260
vn 0.9050 0.3710 -0.2081
vn 0.9615 0.2364 -0.1400
vn 0.8889 0.4018 -0.2198
vn 0.8301 0.5149 -0.2141
vn 0.8472 0.5205 -0.1069
vn 0.7718 0.6276 -0.1026
vn 0.7772 0.6018 -0.1839
vn 0.7125 0.6897 -0.1287
vn 0.7021 0.7078 -0.0781
vn 0.9090 0.3987 -0.1213
vn 0.8134 0.5364 -0.2253
vn 0.6767 0.7087 -0.1994
vn -0.6270 0.4659 -0.6244
vn -0.6826 0.6824 -0.2616
vn -0.1994 0.9762 -0.0853
vn -0.0239 0.9944 0.1026
vn 0.1729 0.9797 -0.1017
vn 0.1654 0.9802 0.1093
vn -0.3907 0.7185 -0.5754
vn -0.2685 0.9623 0.0437
vn 0.2251 0.9711 0.0787
vn 0.2759 0.9543 -0.1153
vn -0.4016 -0.2304 0.8864
vn -0.8478 -0.3066 0.4328
vn -0.5289 0.0023 0.8487
vn -0.8910 -0.4539 0.0096
vn -0.9550 -0.2929 -0.0473
vn -0.9525 -0.2802 -0.1193
vn -0.1339 -0.9652 -0.2245
vn -0.1574 -0.9249 -0.3462
vn -0.1599 -0.9165 -0.3667
vn -0.4802 0.2371 0.8445
vn 0.2517 -0.9677 -0.0167
vn -0.0009 -0.9998 -0.0217
vn -0.2610 -0.9612 0.0895
vn -0.2771 -0.9517 0.1327
vn -0.5201 -0.8435 0.1344
vn -0.5427 -0.8282 0.1396
vn 0.4475 -0.8942 0.0147
vn 0.5335 -0.8308 0.1588
vn 0.4857 -0.7887 0.3768
vn 0.6906 -0.6853 0.2311
vn 0.8157 -0.5711 0.0918
vn 0.1112 0.4354 0.8934
vn 0.2618 0.1613 0.9516
vn -0.8976 -0.4091 0.1640
vn -0.9714 -0.2224 0.0827
vn -0.9133 -0.4043 0.0500
vn -0.6647 -0.5169 0.5394
vn -0.6234 -0.5015 0.5999
vn -0.4965 -0.7362 0.4599
vn -0.2720 -0.8907 0.3643
vn -0.3053 -0.8265 0.4730
vn -0.2340 -0.9272 0.2925
vn -0.3815 -0.7355 0.5599
vn 0.0954 -0.9858 -0.1384
vn -0.1194 -0.9898 0.0778
vn -0.2169 -0.9542 0.2059
vn 0.7293 0.4994 -0.4676
vn 0.7166 0.6298 -0.2997
vn -0.0253 -0.9996 -0.0114
vn -0.2484 -0.8039 0.5404
vn -0.3100 -0.7562 0.5763
vn -0.3179 -0.7210 0.6157
vn -0.3124 -0.8061 0.5026
vn -0.2805 -0.7570 0.5902
vn -0.2037 -0.9749 0.0903
vn -0.2241 -0.9187 0.3251
vn 0.0448 -0.9767 0.2101
vn 0.1572 -0.9723 0.1733
vn -0.1545 -0.9804 0.1223
vn -0.5707 -0.8202 0.0398
vn -0.0160 -0.9895 0.1437
vn -0.1208 -0.9602 0.2518
vn -0.1810 -0.9237 0.3378
vn -0.2014 -0.9559 0.2138
vn -0.3328 -0.9346 0.1257
vn -0.2331 -0.9700 0.0686
vn -0.3060 -0.9416 0.1408
vn -0.6445 -0.7402 0.1915
vn -0.6011 -0.7402 0.3014
vn -0.6938 -0.6587 0.2912
vn -0.5335 -0.8322 0.1508
vn -0.6071 -0.7024 0.3716
vn -0.5887 -0.7368 0.3325
vn -0.5030 -0.8312 0.2369
vn -0.7010 -0.6523 0.2882
vn -0.1814 -0.9798 0.0848
vn -0.3200 -0.9414 0.1064
vn 0.7445 0.5794 -0.3316
vn 0.5428 0.8394 -0.0282
vn 0.7741 0.5117 -0.3729
vn 0.7794 0.4555 -0.4302
vn 0.4657 0.8847 0.0213
vn 0.6969 0.7052 -0.1306
vn 0.5816 0.8134 0.0013
vn 0.8544 0.4339 0.2858
vn 0.6794 0.6543 0.3322
vn 0.6205 0.7720 0.1380
vn 0.4604 0.8729 0.1613
vn 0.4269 0.8751 0.2280
vn 0.5681 0.8191 0.0801
vn 0.7471 0.6643 0.0258
vn 0.2401 -0.7543 0.6110
vn -0.4055 -0.8521 0.3310
vn -0.1700 -0.8487 0.5009
vn -0.3725 -0.9048 0.2064
vn -0.6434 -0.3166 -0.6970
vn -0.2116 -0.9678 -0.1366
vn -0.4514 -0.8639 -0.2234
vn -0.5427 -0.5960 -0.5918
vn -0.1850 -0.7196 -0.6693
vn 0.2859 -0.6743 -0.6809
vn 0.1640 -0.7134 -0.6813
vn -0.2147 -0.7448 -0.6318
vn 0.7491 -0.1923 -0.6339
vn 0.8576 -0.4628 -0.2245
vn 0.5676 -0.5094 -0.6469
vn 0.5920 -0.7832 -0.1901
vn 0.7214 0.0423 -0.6912
vn 0.6503 0.2427 -0.7199
vn 0.5081 0.8543 -0.1098
vn -0.0146 0.8131 -0.5819
vn 0.2134 0.7175 -0.6631
vn 0.2353 0.8291 -0.5073
vn -0.3900 -0.0889 -0.9165
vn 0.2283 0.0516 -0.9722
vn 0.1486 -0.0350 -0.9883
vn 0.1932 0.1740 -0.9656
vn -0.6776 0.3418 -0.6512
vn -0.7168 0.0300 -0.6966
vn -0.1813 0.1862 -0.9656
vn -0.5832 0.4585 -0.6706
vn -0.1188 0.0870 -0.9891
vn -0.2027 -0.4262 -0.8816
vn -0.0416 -0.1072 -0.9934
vn -0.1719 -0.6766 -0.7160
vn -0.3505 -0.7214 -0.5972
vn -0.0028 -0.2864 -0.9581
vn 0.1727 -0.2426 -0.9546
vn 0.4540 0.5406 -0.7083
vn 0.5525 0.3848 -0.7394
vn 0.3190 0.7234 -0.6123
vn 0.0723 0.4352 -0.8974
vn 0.0547 0.2921 -0.9548
vn 0.0257 0.0768 -0.9967
vn 0.0085 0.1769 -0.9842
vn 0.1072 0.2338 -0.9664
vn 0.1684 0.9475 0.2717
vn -0.8609 0.4865 0.1490
vn -0.2882 -0.9446 -0.1569
vn 0.4628 0.8544 -0.2363
vn 0.1212 0.9463 0.2997
vn 0.5416 0.8342 -0.1038
vn 0.3654 0.9305 -0.0262
vn 0.6032 0.7964 0.0435
vn -0.7130 -0.6715 -0.2016
vn -0.4896 -0.8716 0.0237
vn -0.6661 -0.7404 0.0902
vn -0.4683 0.8067 0.3605
vn -0.6386 -0.4388 0.6322
vn -0.7701 0.6272 0.1167
vn 0.8086 0.5271 0.2615
vn 0.0086 0.9210 0.3894
vn 0.1507 0.9880 -0.0337
vn -0.9837 0.1790 -0.0142
vn -0.9636 0.2670 0.0129
vn -0.9852 0.1604 0.0600
vn -0.9144 -0.4021 0.0465
vn -0.5059 -0.8576 0.0927
vn 0.9609 -0.2767 -0.0093
vn 0.1484 0.9519 0.2680
vn 0.4650 0.1822 0.8664
vn -0.5631 0.7034 0.4337
vn 0.5254 -0.8509 0.0021
vn -0.2614 0.9644 -0.0400
vn 0.3794 0.9217 0.0813
vn -0.9019 -0.4317 -0.0103
vn 0.2934 0.8401 0.4562
vn -0.9934 -0.0241 0.1125
vn 0.5371 -0.0864 0.8391
vn 0.8010 0.0693 0.5946
vn 0.3646 0.9140 0.1781
vn -0.2828 0.5513 0.7849
vn -0.0299 0.9150 0.4023
vn -0.0692 0.9135 0.4009
vn 0.8046 0.5864 0.0933
vn -0.7759 0.5945 0.2111
vn -0.6696 -0.7368 -0.0938
vn -0.5466 0.7951 0.2629
vn 0.9408 0.3073 -0.1430
vn 0.8494 0.5081 -0.1427
vn -0.0222 0.9661 -0.2570
vn 0.6094 0.7888 -0.0803
vn -0.4519 -0.8714 0.1910
vn -0.1896 0.2239 0.9560
vn 0.1000 0.9855 0.1370
vn -0.7724 0.6143 0.1615
vn -0.0488 -0.7516 0.6578
vn 0.0185 -0.7579 0.6522
vn -0.4149 -0.8756 0.2473
vn 0.8509 0.3475 -0.3939
vn 0.6771 0.7231 -0.1367
vn 0.5365 -0.6262 -0.5657
vn 0.8022 0.5916 -0.0804
vn -0.6680 0.6745 0.3143
vn -0.2668 0.9587 -0.0989
vn -0.1394 0.9808 -0.1367
vn 0.9308 0.3482 0.1115
vn -0.5482 -0.8208 -0.1602
vn -0.6017 -0.7987 -0.0003
vn 0.1353 -0.9092 0.3939
vn -0.8061 -0.3393 0.4849
vn 0.1098 -0.9790 0.1719
vn -0.1466 -0.9315 0.3328
vn -0.1882 -0.9107 0.3677
vn -0.3558 -0.8746 0.3294
vn 0.7849 0.5408 -0.3026
vn 0.7391 0.6124 -0.2806
vn 0.2848 0.9565 -0.0635
vn -0.7560 -0.6447 -0.1135
vn -0.7414 -0.6702 -0.0347
vn -0.4579 -0.8889 0.0097
vn -0.4605 -0.8850 -0.0688
vn -0.3625 -0.9294 -0.0698
vn -0.4999 0.8652 -0.0383
vn 0.3099 0.9466 -0.0889
vn -0.3312 -0.8629 0.3818
s 1
usemtl _16834_hand_v1default
f 3//1 4//2 1//3
f 2//4 5//5 11//6
f 6//7 9//8 5//5
f 4//2 6//7 5//5
f 9//8 6//7 7//9
f 12//10 14//11 15//12
f 14//11 16//13 15//12
f 12//10 15//12 21//14
f 15//12 16//13 17//15
f 17//15 20//16 21//14
f 22//17 24//18 23//19
f 24//18 25//20 23//19
f 26//21 2574//22 2573//23
f 27//24 2573//23 2494//25
f 27//24 26//21 2573//23
f 26//21 28//26 2574//22
f 29//27 30//28 2575//29
f 28//26 31//30 2574//22
f 32//31 33//32 3254//33
f 36//34 34//35 32//31
f 35//36 3254//33 37//37
f 38//38 35//36 37//37
f 42//39 43//40 44//41
f 45//42 46//43 61//44
f 43//40 61//44 63//45
f 51//46 55//47 47//48
f 52//49 47//48 46//43
f 43//40 97//50 45//42
f 50//51 97//50 43//40
f 55//47 54//52 56//53
f 48//54 58//55 57//56
f 66//57 55//47 58//55
f 57//56 58//55 59//58
f 58//55 56//53 59//58
f 171//59 61//44 62//60
f 60//61 63//45 61//44
f 60//61 64//62 63//45
f 62//60 61//44 46//43
f 66//57 65//63 55//47
f 49//64 182//65 66//57
f 62//60 68//66 171//59
f 71//67 72//68 74//69
f 74//69 72//68 73//70
f 72//68 75//71 93//72
f 76//73 168//74 180//75
f 76//73 64//62 168//74
f 84//76 74//69 73//70
f 77//77 69//78 74//69
f 77//77 50//51 42//39
f 73//70 79//79 78//80
f 78//80 79//79 80//81
f 81//82 218//83 82//84
f 73//70 78//80 84//76
f 78//80 83//85 84//76
f 84//76 85//86 77//77
f 86//87 80//81 89//88
f 129//89 89//88 87//90
f 83//85 78//80 80//81
f 89//88 88//91 90//92
f 81//82 187//93 92//94
f 79//79 93//72 187//93
f 111//95 94//96 109//97
f 94//96 50//51 77//77
f 50//51 95//98 97//50
f 97//50 106//99 98//100
f 98//100 99//101 100//102
f 52//49 98//100 53//103
f 96//104 101//105 106//99
f 95//98 103//106 96//104
f 103//106 101//105 96//104
f 95//98 102//107 103//106
f 105//108 102//107 104//109
f 102//107 95//98 94//96
f 85//86 108//110 109//97
f 122//111 126//112 108//110
f 108//110 119//113 110//114
f 109//97 108//110 111//95
f 111//95 105//108 104//109
f 110//114 105//108 111//95
f 114//115 103//106 102//107
f 114//115 112//116 103//106
f 117//117 107//118 101//105
f 112//116 101//105 103//106
f 102//107 105//108 116//119
f 116//119 105//108 120//120
f 113//121 114//115 136//122
f 117//117 112//116 113//121
f 120//120 115//123 116//119
f 117//117 118//124 107//118
f 124//125 122//111 121//126
f 125//127 126//112 124//125
f 124//125 126//112 122//111
f 127//128 119//113 126//112
f 126//112 119//113 108//110
f 123//129 129//89 128//130
f 121//126 86//87 129//89
f 141//131 131//132 99//101
f 99//101 131//132 100//102
f 141//131 138//133 131//132
f 100//102 132//134 130//135
f 131//132 138//133 132//134
f 54//52 130//135 134//136
f 134//136 132//134 135//137
f 130//135 132//134 134//136
f 136//122 115//123 127//128
f 136//122 116//119 115//123
f 117//117 113//121 118//124
f 139//138 140//139 138//133
f 138//133 140//139 151//140
f 141//131 139//138 138//133
f 118//124 137//141 141//131
f 137//141 142//142 139//138
f 140//139 145//143 144//144
f 140//139 142//142 145//143
f 145//143 142//142 153//145
f 145//143 153//145 146//146
f 147//147 148//148 160//149
f 135//137 149//150 150//151
f 133//152 135//137 150//151
f 135//137 151//140 149//150
f 135//137 138//133 151//140
f 151//140 144//144 147//147
f 144//144 146//146 148//148
f 146//146 153//145 155//153
f 153//145 152//154 125//127
f 142//142 143//155 152//154
f 125//127 127//128 126//112
f 152//154 127//128 125//127
f 90//92 87//90 89//88
f 156//156 161//157 128//130
f 156//156 128//130 129//89
f 157//158 159//159 161//157
f 158//160 229//161 160//149
f 158//160 160//149 159//159
f 161//157 159//159 154//162
f 161//157 154//162 128//130
f 164//163 163//164 232//165
f 150//151 149//150 163//164
f 162//166 160//149 229//161
f 163//164 147//147 162//166
f 59//58 167//167 166//168
f 167//167 133//152 165//169
f 168//74 170//170 181//171
f 169//172 172//173 170//170
f 173//174 170//170 172//173
f 173//174 172//173 201//175
f 174//176 202//177 172//173
f 181//171 173//174 175//178
f 175//178 203//179 192//180
f 176//181 179//182 196//183
f 177//184 180//75 178//185
f 180//75 181//171 178//185
f 181//171 175//178 179//182
f 175//178 192//180 195//186
f 171//59 68//66 67//187
f 67//187 172//173 171//59
f 67//187 174//176 172//173
f 182//65 185//188 67//187
f 188//189 177//184 176//181
f 193//190 195//186 192//180
f 194//191 196//183 195//186
f 194//191 197//192 196//183
f 199//193 198//194 189//195
f 199//193 197//192 200//196
f 206//197 300//198 202//177
f 202//177 300//198 201//175
f 192//180 203//179 191//199
f 203//179 173//174 201//175
f 185//188 206//197 174//176
f 184//200 204//201 185//188
f 186//202 205//203 184//200
f 190//204 198//194 211//205
f 210//206 211//205 425//207
f 208//208 213//209 215//210
f 207//211 214//212 213//209
f 213//209 217//213 215//210
f 213//209 216//214 217//213
f 215//210 217//213 220//215
f 217//213 219//216 221//217
f 218//83 220//215 88//91
f 220//215 221//217 88//91
f 219//216 270//218 223//219
f 90//92 223//219 224//220
f 156//156 222//221 226//222
f 226//222 227//223 157//158
f 227//223 158//160 157//158
f 225//224 227//223 226//222
f 230//225 232//165 231//226
f 232//165 162//166 228//227
f 228//227 258//228 260//229
f 235//230 230//225 233//231
f 238//232 166//168 234//233
f 166//168 165//169 236//234
f 234//233 236//234 230//225
f 239//235 235//230 237//236
f 238//232 234//233 239//235
f 237//236 240//237 241//238
f 240//237 244//239 241//238
f 241//238 244//239 242//240
f 240//237 245//241 244//239
f 242//240 251//242 48//54
f 243//243 245//241 240//237
f 243//243 246//244 245//241
f 245//241 250//245 244//239
f 246//244 247//246 245//241
f 245//241 249//247 250//245
f 250//245 249//247 183//248
f 249//247 247//246 252//249
f 205//203 254//250 253//251
f 253//251 254//250 255//252
f 205//203 186//202 254//250
f 186//202 249//247 254//250
f 252//249 248//253 256//254
f 255//252 252//249 256//254
f 268//255 225//224 224//220
f 257//256 259//257 260//229
f 261//258 235//230 233//231
f 259//257 233//231 260//229
f 233//231 230//225 231//226
f 261//258 237//236 235//230
f 262//259 266//260 263//261
f 266//260 269//262 267//263
f 257//256 268//255 262//259
f 269//262 270//218 267//263
f 271//264 273//265 267//263
f 272//266 274//267 289//268
f 282//269 276//270 280//271
f 277//272 289//268 274//267
f 209//273 214//212 207//211
f 209//273 275//274 214//212
f 210//206 278//275 209//273
f 212//276 278//275 210//206
f 279//277 281//278 280//271
f 240//237 265//279 283//280
f 284//281 266//260 273//265
f 284//281 273//265 288//282
f 246//244 285//283 248//253
f 243//243 283//280 286//284
f 286//284 289//268 287//285
f 288//282 289//268 286//284
f 290//286 291//287 293//288
f 248//253 291//287 290//286
f 287//285 292//289 291//287
f 289//268 277//272 292//289
f 292//289 277//272 282//269
f 294//290 293//288 292//289
f 282//269 436//291 294//290
f 293//288 295//292 290//286
f 296//293 193//190 297//294
f 193//190 191//199 297//294
f 298//295 191//199 300//198
f 392//296 300//198 206//197
f 307//297 301//298 297//294
f 301//298 296//293 297//294
f 304//299 306//300 301//298
f 301//298 306//300 296//293
f 299//301 308//302 307//297
f 308//302 309//303 310//304
f 302//305 310//304 303//306
f 312//307 303//306 311//308
f 318//309 314//310 313//311
f 312//307 305//312 303//306
f 312//307 316//313 305//312
f 318//309 319//314 337//315
f 311//308 310//304 320//316
f 310//304 309//303 320//316
f 320//316 309//303 322//317
f 313//311 320//316 321//318
f 319//314 321//318 387//319
f 371//320 325//321 323//322
f 325//321 329//323 323//322
f 323//322 329//323 324//324
f 317//325 327//326 372//327
f 326//328 336//329 325//321
f 333//330 335//331 332//332
f 333//330 338//333 335//331
f 334//334 337//315 338//333
f 337//315 387//319 338//333
f 331//335 339//336 329//323
f 353//337 341//338 340//339
f 353//337 352//340 341//338
f 340//339 341//338 339//336
f 339//336 345//341 344//342
f 339//336 331//335 345//341
f 345//341 332//332 346//343
f 350//344 352//340 349//345
f 349//345 352//340 353//337
f 354//346 356//347 343//348
f 351//349 358//350 362//351
f 351//349 362//351 359//352
f 349//345 363//353 360//354
f 349//345 360//354 358//350
f 484//355 356//347 364//356
f 356//347 355//357 510//358
f 324//324 368//359 323//322
f 342//360 366//361 368//359
f 368//359 370//362 369//363
f 323//322 369//363 371//320
f 371//320 369//363 372//327
f 369//363 375//364 372//327
f 366//361 342//360 373//365
f 324//324 341//338 342//360
f 367//366 373//365 351//349
f 372//327 375//364 317//325
f 369//363 397//367 375//364
f 375//364 399//368 374//369
f 374//369 376//370 378//371
f 376//370 377//372 378//371
f 317//325 378//371 316//313
f 317//325 374//369 378//371
f 316//313 378//371 305//312
f 197//192 379//373 380//374
f 194//191 296//293 379//373
f 296//293 306//300 379//373
f 381//375 304//299 378//371
f 380//374 381//375 377//372
f 409//376 382//377 385//378
f 355//357 354//346 382//377
f 382//377 354//346 383//379
f 347//380 346//343 332//332
f 417//381 385//378 384//382
f 384//382 338//333 386//383
f 383//379 347//380 332//332
f 387//319 321//318 386//383
f 322//317 388//384 389//385
f 388//384 422//386 419//387
f 308//302 298//295 391//388
f 391//388 300//198 392//296
f 392//296 206//197 393//389
f 351//349 403//390 367//366
f 394//391 398//392 370//362
f 394//391 395//393 398//392
f 396//394 398//392 395//393
f 397//367 399//368 375//364
f 398//392 396//394 399//368
f 198//194 400//395 211//205
f 198//194 401//396 400//395
f 401//396 380//374 377//372
f 402//397 504//398 403//390
f 504//398 404//399 394//391
f 405//400 408//401 406//402
f 407//403 408//401 405//400
f 409//376 410//404 416//405
f 413//406 412//407 519//408
f 412//407 406//402 411//409
f 365//410 415//411 414//412
f 415//411 416//405 414//412
f 382//377 409//376 415//411
f 416//405 405//400 412//407
f 390//413 420//414 417//381
f 417//381 420//414 418//415
f 418//415 421//416 408//401
f 420//414 423//417 421//416
f 393//389 204//201 422//386
f 422//386 204//201 419//387
f 419//387 205//203 423//417
f 396//394 425//207 211//205
f 428//418 424//419 425//207
f 424//419 212//276 425//207
f 428//418 427//420 424//419
f 429//421 430//422 428//418
f 429//421 428//418 396//394
f 430//422 433//423 432//424
f 429//421 404//399 433//423
f 433//423 404//399 434//425
f 432//424 433//423 520//426
f 436//291 282//269 437//427
f 438//428 279//277 439//429
f 279//277 212//276 439//429
f 440//430 442//431 443//432
f 442//431 439//429 443//432
f 427//420 426//433 443//432
f 462//434 440//430 444//435
f 426//433 427//420 431//436
f 445//437 447//438 448//439
f 445//437 431//436 447//438
f 450//440 447//438 449//441
f 535//442 448//439 450//440
f 448//439 447//438 450//440
f 447//438 431//436 449//441
f 449//441 431//436 432//424
f 481//443 452//444 451//445
f 452//444 453//446 451//445
f 451//445 453//446 456//447
f 451//445 456//447 454//448
f 295//292 293//288 453//446
f 454//448 456//447 455//449
f 453//446 436//291 456//447
f 457//450 454//448 458//451
f 458//451 455//449 459//452
f 459//452 455//449 441//453
f 460//454 464//455 458//451
f 462//434 463//456 460//454
f 463//456 462//434 466//457
f 462//434 465//458 466//457
f 464//455 463//456 471//459
f 464//455 471//459 472//460
f 468//461 471//459 466//457
f 535//442 467//462 465//458
f 406//402 408//401 473//463
f 476//464 473//463 475//465
f 476//464 472//460 470//466
f 476//464 470//466 477//467
f 408//401 474//468 473//463
f 478//469 480//470 474//468
f 474//468 480//470 475//465
f 421//416 253//251 478//469
f 253//251 255//252 480//470
f 255//252 481//443 457//450
f 481//443 451//445 457//450
f 479//471 480//470 457//450
f 359//352 362//351 482//472
f 364//356 511//473 485//474
f 361//475 485//474 489//476
f 483//477 489//476 486//478
f 485//474 511//473 488//479
f 492//480 493//481 491//482
f 2054//483 494//484 495//485
f 494//484 496//486 495//485
f 496//486 482//472 486//478
f 493//481 495//485 486//478
f 493//481 486//478 487//487
f 491//482 497//488 2052//489
f 497//488 488//479 499//490
f 498//491 499//490 500//492
f 359//352 501//493 509//494
f 359//352 482//472 501//493
f 501//493 482//472 509//494
f 502//495 504//398 402//397
f 523//496 503//497 504//398
f 502//495 509//494 508//498
f 509//494 494//484 507//499
f 365//410 513//500 510//358
f 511//473 513//500 490//501
f 516//502 515//503 514//504
f 516//502 500//492 515//503
f 515//503 500//492 499//490
f 512//505 414//412 518//506
f 513//500 365//410 512//505
f 519//408 411//409 517//507
f 520//426 521//508 432//424
f 520//426 434//425 522//509
f 434//425 503//497 528//510
f 434//425 528//510 522//509
f 522//509 528//510 532//511
f 522//509 521//508 520//426
f 508//498 523//496 502//495
f 524//512 2008//513 525//514
f 508//498 525//514 523//496
f 527//515 529//516 532//511
f 526//517 530//518 529//516
f 530//518 531//519 529//516
f 529//516 521//508 532//511
f 532//511 521//508 522//509
f 432//424 521//508 449//441
f 521//508 533//520 449//441
f 449//441 533//520 450//440
f 533//520 534//521 450//440
f 450//440 534//521 535//442
f 534//521 536//522 535//442
f 537//523 533//520 521//508
f 531//519 537//523 521//508
f 539//524 550//525 534//521
f 549//526 542//527 541//528
f 544//529 545//530 469//531
f 536//522 541//528 535//442
f 542//527 468//461 467//462
f 540//532 546//533 549//526
f 547//534 548//535 543//536
f 546//533 543//536 549//526
f 548//535 544//529 543//536
f 540//532 549//526 550//525
f 553//537 552//538 551//539
f 548//535 554//540 553//537
f 548//535 547//534 555//541
f 554//540 556//542 557//543
f 562//544 552//538 558//545
f 552//538 557//543 558//545
f 552//538 554//540 557//543
f 557//543 559//546 558//545
f 560//547 516//502 561//548
f 561//548 514//504 518//506
f 568//549 582//550 563//551
f 565//552 578//553 564//554
f 578//553 568//549 564//554
f 567//555 578//553 565//552
f 572//556 566//557 571//558
f 568//549 563//551 575//559
f 566//557 574//560 577//561
f 567//555 579//562 578//553
f 581//563 579//562 567//555
f 578//553 606//564 568//549
f 572//556 570//565 580//566
f 567//555 580//566 581//563
f 582//550 584//567 633//568
f 568//549 584//567 582//550
f 583//569 633//568 585//570
f 593//571 585//570 586//572
f 587//573 590//574 588//575
f 589//576 592//577 593//571
f 592//577 563//551 583//569
f 598//578 615//579 596//580
f 569//581 594//582 570//565
f 594//582 596//580 570//565
f 601//583 600//584 603//585
f 578//553 605//586 606//564
f 579//562 614//587 578//553
f 607//588 614//587 579//562
f 614//587 627//589 578//553
f 578//553 627//589 605//586
f 611//590 580//566 609//591
f 611//590 608//592 580//566
f 608//592 581//563 580//566
f 609//591 610//593 611//590
f 611//590 612//594 608//592
f 611//590 624//595 612//594
f 627//589 614//587 613//596
f 614//587 607//588 612//594
f 617//597 622//598 618//599
f 617//597 618//599 621//600
f 615//579 621//600 596//580
f 595//601 619//602 615//579
f 619//602 616//603 621//600
f 610//593 623//604 611//590
f 618//599 622//598 610//593
f 596//580 618//599 597//605
f 623//604 624//595 611//590
f 626//606 624//595 625//607
f 624//595 626//606 612//594
f 627//589 631//608 605//586
f 613//596 612//594 626//606
f 613//596 626//606 628//609
f 627//589 632//610 631//608
f 606//564 605//586 631//608
f 584//567 630//611 634//612
f 634//612 636//613 635//614
f 633//568 634//612 637//615
f 638//616 639//617 640//618
f 896//619 642//620 666//621
f 641//622 643//623 642//620
f 642//620 643//623 644//624
f 898//625 586//572 645//626
f 643//623 645//626 644//624
f 585//570 637//615 645//626
f 642//620 644//624 640//618
f 644//624 638//616 640//618
f 647//627 648//628 646//629
f 646//629 620//630 619//602
f 649//631 625//607 651//632
f 649//631 626//606 625//607
f 655//633 629//634 632//610
f 656//635 632//610 628//609
f 650//636 617//597 616//603
f 650//636 651//632 617//597
f 652//637 651//632 650//636
f 651//632 623//604 622//598
f 636//613 654//638 635//614
f 629//634 655//633 636//613
f 655//633 656//635 654//638
f 654//638 657//639 662//640
f 656//635 657//639 654//638
f 653//641 652//637 657//639
f 658//642 661//643 660//644
f 639//617 667//645 640//618
f 662//640 668//646 667//645
f 662//640 661//643 668//646
f 663//647 666//621 664//648
f 666//621 642//620 640//618
f 666//621 640//618 667//645
f 665//649 664//648 668//646
f 658//642 669//650 665//649
f 659//651 620//630 648//628
f 658//642 648//628 669//650
f 669//650 647//627 670//652
f 674//653 676//654 675//655
f 675//655 573//656 575//559
f 576//657 679//658 686//659
f 571//558 680//660 679//658
f 571//558 577//561 680//660
f 680//660 681//661 679//658
f 680//660 678//662 681//661
f 588//575 682//663 587//573
f 589//576 587//573 703//664
f 673//665 591//666 672//667
f 684//668 603//585 604//669
f 679//658 681//661 686//659
f 687//670 688//671 689//672
f 688//671 691//673 689//672
f 686//659 694//674 693//675
f 687//670 689//672 694//674
f 695//676 696//677 684//668
f 693//675 683//678 686//659
f 693//675 684//668 683//678
f 700//679 688//671 701//680
f 688//671 677//681 676//654
f 701//680 676//654 702//682
f 702//682 674//653 672//667
f 682//663 705//683 703//664
f 705//683 706//684 703//664
f 703//664 706//684 704//685
f 707//686 698//687 699//688
f 702//682 672//667 704//685
f 698//687 710//689 699//688
f 711//690 692//691 691//673
f 706//684 705//683 713//692
f 709//693 706//684 713//692
f 698//687 707//686 706//684
f 723//694 715//695 694//674
f 720//696 723//694 690//697
f 715//695 693//675 694//674
f 717//698 718//699 716//700
f 696//677 695//676 717//698
f 693//675 715//695 719//701
f 695//676 719//701 718//699
f 726//702 721//703 712//704
f 725//705 711//690 710//689
f 725//705 712//704 711//690
f 728//706 727//707 730//708
f 738//709 729//710 728//706
f 728//706 729//710 727//707
f 726//702 794//711 730//708
f 731//712 732//713 733//714
f 728//706 730//708 733//714
f 737//715 738//709 736//716
f 736//716 741//717 735//718
f 738//709 740//719 741//717
f 742//720 743//721 740//719
f 796//722 744//723 745//724
f 745//724 733//714 732//713
f 734//725 735//718 746//726
f 735//718 748//727 746//726
f 748//727 752//728 747//729
f 752//728 753//730 750//731
f 749//732 750//731 751//733
f 752//728 758//734 753//730
f 755//735 757//736 758//734
f 758//734 759//737 753//730
f 760//738 763//739 765//740
f 765//740 763//739 761//741
f 762//742 790//743 760//738
f 763//739 751//733 750//731
f 753//730 766//744 764//745
f 764//745 766//744 761//741
f 766//744 767//746 761//741
f 753//730 759//737 766//744
f 771//747 790//743 762//742
f 772//748 762//742 760//738
f 775//749 774//750 802//751
f 771//747 772//748 777//752
f 771//747 777//752 776//753
f 770//754 771//747 778//755
f 772//748 769//756 779//757
f 772//748 779//757 777//752
f 773//758 774//750 781//759
f 774//750 782//760 783//761
f 773//758 781//759 780//762
f 786//763 785//764 784//765
f 785//764 787//766 784//765
f 804//767 786//763 784//765
f 789//768 737//715 786//763
f 786//763 736//716 785//764
f 737//715 736//716 786//763
f 723//694 722//769 715//695
f 715//695 722//769 789//768
f 715//695 789//768 788//770
f 729//710 737//715 789//768
f 751//733 790//743 791//771
f 751//733 792//772 787//766
f 770//754 792//772 791//771
f 749//732 787//766 746//726
f 746//726 787//766 734//725
f 790//743 771//747 791//771
f 791//771 771//747 770//754
f 793//773 795//774 808//775
f 732//713 795//774 793//773
f 732//713 731//712 794//711
f 794//711 795//774 732//713
f 794//711 724//776 795//774
f 796//722 797//777 742//720
f 732//713 793//773 745//724
f 793//773 798//778 745//724
f 745//724 798//778 796//722
f 798//778 797//777 796//722
f 799//779 800//780 801//781
f 800//780 757//736 801//781
f 756//782 742//720 797//777
f 774//750 768//783 802//751
f 768//783 767//746 802//751
f 767//746 759//737 800//780
f 803//784 800//780 799//779
f 718//699 805//785 806//786
f 808//775 709//693 809//787
f 809//787 713//692 810//788
f 810//788 713//692 829//789
f 713//692 714//790 829//789
f 806//786 805//785 811//791
f 804//767 784//765 812//792
f 805//785 812//792 813//793
f 818//794 815//795 811//791
f 815//795 807//796 811//791
f 816//797 792//772 770//754
f 816//797 784//765 792//772
f 778//755 816//797 770//754
f 802//751 822//798 775//749
f 803//784 822//798 802//751
f 823//799 825//800 826//801
f 825//800 830//802 824//803
f 826//801 1001//804 1000//805
f 822//798 1000//805 999//806
f 822//798 826//801 1000//805
f 825//800 824//803 1001//804
f 801//781 828//807 799//779
f 799//779 828//807 823//799
f 828//807 829//789 830//802
f 829//789 827//808 810//788
f 810//788 827//808 809//787
f 827//808 797//777 798//778
f 809//787 798//778 808//775
f 831//809 833//810 834//811
f 670//652 671//812 669//650
f 832//813 670//652 831//809
f 602//814 838//815 833//810
f 842//816 840//817 839//818
f 840//817 887//819 839//818
f 839//818 841//820 834//811
f 841//820 894//821 834//811
f 849//822 844//823 842//816
f 844//823 888//824 840//817
f 843//825 842//816 838//815
f 603//585 843//825 601//583
f 697//826 845//827 685//828
f 852//829 883//830 846//831
f 846//831 849//822 848//832
f 846//831 847//833 849//822
f 848//832 849//822 843//825
f 853//834 852//829 846//831
f 850//835 716//700 854//836
f 856//837 857//838 855//839
f 857//838 858//840 855//839
f 855//839 859//841 860//842
f 858//840 807//796 859//841
f 859//841 807//796 861//843
f 860//842 861//843 862//844
f 862//844 861//843 867//845
f 862//844 867//845 863//846
f 861//843 807//796 864//847
f 861//843 864//847 867//845
f 864//847 815//795 987//848
f 867//845 864//847 868//849
f 866//850 867//845 988//851
f 988//851 867//845 868//849
f 870//852 871//853 872//854
f 873//855 872//854 876//856
f 872//854 875//857 877//858
f 872//854 871//853 875//857
f 871//853 851//859 856//837
f 877//858 878//860 876//856
f 881//861 849//822 847//833
f 881//861 847//833 882//862
f 883//830 852//829 870//852
f 884//863 870//852 869//864
f 886//865 888//824 881//861
f 879//866 886//865 881//861
f 885//867 886//865 879//866
f 885//867 890//868 886//865
f 894//821 891//869 892//870
f 893//871 835//872 892//870
f 892//870 832//813 894//821
f 832//813 834//811 894//821
f 895//873 897//874 837//875
f 897//874 836//876 837//875
f 897//874 896//619 663//647
f 897//874 671//812 836//876
f 641//622 895//873 899//877
f 898//625 641//622 899//877
f 903//878 928//879 900//880
f 590//574 586//572 901//881
f 903//878 899//877 928//879
f 901//881 902//882 590//574
f 903//878 905//883 901//881
f 905//883 906//884 901//881
f 902//882 588//575 590//574
f 905//883 909//885 906//884
f 906//884 911//886 588//575
f 911//886 682//663 588//575
f 906//884 588//575 902//882
f 912//887 940//888 908//889
f 909//885 912//887 907//890
f 907//890 914//891 909//885
f 913//892 916//893 914//891
f 917//894 829//789 714//790
f 914//891 917//894 714//790
f 830//802 917//894 922//895
f 919//896 920//897 921//898
f 918//899 923//900 919//896
f 921//898 924//901 922//895
f 922//895 824//803 830//802
f 920//897 995//902 921//898
f 921//898 995//902 924//901
f 899//877 926//903 928//879
f 899//877 895//873 926//903
f 837//875 835//872 893//871
f 926//903 837//875 893//871
f 928//879 926//903 925//904
f 929//905 891//869 885//867
f 931//906 929//905 930//907
f 930//907 885//867 879//866
f 900//880 927//908 935//909
f 929//905 885//867 930//907
f 940//888 934//910 938//911
f 938//911 934//910 932//912
f 932//912 934//910 933//913
f 935//909 931//906 933//913
f 904//914 935//909 934//910
f 931//906 930//907 933//913
f 933//913 930//907 880//915
f 938//911 937//916 936//917
f 908//889 940//888 939//918
f 937//916 941//919 874//920
f 938//911 941//919 937//916
f 942//921 939//918 938//911
f 936//917 942//921 938//911
f 939//918 913//892 908//889
f 950//922 944//923 943//924
f 946//925 944//923 950//922
f 915//926 939//918 946//925
f 946//925 945//927 944//923
f 939//918 942//921 945//927
f 915//926 946//925 949//928
f 950//922 943//924 951//929
f 948//930 950//922 952//931
f 952//931 951//929 953//932
f 956//933 955//934 968//935
f 968//935 957//936 956//933
f 958//937 959//938 954//939
f 992//940 923//900 918//899
f 954//939 992//940 948//930
f 948//930 992//940 947//941
f 877//858 960//942 878//860
f 960//942 944//923 878//860
f 962//943 960//942 961//944
f 875//857 856//837 961//944
f 961//944 855//839 962//943
f 963//945 943//924 944//923
f 962//943 855//839 965//946
f 966//947 860//842 862//844
f 965//946 966//947 964//948
f 955//934 953//932 967//949
f 970//950 967//949 862//844
f 971//951 968//935 970//950
f 971//951 957//936 968//935
f 982//952 776//753 975//953
f 975//953 777//752 972//954
f 776//753 777//752 975//953
f 777//752 779//757 972//954
f 780//762 973//955 972//954
f 972//954 973//955 974//956
f 976//957 973//955 783//761
f 974//956 977//958 1963//959
f 980//960 981//961 979//962
f 778//755 983//963 980//960
f 776//753 983//963 778//755
f 776//753 982//952 983//963
f 783//761 984//964 978//965
f 782//760 999//806 985//966
f 782//760 985//966 1979//967
f 821//968 819//969 1989//970
f 819//969 979//962 986//971
f 1989//970 987//848 821//968
f 989//972 971//951 990//973
f 969//974 866//850 988//851
f 959//938 958//937 993//975
f 993//975 957//936 989//972
f 994//976 995//902 920//897
f 996//977 824//803 924//901
f 1000//805 1002//978 998//979
f 1000//805 1001//804 1002//978
f 1017//980 1003//981 1010//982
f 1013//983 1007//984 1006//985
f 1010//982 1009//986 1008//987
f 1012//988 1006//985 1011//989
f 1013//983 1006//985 1012//988
f 1014//990 1003//981 1017//980
f 1043//991 1015//992 1003//981
f 1018//993 1010//982 1022//994
f 1022//994 1071//995 1018//993
f 1018//993 1071//995 1019//996
f 1017//980 1019//996 1014//990
f 1008//987 1025//997 1010//982
f 1025//997 1022//994 1010//982
f 1025//997 1021//998 1022//994
f 1023//999 1009//986 1024//1000
f 1009//986 1005//1001 1024//1000
f 1021//998 1026//1002 1028//1003
f 1028//1003 1029//1004 1075//1005
f 1030//1006 1026//1002 1031//1007
f 1026//1002 1025//997 1031//1007
f 1031//1007 1025//997 1097//1008
f 1097//1008 1025//997 1008//987
f 1097//1008 1008//987 1023//999
f 1005//1001 1032//1009 1024//1000
f 1012//988 1033//1010 1032//1009
f 1012//988 1011//989 1033//1010
f 1035//1011 1036//1012 1006//985
f 1036//1012 1060//1013 1038//1014
f 1011//989 1038//1014 1037//1015
f 1035//1011 1041//1016 1040//1017
f 1020//1018 1042//1019 1043//991
f 1042//1019 1078//1020 1043//991
f 1043//991 1044//1021 1016//1022
f 1078//1020 1044//1021 1043//991
f 1016//1022 1041//1016 1007//984
f 1078//1020 1042//1019 1045//1023
f 1045//1023 1020//1018 1019//996
f 1048//1024 1044//1021 1078//1020
f 1040//1017 1049//1025 1050//1026
f 1055//1027 1058//1028 1051//1029
f 1058//1028 1039//1030 1052//1031
f 1051//1029 1052//1031 1053//1032
f 1054//1033 1056//1034 1055//1027
f 1057//1035 1037//1015 1058//1028
f 1060//1013 1061//1036 1059//1037
f 1061//1036 1082//1038 1063//1039
f 1174//1040 1065//1041 1062//1042
f 1062//1042 1065//1041 1063//1039
f 1065//1041 1059//1037 1061//1036
f 1061//1036 1066//1043 1067//1044
f 3232//1045 1069//1046 1074//1047
f 3232//1045 1070//1048 1069//1046
f 1070//1048 1046//1049 1069//1046
f 1046//1049 1071//995 1069//1046
f 1075//1005 1074//1047 1072//1050
f 1075//1005 1073//1051 1074//1047
f 1021//998 1069//1046 1022//994
f 1072//1050 1074//1047 1069//1046
f 1022//994 1069//1046 1071//995
f 1028//1003 1075//1005 1072//1050
f 1079//1052 1048//1024 1077//1053
f 1083//1054 1080//1055 1091//1056
f 1091//1056 1080//1055 1081//1057
f 1081//1057 1079//1052 1077//1053
f 1080//1055 1083//1054 1082//1038
f 1082//1038 1083//1054 1064//1058
f 1086//1059 1084//1060 1087//1061
f 1062//1042 1086//1059 1087//1061
f 1086//1059 1062//1042 1064//1058
f 1064//1058 1063//1039 1082//1038
f 1089//1062 1090//1063 1088//1064
f 1090//1063 3232//1045 1074//1047
f 1088//1064 1085//1065 1089//1062
f 1073//1051 1088//1064 1090//1063
f 1076//1066 1092//1067 1073//1051
f 1093//1068 1095//1069 1100//1070
f 1097//1008 1095//1069 1096//1071
f 1095//1069 1098//1072 1099//1073
f 1098//1072 1023//999 1024//1000
f 1101//1074 1100//1070 1034//1075
f 1100//1070 1099//1073 1033//1010
f 1099//1073 1024//1000 1032//1009
f 1114//1076 1124//1077 1104//1078
f 1104//1078 1096//1071 1094//1079
f 1113//1080 1094//1079 1093//1068
f 1103//1081 1102//1082 1105//1083
f 1105//1083 1101//1074 1106//1084
f 1101//1074 1034//1075 1107//1085
f 1107//1085 1109//1086 1106//1084
f 1109//1086 1116//1087 1106//1084
f 1106//1084 1110//1088 1105//1083
f 1110//1088 1111//1089 1103//1081
f 1121//1090 1207//1091 1114//1076
f 1113//1080 1103//1081 1111//1089
f 1116//1087 1109//1086 1203//1092
f 1117//1093 1119//1094 1116//1087
f 1110//1088 1119//1094 1111//1089
f 1119//1094 1112//1095 1111//1089
f 1119//1094 1120//1096 1121//1090
f 1122//1097 1030//1006 1123//1098
f 1030//1006 1031//1007 1123//1098
f 1031//1007 1097//1008 1096//1071
f 1124//1077 1096//1071 1104//1078
f 1031//1007 1096//1071 1124//1077
f 1124//1077 1125//1099 1031//1007
f 1125//1099 1123//1098 1031//1007
f 1123//1098 1146//1100 1122//1097
f 1127//1101 1128//1102 1125//1099
f 1131//1103 1130//1104 1054//1033
f 1107//1085 1057//1035 1132//1105
f 1132//1105 1057//1035 1056//1034
f 1205//1106 1130//1104 1131//1103
f 1056//1034 1054//1033 1130//1104
f 2//4 1133//1107 1//3
f 1092//1067 1076//1066 1133//1107
f 1076//1066 1075//1005 1029//1004
f 1133//1107 1029//1004 1134//1108
f 1092//1067 1135//1109 1136//1110
f 1133//1107 1135//1109 1092//1067
f 1135//1109 11//6 1171//1111
f 1136//1110 1135//1109 1171//1111
f 1136//1110 1171//1111 1084//1060
f 1027//1112 1137//1113 1028//1003
f 1027//1112 1138//1114 1137//1113
f 1137//1113 1134//1108 1029//1004
f 1138//1114 1167//1115 1137//1113
f 1122//1097 1141//1116 1030//1006
f 1141//1116 1140//1117 1027//1112
f 1142//1118 1139//1119 1140//1117
f 1140//1117 1139//1119 1138//1114
f 1142//1118 1141//1116 1144//1120
f 1141//1116 1122//1097 1144//1120
f 1144//1120 1146//1100 1147//1121
f 1144//1120 1122//1097 1146//1100
f 1144//1120 1147//1121 1145//1122
f 1128//1102 1147//1121 1146//1100
f 1149//1123 1154//1124 1147//1121
f 1154//1124 1148//1125 1147//1121
f 1153//1126 1152//1127 1151//1128
f 1152//1127 1153//1126 1148//1125
f 1148//1125 1153//1126 1145//1122
f 1156//1129 1158//1130 1157//1131
f 1156//1129 1157//1131 1151//1128
f 1159//1132 1161//1133 1151//1128
f 1161//1133 1153//1126 1151//1128
f 1162//1134 1161//1133 1164//1135
f 1162//1134 1143//1136 1161//1133
f 1163//1137 1164//1135 1165//1138
f 1142//1118 1163//1137 1139//1119
f 1164//1135 1161//1133 1160//1139
f 1165//1138 1160//1139 1166//1140
f 1167//1115 3//1 1134//1108
f 1139//1119 1163//1137 1167//1115
f 1163//1137 1165//1138 1168//1141
f 1163//1137 1168//1141 1167//1115
f 1168//1141 1165//1138 1169//1142
f 1087//1061 1171//1111 10//1143
f 8//1144 1174//1040 1170//1145
f 1172//1146 1173//1147 1053//1032
f 1174//1040 1053//1032 1065//1041
f 1170//1145 1174//1040 1062//1042
f 1175//1148 1173//1147 1178//1149
f 1053//1032 1175//1148 1051//1029
f 1173//1147 1176//1150 1177//1151
f 1175//1148 1178//1149 1055//1027
f 1177//1151 1178//1149 1173//1147
f 1180//1152 1181//1153 1177//1151
f 1178//1149 1179//1154 1129//1155
f 1179//1154 1181//1153 1182//1156
f 1183//1157 1129//1155 1179//1154
f 1184//1158 1320//1159 1182//1156
f 1205//1106 1131//1103 1183//1157
f 1169//1142 1186//1160 6//7
f 1169//1142 1166//1140 1186//1160
f 1187//1161 1189//1162 1188//1163
f 1188//1163 1189//1162 1176//1150
f 1186//1160 1188//1163 7//9
f 1188//1163 1176//1150 7//9
f 1180//1152 1189//1162 1190//1164
f 1191//1165 1192//1166 1193//1167
f 1194//1168 1196//1169 1193//1167
f 1191//1165 1196//1169 1190//1164
f 1196//1169 1197//1170 1195//1171
f 1158//1130 1198//1172 1157//1131
f 1198//1172 1199//1173 1197//1170
f 1202//1174 1204//1175 1201//1176
f 1115//1177 1116//1087 1203//1092
f 1203//1092 1108//1178 1204//1175
f 1203//1092 1109//1086 1108//1178
f 1280//1179 1284//1180 1205//1106
f 1284//1180 1285//1181 1205//1106
f 1121//1090 1208//1182 1206//1183
f 1211//1184 1209//1185 1208//1182
f 1206//1183 1208//1182 1221//1186
f 1125//1099 1126//1187 1275//1188
f 1207//1091 1206//1183 1126//1187
f 1127//1101 1275//1188 1210//1189
f 1211//1184 1214//1190 1209//1185
f 1219//1191 1115//1177 1202//1174
f 1219//1191 1118//1192 1115//1177
f 1213//1193 1212//1194 1118//1192
f 1118//1192 1117//1093 1115//1177
f 1223//1195 1216//1196 1215//1197
f 1215//1197 1216//1196 1214//1190
f 1216//1196 1209//1185 1214//1190
f 1214//1190 1217//1198 1215//1197
f 1217//1198 1218//1199 1215//1197
f 1213//1193 1219//1191 1217//1198
f 1219//1191 1220//1200 1217//1198
f 1219//1191 1202//1174 1220//1200
f 1227//1201 1221//1186 1209//1185
f 1216//1196 1223//1195 1222//1202
f 1223//1195 1224//1203 1222//1202
f 1221//1186 1226//1204 1276//1205
f 1228//1206 1227//1201 1222//1202
f 1240//1207 1231//1208 1230//1209
f 1231//1208 1232//1210 1229//1211
f 1232//1210 1231//1208 1223//1195
f 1225//1212 1233//1213 1224//1203
f 1225//1212 1234//1214 1233//1213
f 1235//1215 1238//1216 1234//1214
f 1230//1209 1239//1217 1240//1207
f 1228//1206 1265//1218 1226//1204
f 1233//1213 1241//1219 1228//1206
f 1234//1214 1241//1219 1233//1213
f 1241//1219 1243//1220 1265//1218
f 1242//1221 1244//1222 1258//1223
f 1246//1224 1249//1225 1248//1226
f 1245//1227 1238//1216 1249//1225
f 1248//1226 1250//1228 1251//1229
f 1251//1229 1250//1228 1252//1230
f 1251//1229 1252//1230 1278//1231
f 1250//1228 1253//1232 1252//1230
f 1253//1232 1230//1209 1255//1233
f 1230//1209 1229//1211 1255//1233
f 1229//1211 1218//1199 1257//1234
f 1254//1235 1255//1233 1256//1236
f 1202//1174 1201//1176 1257//1234
f 1201//1176 1256//1236 1257//1234
f 1257//1234 1256//1236 1255//1233
f 1246//1224 1260//1237 1259//1238
f 1244//1222 1340//1239 1258//1223
f 1246//1224 1247//1240 1260//1237
f 1247//1240 1262//1241 1264//1242
f 1265//1218 1266//1243 1274//1244
f 1258//1223 1261//1245 1272//1246
f 1272//1246 1273//1247 1266//1243
f 1268//1248 1266//1243 1271//1249
f 1273//1247 1271//1249 1266//1243
f 1268//1248 1270//1250 1267//1251
f 1226//1204 1274//1244 1276//1205
f 1274//1244 1275//1188 1276//1205
f 1274//1244 1267//1251 1275//1188
f 1267//1251 1286//1252 1210//1189
f 1276//1205 1275//1188 1126//1187
f 1324//1253 1277//1254 1279//1255
f 1324//1253 1279//1255 1284//1180
f 1278//1231 1254//1235 1277//1254
f 1278//1231 1252//1230 1254//1235
f 1277//1254 1324//1253 1281//1256
f 1277//1254 1281//1256 1358//1257
f 1279//1255 1283//1258 1284//1180
f 1283//1258 1254//1235 1256//1236
f 1283//1258 1256//1236 1285//1181
f 1256//1236 1201//1176 1204//1175
f 1286//1252 1289//1259 1210//1189
f 1286//1252 1287//1260 1290//1261
f 1286//1252 1290//1261 1289//1259
f 1287//1260 1288//1262 1290//1261
f 1288//1262 1291//1263 1290//1261
f 1210//1189 1289//1259 1127//1101
f 1288//1262 1287//1260 1292//1264
f 1287//1260 1286//1252 1270//1250
f 1293//1265 1295//1266 1294//1267
f 1293//1265 1270//1250 1295//1266
f 1295//1266 1270//1250 1296//1268
f 1269//1269 1296//1268 1270//1250
f 1301//1270 1308//1271 1299//1272
f 1301//1270 1302//1273 1308//1271
f 1303//1274 1304//1275 1301//1270
f 1303//1274 1158//1130 1304//1275
f 1304//1275 1302//1273 1301//1270
f 1304//1275 1305//1276 1302//1273
f 1155//1277 1150//1278 1291//1263
f 1304//1275 1291//1263 1305//1276
f 1291//1263 1288//1262 1305//1276
f 1302//1273 1305//1276 1310//1279
f 1305//1276 1288//1262 1310//1279
f 1308//1271 1309//1280 1306//1281
f 1307//1282 1299//1272 1306//1281
f 1310//1279 1311//1283 1309//1280
f 1310//1279 1292//1264 1311//1283
f 1309//1280 1313//1284 1314//1285
f 1311//1283 1294//1267 1313//1284
f 1318//1286 1316//1287 1314//1285
f 1316//1287 1312//1288 1314//1285
f 1318//1286 1315//1289 1454//1290
f 1205//1106 1325//1291 1280//1179
f 1185//1292 1320//1159 1325//1291
f 1320//1159 1184//1158 1319//1293
f 1320//1159 1321//1294 1322//1295
f 1320//1159 1319//1293 1321//1294
f 1323//1296 1322//1295 1321//1294
f 1323//1296 1326//1297 1322//1295
f 1325//1291 1324//1253 1280//1179
f 1319//1293 1328//1298 1327//1299
f 1328//1298 1329//1300 1330//1301
f 1199//1173 1198//1172 1329//1300
f 1198//1172 1158//1130 1303//1274
f 1329//1300 1303//1274 1300//1302
f 1329//1300 1198//1172 1303//1274
f 1330//1301 1300//1302 1299//1272
f 1299//1272 1307//1282 1330//1301
f 1321//1294 1319//1293 1331//1303
f 1331//1303 1319//1293 1327//1299
f 1336//1304 1321//1294 1332//1305
f 1453//1306 1335//1307 1307//1282
f 1337//1308 1332//1305 1334//1309
f 1335//1307 1337//1308 1333//1310
f 1337//1308 1336//1304 1332//1305
f 1338//1311 1262//1241 1263//1312
f 1339//1313 1264//1242 1338//1311
f 1338//1311 1264//1242 1262//1241
f 1264//1242 1342//1314 1260//1237
f 1260//1237 1341//1315 1340//1239
f 1340//1239 1341//1315 1354//1316
f 1344//1317 1349//1318 1342//1314
f 1342//1314 1345//1319 1341//1315
f 1350//1320 1345//1319 1349//1318
f 1363//1321 1346//1322 1347//1323
f 1348//1324 1346//1322 1352//1325
f 1349//1318 1344//1317 1348//1324
f 1344//1317 1346//1322 1348//1324
f 1343//1326 1350//1320 1371//1327
f 1348//1324 1353//1328 1349//1318
f 1352//1325 1353//1328 1348//1324
f 1353//1328 1352//1325 1375//1329
f 1353//1328 1373//1330 1371//1327
f 1354//1316 1360//1331 1367//1332
f 1340//1239 1354//1316 1261//1245
f 1418//1333 1357//1334 1358//1257
f 1346//1322 1339//1313 1347//1323
f 1358//1257 1281//1256 1418//1333
f 1421//1335 1364//1336 1356//1337
f 1363//1321 1347//1323 1364//1336
f 1370//1338 1343//1326 1371//1327
f 1379//1339 1366//1340 1370//1338
f 1365//1341 1367//1332 1366//1340
f 1366//1340 1360//1331 1370//1338
f 1362//1342 1368//1343 1363//1321
f 1408//1344 1369//1345 1368//1343
f 1366//1340 1379//1339 1365//1341
f 1371//1327 1373//1330 1380//1346
f 1369//1345 1372//1347 1368//1343
f 1375//1329 1376//1348 1389//1349
f 1375//1329 1372//1347 1376//1348
f 1378//1350 1379//1339 1380//1346
f 1378//1350 1396//1351 1379//1339
f 1374//1352 1389//1349 1381//1353
f 1381//1353 1382//1354 1388//1355
f 1377//1356 1381//1353 1383//1357
f 1392//1358 1382//1354 1389//1349
f 1386//1359 1387//1360 1383//1357
f 1385//1361 1383//1357 1388//1355
f 1385//1361 1388//1355 1384//1362
f 1384//1362 1388//1355 1382//1354
f 1389//1349 1391//1363 1392//1358
f 1391//1363 1414//1364 1392//1358
f 1382//1354 1392//1358 1384//1362
f 1394//1365 1395//1366 1396//1351
f 1396//1351 1395//1366 1365//1341
f 1378//1350 1383//1357 1387//1360
f 1402//1367 1400//1368 1399//1369
f 1403//1370 1399//1369 1398//1371
f 1403//1370 1398//1371 1365//1341
f 3008//1372 1402//1367 1403//1370
f 1407//1373 2033//1374 1413//1375
f 1406//1376 1409//1377 1407//1373
f 1369//1345 1406//1376 1413//1375
f 1410//1378 1409//1377 1408//1344
f 1409//1377 1410//1378 1411//1379
f 1410//1378 1408//1344 1362//1342
f 1362//1342 1421//1335 1422//1380
f 1413//1375 1390//1381 1369//1345
f 1390//1381 1413//1375 1414//1364
f 1390//1381 1414//1364 1391//1363
f 1415//1382 1413//1375 2033//1374
f 1413//1375 1415//1382 1416//1383
f 1415//1382 1417//1384 1416//1383
f 1418//1333 1419//1385 1356//1337
f 1418//1333 1359//1386 1419//1385
f 1421//1335 1420//1387 1422//1380
f 1411//1379 1424//1388 1412//1389
f 1410//1378 1422//1380 1423//1390
f 1425//1391 1426//1392 1463//1393
f 1401//1394 1427//1395 1355//1396
f 1355//1396 1427//1395 1430//1397
f 1361//1398 1401//1394 1271//1249
f 1296//1268 1355//1396 1430//1397
f 1298//1399 1429//1400 1428//1401
f 1430//1397 1431//1402 1429//1400
f 1431//1402 1432//1403 1434//1404
f 1432//1403 1438//1405 1433//1406
f 1434//1404 1428//1401 1429//1400
f 1427//1395 1435//1407 1431//1402
f 1400//1368 1435//1407 1427//1395
f 1436//1408 1437//1409 1435//1407
f 1434//1404 1440//1410 1428//1401
f 1432//1403 1433//1406 1441//1411
f 1441//1411 1445//1412 1439//1413
f 1442//1414 1445//1412 1441//1411
f 1441//1411 1451//1415 1442//1414
f 1445//1412 1446//1416 1440//1410
f 1445//1412 1447//1417 1446//1416
f 1445//1412 1444//1418 1447//1417
f 1438//1405 1448//1419 1433//1406
f 1433//1406 1450//1420 1441//1411
f 1441//1411 1450//1420 1451//1415
f 1448//1419 1449//1421 1450//1420
f 1450//1420 3001//1422 1451//1415
f 1447//1417 1317//1423 1446//1416
f 1316//1287 1454//1290 1446//1416
f 1454//1290 1428//1401 1440//1410
f 1468//1424 1326//1297 1323//1296
f 1468//1424 1455//1425 1326//1297
f 1455//1425 1457//1426 1326//1297
f 1457//1426 1359//1386 1282//1427
f 1457//1426 1282//1427 1326//1297
f 1359//1386 1456//1428 1420//1387
f 1458//1429 1455//1425 1459//1430
f 1460//1431 1458//1429 1459//1430
f 1462//1432 1463//1393 1456//1428
f 1462//1432 1464//1433 1463//1393
f 1456//1428 1426//1392 1420//1387
f 1444//1418 1466//1434 3234//1435
f 1466//1434 1467//1436 1465//1437
f 1465//1437 1467//1436 1468//1424
f 1467//1436 1459//1430 1468//1424
f 1468//1424 1459//1430 1455//1425
f 1471//1438 1472//1439 1469//1440
f 1470//1441 1443//1442 1471//1438
f 1471//1438 1443//1442 1473//1443
f 1472//1439 1473//1443 1452//1444
f 1475//1445 1476//1446 1477//1447
f 1476//1446 1460//1431 1477//1447
f 1476//1446 1478//1448 1460//1431
f 1477//1447 1460//1431 1479//1449
f 1474//1450 1477//1447 1470//1441
f 1480//1451 1481//1452 1498//1453
f 1483//1454 1484//1455 1482//1456
f 1541//1457 1486//1458 1485//1459
f 1509//1460 1486//1458 1541//1457
f 1487//1461 1482//1456 1493//1462
f 1483//1454 1482//1456 1487//1461
f 1480//1451 1498//1453 1488//1463
f 1489//1464 1481//1452 1480//1451
f 1485//1459 1492//1465 1491//1466
f 1504//1467 1494//1468 1484//1455
f 1495//1469 1496//1470 1484//1455
f 1496//1470 1504//1467 1484//1455
f 1507//1471 1497//1472 1509//1460
f 1495//1469 1483//1454 1487//1461
f 1498//1453 1500//1473 1499//1474
f 1500//1473 1523//1475 1501//1476
f 1494//1468 1500//1473 1481//1452
f 1505//1477 1494//1468 1504//1467
f 1508//1478 1514//1479 1509//1460
f 1506//1480 1519//1481 1496//1470
f 1511//1482 1510//1483 1507//1471
f 1507//1471 1510//1483 1506//1480
f 1511//1482 1512//1484 1510//1483
f 1510//1483 1513//1485 1519//1481
f 1543//1486 1515//1487 1514//1479
f 1518//1488 1512//1484 1515//1487
f 1511//1482 1514//1479 1515//1487
f 1520//1489 1496//1470 1519//1481
f 1513//1485 1539//1490 1520//1489
f 1523//1475 1522//1491 1521//1492
f 1503//1493 1502//1494 1523//1475
f 1502//1494 1524//1495 1522//1491
f 1524//1495 1502//1494 1505//1477
f 1488//1463 1499//1474 1525//1496
f 1525//1496 1501//1476 1558//1497
f 1501//1476 1523//1475 1526//1498
f 1558//1497 1501//1476 1528//1499
f 1521//1492 1529//1500 1530//1501
f 1530//1501 1529//1500 1531//1502
f 1570//1503 1533//1504 1534//1505
f 1527//1506 1530//1501 1535//1507
f 1535//1507 1530//1501 1533//1504
f 1529//1500 1536//1508 1532//1509
f 1539//1490 1513//1485 1540//1510
f 1532//1509 1536//1508 1517//1511
f 1536//1508 1540//1510 1517//1511
f 1485//1459 1508//1478 1541//1457
f 1542//1512 1544//1513 1546//1514
f 1545//1515 1575//1516 1550//1517
f 1546//1514 1576//1518 1575//1516
f 1531//1502 1532//1509 1548//1519
f 1548//1519 1517//1511 1547//1520
f 1489//1464 1551//1521 1582//1522
f 1480//1451 1552//1523 1551//1521
f 1553//1524 1493//1462 1554//1525
f 1564//1526 1525//1496 1558//1497
f 1557//1527 1559//1528 1560//1529
f 1561//1530 1562//1531 1698//1532
f 1563//1533 1561//1530 1623//1534
f 1624//1535 1488//1463 1525//1496
f 1563//1533 1525//1496 1564//1526
f 1561//1530 1563//1533 1564//1526
f 1564//1526 1556//1536 1561//1530
f 1528//1499 1559//1528 1558//1497
f 1566//1537 1565//1538 1528//1499
f 1567//1539 1676//1540 1565//1538
f 1565//1538 1560//1529 1559//1528
f 1567//1539 1535//1507 1569//1541
f 1535//1507 1533//1504 1570//1503
f 1569//1541 1570//1503 1571//1542
f 1549//1543 1573//1544 1572//1545
f 1550//1517 1575//1516 1574//1546
f 1544//1513 1577//1547 1580//1548
f 1577//1547 1578//1549 1580//1548
f 1576//1518 1580//1548 1636//1550
f 1578//1549 1491//1466 1591//1551
f 1600//1552 1555//1553 1582//1522
f 1589//1554 1582//1522 1590//1555
f 1590//1555 1551//1521 1552//1523
f 1590//1555 1582//1522 1551//1521
f 1585//1556 1552//1523 1488//1463
f 1585//1556 1587//1557 1552//1523
f 1591//1551 1592//1558 1578//1549
f 1601//1559 1592//1558 1591//1551
f 1602//1560 1593//1561 1592//1558
f 1592//1558 1579//1562 1578//1549
f 1594//1563 1596//1564 1597//1565
f 1612//1566 1598//1567 1595//1568
f 1613//1569 1599//1570 1598//1567
f 1595//1568 1598//1567 1596//1564
f 1596//1564 1581//1571 1600//1552
f 1601//1559 1599//1570 1613//1569
f 1601//1559 1613//1569 1602//1560
f 1614//1572 1604//1573 1607//1574
f 1589//1554 1605//1575 1597//1565
f 1605//1575 1586//1576 1606//1577
f 1604//1573 1605//1575 1606//1577
f 1607//1574 1606//1577 1608//1578
f 1609//1579 1612//1566 1724//1580
f 1617//1581 1618//1582 1607//1574
f 1607//1574 1618//1582 1614//1572
f 1619//1583 1603//1584 1602//1560
f 1611//1585 1740//1586 1613//1569
f 1624//1535 1586//1576 1585//1556
f 1623//1534 1561//1530 1622//1587
f 1623//1534 1586//1576 1624//1535
f 1623//1534 1629//1588 1586//1576
f 1698//1532 1626//1589 1622//1587
f 1622//1587 1625//1590 1623//1534
f 1625//1590 1629//1588 1623//1534
f 1629//1588 1608//1578 1606//1577
f 1616//1591 1615//1592 1628//1593
f 1625//1590 1626//1589 1627//1594
f 1627//1594 1626//1589 1713//1595
f 1632//1596 1575//1516 1636//1550
f 1633//1597 1573//1544 1574//1546
f 1633//1597 1572//1545 1573//1544
f 1634//1598 1671//1599 1635//1600
f 1634//1598 1635//1600 1571//1542
f 1636//1550 1637//1601 1632//1596
f 1638//1602 1639//1603 1637//1601
f 1632//1596 1637//1601 1631//1604
f 1631//1604 1637//1601 1630//1605
f 1638//1602 1579//1562 1641//1606
f 1662//1607 1643//1608 1642//1609
f 1643//1608 1644//1610 1642//1609
f 1579//1562 1593//1561 1644//1610
f 1645//1611 1642//1609 1644//1610
f 1649//1612 1650//1613 1642//1609
f 1837//1614 1649//1612 1646//1615
f 1646//1615 1649//1612 1645//1611
f 1650//1613 1662//1607 1642//1609
f 1650//1613 1651//1616 1662//1607
f 1652//1617 1653//1618 1658//1619
f 1710//1620 1655//1621 1654//1622
f 1652//1617 1656//1623 1655//1621
f 1653//1618 1655//1621 1710//1620
f 1655//1621 1647//1624 1861//1625
f 1656//1623 1647//1624 1655//1621
f 1656//1623 1648//1626 1647//1624
f 1657//1627 1651//1616 1658//1619
f 1660//1628 1651//1616 1659//1629
f 1659//1629 1651//1616 1657//1627
f 1661//1630 1662//1607 1651//1616
f 1640//1631 1666//1632 1665//1633
f 1660//1628 1695//1634 1666//1632
f 1630//1605 1663//1635 1664//1636
f 1663//1635 1666//1632 1667//1637
f 1664//1636 1667//1637 1669//1638
f 1669//1638 1671//1599 1664//1636
f 1671//1599 1634//1598 1633//1597
f 1664//1636 1633//1597 1630//1605
f 1672//1639 1571//1542 1635//1600
f 1568//1640 1569//1541 1571//1542
f 1672//1639 1635//1600 1670//1641
f 1672//1639 1670//1641 1674//1642
f 1568//1640 1675//1643 1567//1539
f 1567//1539 1675//1643 1676//1540
f 1675//1643 1677//1644 1676//1540
f 1568//1640 1672//1639 1675//1643
f 1675//1643 1673//1645 1677//1644
f 1676//1540 1677//1644 1560//1529
f 1691//1646 1681//1647 1680//1648
f 1679//1649 1681//1647 1684//1650
f 1679//1649 1684//1650 1689//1651
f 1556//1536 1682//1652 1683//1653
f 1682//1652 1557//1527 1560//1529
f 1681//1647 1682//1652 1684//1650
f 1684//1650 1678//1654 1677//1644
f 1684//1650 1677//1644 1673//1645
f 1694//1655 1686//1656 1695//1634
f 1685//1657 1686//1656 1694//1655
f 1685//1657 1687//1658 1688//1659
f 1685//1657 1688//1659 1686//1656
f 1688//1659 1689//1651 1690//1660
f 1689//1651 1673//1645 1674//1642
f 1690//1660 1669//1638 1686//1656
f 1686//1656 1688//1659 1690//1660
f 1683//1653 1562//1531 1556//1536
f 1691//1646 1683//1653 1682//1652
f 1692//1661 1693//1662 1680//1648
f 1683//1653 1698//1532 1562//1531
f 1659//1629 1694//1655 1695//1634
f 1701//1663 1696//1664 1694//1655
f 1701//1663 1692//1661 1696//1664
f 1698//1532 1683//1653 1707//1665
f 1699//1666 1693//1662 1692//1661
f 1692//1661 1701//1663 1699//1666
f 1659//1629 1657//1627 1702//1667
f 1702//1667 1657//1627 1703//1668
f 1697//1669 1705//1670 1704//1671
f 1705//1670 1699//1666 1706//1672
f 1713//1595 1707//1665 1712//1673
f 1626//1589 1698//1532 1713//1595
f 1707//1665 1697//1669 1712//1673
f 1708//1674 1709//1675 1700//1676
f 1700//1676 1703//1668 1708//1674
f 1703//1668 1710//1620 1708//1674
f 1703//1668 1653//1618 1710//1620
f 1704//1671 1711//1677 1869//1678
f 1712//1673 1704//1671 1869//1678
f 1715//1679 1706//1672 1709//1675
f 1714//1680 1709//1675 1708//1674
f 1714//1680 1715//1679 1709//1675
f 1618//1582 1716//1681 1723//1682
f 1719//1683 1721//1684 1723//1682
f 1616//1591 1717//1685 1617//1581
f 1617//1581 1717//1685 1719//1683
f 1717//1685 1718//1686 1719//1683
f 1719//1683 1718//1686 1722//1687
f 1722//1687 1720//1688 1749//1689
f 1722//1687 1749//1689 1726//1690
f 1721//1684 1726//1690 1725//1691
f 1725//1691 1727//1692 1728//1693
f 1724//1580 1725//1691 1609//1579
f 1609//1579 1728//1693 1610//1694
f 1729//1695 1732//1696 1733//1697
f 1729//1695 1733//1697 1730//1698
f 1730//1698 1734//1699 1731//1700
f 1730//1698 1731//1700 1736//1701
f 1718//1686 1717//1685 1731//1700
f 1730//1698 1739//1702 1729//1695
f 1736//1701 1628//1593 1737//1703
f 1731//1700 1616//1591 1736//1701
f 1616//1591 1628//1593 1736//1701
f 1628//1593 1627//1594 1737//1703
f 1737//1703 1627//1594 1738//1704
f 1727//1692 1743//1705 1742//1706
f 1742//1706 1743//1705 1744//1707
f 1743//1705 1750//1708 1744//1707
f 1744//1707 1745//1709 1746//1710
f 1621//1711 1747//1712 1748//1713
f 1749//1689 1751//1714 1743//1705
f 1743//1705 1751//1714 1750//1708
f 1751//1714 1756//1715 1752//1716
f 1752//1716 1753//1717 1754//1718
f 1750//1708 1752//1716 1745//1709
f 1749//1689 1755//1719 1751//1714
f 1720//1688 1735//1720 1755//1719
f 1735//1720 1733//1697 1756//1715
f 1756//1715 1733//1697 1757//1721
f 1756//1715 1757//1721 1752//1716
f 1752//1716 1757//1721 1753//1717
f 1754//1718 1760//1722 1761//1723
f 1761//1723 1779//1724 1778//1725
f 1758//1726 1761//1723 1763//1727
f 1763//1727 1778//1725 1770//1728
f 1763//1727 1761//1723 1778//1725
f 1764//1729 1765//1730 1762//1731
f 1762//1731 1765//1730 1779//1724
f 1759//1732 1764//1729 1760//1722
f 1753//1717 1766//1733 1759//1732
f 1766//1733 1765//1730 1764//1729
f 1757//1721 1805//1734 1766//1733
f 1767//1735 1769//1736 1780//1737
f 1767//1735 1770//1728 1769//1736
f 1746//1710 1758//1726 1768//1738
f 1745//1709 1754//1718 1758//1726
f 1768//1738 1763//1727 1770//1728
f 1758//1726 1763//1727 1768//1738
f 1771//1739 1776//1740 1772//1741
f 1771//1739 1774//1742 1776//1740
f 1769//1736 1776//1740 1775//1743
f 1771//1739 1772//1741 1785//1744
f 1772//1741 1773//1745 1785//1744
f 1785//1744 1779//1724 1786//1746
f 1786//1746 1779//1724 1765//1730
f 1785//1744 1786//1746 1787//1747
f 1788//1748 1790//1749 1797//1750
f 1790//1749 1774//1742 1771//1739
f 1781//1751 1775//1743 1792//1752
f 1789//1753 1793//1754 1792//1752
f 1806//1755 1795//1756 1788//1748
f 1795//1756 1794//1757 1788//1748
f 1819//1758 1793//1754 1794//1757
f 1794//1757 1789//1753 1790//1749
f 1796//1759 1797//1750 1791//1760
f 1796//1759 1806//1755 1797//1750
f 1806//1755 1788//1748 1797//1750
f 1799//1761 1783//1762 1800//1763
f 1800//1763 1783//1762 1802//1764
f 1783//1762 1785//1744 1802//1764
f 1802//1764 1787//1747 1803//1765
f 1800//1763 1802//1764 1801//1766
f 1803//1765 1787//1747 1805//1734
f 1803//1765 1805//1734 1804//1767
f 1805//1734 1732//1696 1729//1695
f 1796//1759 1807//1768 1809//1769
f 1908//1770 1808//1771 1807//1768
f 1795//1756 1810//1772 1811//1773
f 1806//1755 1809//1769 1810//1772
f 2575//29 31//30 28//26 29//27
f 1817//1774 1812//1775 1816//1776
f 1816//1776 1830//1777 1815//1778
f 1822//1779 1819//1758 1818//1780
f 1818//1780 1819//1758 1821//1781
f 1819//1758 1820//1782 1821//1781
f 1823//1783 1826//1784 1824//1785
f 1823//1783 1824//1785 1782//1786
f 1823//1783 1827//1787 1826//1784
f 1827//1787 1825//1788 1826//1784
f 1822//1779 1903//1789 1823//1783
f 1905//1790 1906//1791 1823//1783
f 1747//1712 1828//1792 1824//1785
f 1828//1792 1780//1737 1824//1785
f 1748//1713 1829//1793 1839//1794
f 1801//1766 1812//1775 1800//1763
f 1830//1777 1812//1775 1832//1795
f 1832//1795 1831//1796 1830//1777
f 1804//1767 1729//1695 1739//1702
f 1831//1796 1833//1797 1872//1798
f 1832//1795 1739//1702 1831//1796
f 1834//1799 1835//1800 1837//1614
f 1748//1713 1837//1614 1646//1615
f 1866//1801 1835//1800 1838//1802
f 1835//1800 1834//1799 1838//1802
f 1838//1802 1839//1794 1841//1803
f 1836//1804 1841//1803 1856//1805
f 1843//1806 1840//1807 1839//1794
f 1840//1807 1842//1808 1841//1803
f 1842//1808 1856//1805 1841//1803
f 1840//1807 1841//1803 1839//1794
f 1844//1809 1845//1810 1840//1807
f 1825//1788 1843//1806 1839//1794
f 1825//1788 1839//1794 1829//1793
f 1843//1806 1825//1788 1942//1811
f 1825//1788 1827//1787 1942//1811
f 1844//1809 1843//1806 1846//1812
f 1843//1806 1942//1811 1846//1812
f 1845//1810 1846//1812 1939//1813
f 1845//1810 1850//1814 1842//1808
f 1848//1815 1849//1816 1852//1817
f 1848//1815 1854//1818 1849//1816
f 1853//1819 1852//1817 1851//1820
f 1852//1817 1849//1816 1851//1820
f 1860//1821 1854//1818 1855//1822
f 1856//1805 1842//1808 1850//1814
f 1850//1814 1849//1816 1854//1818
f 1854//1818 1848//1815 1855//1822
f 1857//1823 1858//1824 1860//1821
f 1857//1823 1895//1825 1858//1824
f 1858//1824 1836//1804 1860//1821
f 1856//1805 1854//1818 1860//1821
f 1654//1622 1861//1625 1862//1826
f 1647//1624 1866//1801 1864//1827
f 1864//1827 1866//1801 1859//1828
f 1868//1829 1871//1830 1869//1678
f 1869//1678 1833//1797 1738//1704
f 1712//1673 1738//1704 1713//1595
f 1833//1797 1871//1830 1872//1798
f 1872//1798 1871//1830 1878//1831
f 1871//1830 1870//1832 1874//1833
f 1875//1834 1876//1835 1874//1833
f 1878//1831 1877//1836 1872//1798
f 1872//1798 1814//1837 1831//1796
f 1879//1838 1880//1839 1876//1835
f 1815//1778 1814//1837 1881//1840
f 1879//1838 1875//1834 1887//1841
f 1875//1834 1883//1842 1887//1841
f 1883//1842 1891//1843 1886//1844
f 1886//1844 1891//1843 1885//1845
f 1885//1845 1848//1815 1852//1817
f 1884//1846 1885//1845 1853//1819
f 1887//1841 1883//1842 1937//1847
f 1875//1834 1889//1848 1883//1842
f 1875//1834 1888//1849 1889//1848
f 1891//1843 1855//1822 1848//1815
f 1893//1850 1873//1851 1892//1852
f 1892//1852 1873//1851 1870//1832
f 1894//1853 1893//1850 1892//1852
f 1895//1825 1857//1823 1894//1853
f 1857//1823 1890//1854 1893//1850
f 1890//1854 1889//1848 1893//1850
f 1889//1848 1888//1849 1873//1851
f 1888//1849 1875//1834 1873//1851
f 1896//1855 1821//1781 1897//1856
f 1900//1857 1818//1780 1896//1855
f 1897//1856 1811//1773 1899//1858
f 1898//1859 1810//1772 1808//1771
f 1811//1773 1810//1772 1899//1858
f 1896//1855 1901//1860 1900//1857
f 1900//1857 1903//1789 1822//1779
f 1903//1789 1904//1861 1905//1790
f 1903//1789 1928//1862 1904//1861
f 1905//1790 1930//1863 1906//1791
f 1907//1864 1899//1858 1914//1865
f 1901//1860 1896//1855 1916//1866
f 1914//1865 1898//1859 1917//1867
f 1908//1770 1910//1868 1898//1859
f 1808//1771 1908//1770 1898//1859
f 1908//1770 1909//1869 1910//1868
f 1909//1869 1913//1870 1912//1871
f 1927//1872 1815//1778 1911//1873
f 2119//1874 1907//1864 1914//1865
f 1918//1875 1917//1867 1910//1868
f 1918//1875 1919//1876 1917//1867
f 1919//1876 1914//1865 1917//1867
f 1928//1862 1903//1789 1923//1877
f 1923//1877 1902//1878 1924//1879
f 1924//1879 1901//1860 1916//1866
f 1910//1868 1909//1869 1918//1875
f 1926//1880 1927//1872 1932//1881
f 1925//1882 1912//1871 2155//1883
f 2151//1884 1912//1871 1927//1872
f 1927//1872 1911//1873 1932//1881
f 1928//1862 1923//1877 1904//1861
f 1920//1885 1929//1886 1921//1887
f 1923//1877 1931//1888 1930//1863
f 1923//1877 1929//1886 1931//1888
f 1932//1881 1911//1873 1815//1778
f 1880//1839 1933//1889 1882//1890
f 1882//1890 1933//1889 1881//1840
f 1961//1891 1887//1841 1938//1892
f 1938//1892 1937//1847 1936//1893
f 1937//1847 1884//1846 1934//1894
f 1935//1895 1851//1820 1941//1896
f 1941//1896 1847//1897 1940//1898
f 1942//1811 1943//1899 1846//1812
f 1943//1899 1939//1813 1846//1812
f 1930//1863 1944//1900 1942//1811
f 1944//1900 1946//1901 1948//1902
f 1944//1900 1948//1902 1947//1903
f 1949//1904 1947//1903 1948//1902
f 1943//1899 1947//1903 1949//1904
f 1949//1904 1951//1905 1943//1899
f 1950//1906 1952//1907 1949//1904
f 2116//1908 1953//1909 1952//1907
f 1953//1909 1941//1896 1940//1898
f 1953//1909 1940//1898 1951//1905
f 1954//1910 1955//1911 1941//1896
f 1958//1912 1959//1913 1957//1914
f 1959//1913 1961//1891 1938//1892
f 1960//1915 1962//1916 1933//1889
f 1962//1916 1932//1881 1933//1889
f 1965//1917 975//953 1964//1918
f 984//964 1967//1919 976//957
f 1968//1920 1964//1918 1963//959
f 1970//1921 1971//1922 1966//1923
f 1971//1922 1968//1920 1963//959
f 1968//1920 1973//1924 1964//1918
f 1971//1922 1972//1925 1968//1920
f 2033//1374 1973//1924 2037//1926
f 1969//1927 1976//1928 1965//1917
f 1978//1929 979//962 981//961
f 1976//1928 981//961 983//963
f 1407//1373 1412//1389 1976//1928
f 1407//1373 1411//1379 1412//1389
f 1969//1927 1407//1373 1976//1928
f 1980//1930 1979//967 998//979
f 1982//1931 1967//1919 984//964
f 1981//1932 1967//1919 1982//1931
f 1981//1932 1984//1933 1967//1919
f 1985//1934 1986//1935 986//971
f 1978//1929 1424//1388 1985//1934
f 1985//1934 1425//1391 1986//1935
f 1988//1936 1990//1937 1987//1938
f 1987//1938 1461//1939 988//851
f 1989//970 1988//1936 1987//1938
f 1989//970 1464//1433 1988//1936
f 988//851 1992//1940 969//974
f 1461//1939 2025//1941 1992//1940
f 1991//1942 1993//1943 1995//1944
f 989//972 1995//1944 993//975
f 993//975 1996//1945 959//938
f 1995//1944 1997//1946 1996//1945
f 1998//1947 2023//1948 2000//1949
f 2023//1948 1999//1950 2000//1949
f 1996//1945 1998//1947 959//938
f 959//938 1998//1947 991//1951
f 2000//1949 994//976 991//1951
f 2000//1949 1999//1950 2001//1952
f 1999//1950 2002//1953 2001//1952
f 2002//1953 996//977 2001//1952
f 2003//1954 2004//1955 996//977
f 2001//1952 996//977 995//902
f 2005//1956 998//979 1002//978
f 2006//1957 1980//1930 2005//1956
f 2004//1955 1002//978 997//1958
f 2007//1959 2008//513 524//512
f 1980//1930 2006//1957 2009//1960
f 2006//1957 2010//1961 2007//1959
f 2008//513 2011//1962 526//517
f 2010//1961 2011//1962 2008//513
f 2019//1963 2012//1964 1999//1950
f 2012//1964 2013//1965 2002//1953
f 2013//1965 2012//1964 530//518
f 530//518 526//517 2011//1962
f 530//518 2011//1962 2013//1965
f 2013//1965 2003//1954 2002//1953
f 2015//1966 2016//1967 2017//1968
f 2020//1969 2021//1970 2022//1971
f 2018//1972 2020//1969 2022//1971
f 2022//1971 2021//1970 2024//1973
f 1476//1446 2025//1941 1461//1939
f 2952//1974 2017//1968 2027//1975
f 2027//1975 2017//1968 2016//1967
f 505//1976 2031//1977 2032//1978
f 2028//1979 2070//1980 2030//1981
f 2029//1982 2032//1978 2009//1960
f 2009//1960 1981//1932 1980//1930
f 2035//1983 1984//1933 1983//1984
f 1984//1933 2035//1983 1970//1921
f 1974//1985 1970//1921 2035//1983
f 1968//1920 2039//1986 1973//1924
f 1972//1925 2040//1987 1968//1920
f 2038//1988 2039//1986 2043//1989
f 2039//1986 2040//1987 2043//1989
f 2036//1990 2041//1991 2034//1992
f 2036//1990 2040//1987 2041//1991
f 2040//1987 1972//1925 2041//1991
f 1415//1382 2037//1926 2038//1988
f 2042//1993 2038//1988 2694//1994
f 2036//1990 2044//1995 2045//1996
f 2035//1983 2046//1997 2034//1992
f 2047//1998 2704//1999 2034//1992
f 2047//1998 2050//2000 2048//2001
f 2046//1997 2030//1981 2049//2002
f 2049//2002 2050//2000 2046//1997
f 2048//2001 2050//2000 2051//2003
f 492//480 2054//483 495//485
f 492//480 2059//2004 2054//483
f 2054//483 2055//2005 494//484
f 2028//1979 505//1976 507//499
f 500//492 2057//2006 498//491
f 498//491 2060//2007 2052//489
f 2089//2008 2063//2009 516//502
f 2063//2009 2057//2006 516//502
f 2053//2010 2052//489 2058//2011
f 2055//2005 2071//2012 2070//1980
f 2054//483 2059//2004 2055//2005
f 2059//2004 2069//2013 2071//2012
f 2060//2007 2058//2011 2052//489
f 2057//2006 2061//2014 2060//2007
f 2062//2015 2063//2009 2056//2016
f 2061//2014 2064//2017 2060//2007
f 2053//2010 2058//2011 2068//2018
f 2066//2019 2061//2014 2067//2020
f 2061//2014 2062//2015 2067//2020
f 2066//2019 2067//2020 2080//2021
f 2065//2022 2068//2018 2058//2011
f 2074//2023 2068//2018 2065//2022
f 2071//2012 2069//2013 2072//2024
f 2070//1980 2071//2012 2072//2024
f 2080//2021 2075//2025 2066//2019
f 2075//2025 2065//2022 2064//2017
f 2073//2026 2079//2027 2074//2023
f 2074//2023 2072//2024 2069//2013
f 2077//2028 2085//2029 2078//2030
f 2708//2031 2079//2027 2078//2030
f 2080//2021 2084//2032 2077//2028
f 2067//2020 2056//2016 2081//2033
f 2081//2033 2082//2034 2083//2035
f 2077//2028 2084//2032 2085//2029
f 2056//2016 2087//2036 2086//2037
f 2089//2008 2090//2038 2087//2036
f 2090//2038 2091//2039 2087//2036
f 2092//2040 2093//2041 2091//2039
f 2087//2036 2091//2039 2088//2042
f 2091//2039 2095//2043 2088//2042
f 2088//2042 2095//2043 2094//2044
f 2082//2034 2097//2045 2083//2035
f 2081//2033 2056//2016 2086//2037
f 2082//2034 2086//2037 2094//2044
f 2082//2034 2094//2044 2098//2046
f 2142//2047 2094//2044 2095//2043
f 2101//2048 2072//2024 2076//2049
f 1920//1885 2092//2040 1929//1886
f 2092//2040 2102//2050 1929//1886
f 516//502 2103//2051 2089//2008
f 2103//2051 560//547 2104//2052
f 2102//2050 2103//2051 1931//1888
f 539//524 2024//1973 2105//2053
f 539//524 2022//1971 2024//1973
f 540//532 2105//2053 2106//2054
f 546//533 2109//2055 2107//2056
f 2109//2055 2106//2054 2110//2057
f 2109//2055 2110//2057 2108//2058
f 557//543 2111//2059 559//546
f 557//543 556//542 2111//2059
f 556//542 2113//2060 1946//1901
f 1950//1906 1949//1904 1948//1902
f 1948//1902 1946//1901 2113//2060
f 2941//2061 2115//2062 2114//2063
f 2941//2061 2169//2064 2115//2062
f 2117//2065 1950//1906 2113//2060
f 2114//2063 2117//2065 2112//2066
f 1918//1875 2118//2067 1919//1876
f 2118//2067 2125//2068 1919//1876
f 2124//2069 2120//2070 2119//1874
f 2120//2070 1915//2071 1907//1864
f 2121//2072 2123//2073 1909//1869
f 2123//2073 2118//2067 1918//1875
f 1909//1869 2123//2073 1918//1875
f 2124//2069 2119//1874 2125//2068
f 2126//2074 2127//2075 2122//2076
f 2134//2077 2125//2068 2126//2074
f 2125//2068 2118//2067 2126//2074
f 2120//2070 2124//2069 2129//2078
f 1922//2079 1915//2071 2131//2080
f 2131//2080 2128//2081 2132//2082
f 2093//2041 2130//2083 2095//2043
f 2130//2083 2132//2082 2095//2043
f 2132//2082 2128//2081 2133//2084
f 2125//2068 2135//2085 2124//2069
f 2134//2077 2136//2086 2135//2085
f 2136//2086 2138//2087 2137//2088
f 2126//2074 2122//2076 2138//2087
f 2133//2084 2140//2089 2141//2090
f 2140//2089 2135//2085 2139//2091
f 2141//2090 2142//2047 2133//2084
f 2133//2084 2096//2092 2132//2082
f 2136//2086 2143//2093 2139//2091
f 2143//2093 2150//2094 2141//2090
f 2139//2091 2143//2093 2141//2090
f 2137//2088 2143//2093 2136//2086
f 2144//2095 2149//2096 2143//2093
f 2137//2088 2145//2097 2147//2098
f 2145//2097 2138//2087 2122//2076
f 2145//2097 2146//2099 2147//2098
f 2146//2099 2715//2100 2147//2098
f 2150//2094 2143//2093 2149//2096
f 2099//2101 2150//2094 2148//2102
f 2142//2047 2141//2090 2150//2094
f 2151//1884 2152//2103 2167//2104
f 2152//2103 2151//1884 1926//1880
f 1925//1882 2153//2105 2154//2106
f 2121//2072 2154//2106 2127//2075
f 2127//2075 2154//2106 2122//2076
f 2158//2107 2159//2108 2156//2109
f 2157//2110 2160//2111 2161//2112
f 2160//2111 2718//2113 2146//2099
f 2122//2076 2158//2107 2161//2112
f 2167//2104 2163//2114 2164//2115
f 2162//2116 2754//2117 2164//2115
f 2754//2117 2156//2109 2159//2108
f 2165//2118 2164//2115 2754//2117
f 2122//2076 2154//2106 2158//2107
f 2153//2105 2167//2104 2165//2118
f 1954//1910 2169//2064 2170//2119
f 1953//1909 2116//1908 2169//2064
f 2748//2120 2174//2121 2175//2122
f 2174//2121 2152//2103 2175//2122
f 2748//2120 2175//2122 2173//2123
f 2173//2123 1962//1916 1960//1915
f 2180//2124 2181//2125 2179//2126
f 2181//2125 2199//2127 2192//2128
f 2199//2127 2177//2129 2176//2130
f 2200//2131 2187//2132 2184//2133
f 2187//2132 2197//2134 2185//2135
f 2189//2136 2202//2137 2190//2138
f 2176//2130 2202//2137 2189//2136
f 2176//2130 2203//2139 2202//2137
f 2258//2140 2194//2141 2280//2142
f 2257//2143 2185//2135 2195//2144
f 2185//2135 2197//2134 2195//2144
f 2177//2129 2198//2145 2178//2146
f 2199//2127 2198//2145 2177//2129
f 2183//2147 2265//2148 2181//2125
f 2265//2148 2264//2149 2199//2127
f 2199//2127 2264//2149 2198//2145
f 2183//2147 2188//2150 2201//2151
f 2187//2132 2251//2152 2201//2151
f 2203//2139 2204//2153 2202//2137
f 2203//2139 2178//2146 2206//2154
f 2203//2139 2206//2154 2204//2153
f 2206//2154 2205//2155 2204//2153
f 2206//2154 2178//2146 2198//2145
f 2208//2156 2206//2154 2198//2145
f 2190//2138 2202//2137 2209//2157
f 2209//2157 2207//2158 2210//2159
f 2211//2160 2212//2161 2205//2155
f 2211//2160 2205//2155 2223//2162
f 2212//2161 2204//2153 2205//2155
f 2205//2155 2213//2163 2214//2164
f 2210//2159 2217//2165 2301//2166
f 2210//2159 2212//2161 2217//2165
f 2217//2165 2211//2160 2215//2167
f 2213//2163 2219//2168 2218//2169
f 2213//2163 2208//2156 2219//2168
f 2214//2164 2224//2170 2223//2162
f 2223//2162 2222//2171 2221//2172
f 2225//2173 2224//2170 2226//2174
f 2226//2174 2227//2175 2228//2176
f 2218//2169 2227//2175 2214//2164
f 2228//2176 2227//2175 3238//2177
f 2216//2178 2231//2179 2229//2180
f 2231//2179 2230//2181 2229//2180
f 2211//2160 2221//2172 2231//2179
f 2221//2172 2230//2181 2231//2179
f 2221//2172 2220//2182 2230//2181
f 2234//2183 2236//2184 2233//2185
f 2238//2186 2235//2187 2234//2183
f 2242//2188 2244//2189 2236//2184
f 2237//2190 2239//2191 2240//2192
f 2267//2193 2266//2194 2243//2195
f 2243//2195 2266//2194 2250//2196
f 2241//2197 2243//2195 2245//2198
f 2254//2199 2247//2200 2248//2201
f 2236//2184 2248//2201 2247//2200
f 2252//2202 2259//2203 2248//2201
f 2239//2191 2253//2204 2240//2192
f 2239//2191 2233//2185 2253//2204
f 2233//2185 2247//2200 2253//2204
f 2247//2200 2254//2199 2253//2204
f 2254//2199 2255//2205 2256//2206
f 2184//2133 2257//2143 2186//2207
f 2194//2141 2258//2140 2257//2143
f 2279//2208 2260//2209 2258//2140
f 2261//2210 2255//2205 2260//2209
f 2260//2209 2246//2211 2258//2140
f 2186//2207 2259//2203 2200//2131
f 2259//2203 2252//2202 2251//2152
f 2251//2152 2252//2202 2263//2212
f 2183//2147 2201//2151 2262//2213
f 2262//2213 2201//2151 2263//2212
f 2263//2212 2201//2151 2251//2152
f 3239//2214 2265//2148 2267//2193
f 2219//2168 2264//2149 3239//2214
f 2252//2202 2266//2194 2263//2212
f 2266//2194 2262//2213 2263//2212
f 2280//2142 2194//2141 2268//2215
f 2196//2216 2197//2134 2269//2217
f 2269//2217 2270//2218 2271//2219
f 2192//2128 2191//2220 2273//2221
f 2189//2136 2190//2138 2306//2222
f 2189//2136 2306//2222 2191//2220
f 2193//2223 2273//2221 2272//2224
f 2274//2225 2275//2226 2284//2227
f 2274//2225 2278//2228 2275//2226
f 2277//2229 2285//2230 2278//2228
f 2276//2231 2261//2210 2279//2208
f 2280//2142 2337//2232 2279//2208
f 2337//2232 2276//2231 2279//2208
f 2281//2233 2282//2234 2276//2231
f 2282//2234 2283//2235 2275//2226
f 2286//2236 2288//2237 2285//2230
f 2286//2236 2287//2238 2288//2237
f 2287//2238 2289//2239 2288//2237
f 2288//2237 2253//2204 2256//2206
f 2289//2239 2237//2190 2240//2192
f 2290//2240 2292//2241 2237//2190
f 2361//2242 2292//2241 2290//2240
f 2291//2243 2293//2244 2229//2180
f 2293//2244 2216//2178 2229//2180
f 2292//2241 2230//2181 2232//2245
f 2294//2246 2296//2247 2216//2178
f 2296//2247 2215//2167 2216//2178
f 2209//2157 2210//2159 2299//2248
f 2299//2248 2210//2159 2301//2166
f 2301//2166 2296//2247 2300//2249
f 2300//2249 2295//2250 2388//2251
f 2313//2252 2305//2253 2303//2254
f 2305//2253 2190//2138 2209//2157
f 2303//2254 2209//2157 2299//2248
f 2302//2255 2299//2248 2298//2256
f 2319//2257 2191//2220 2306//2222
f 2308//2258 2272//2224 2273//2221
f 2319//2257 2308//2258 2191//2220
f 2309//2259 2310//2260 2196//2216
f 2310//2260 2311//2261 2268//2215
f 2269//2217 2309//2259 2196//2216
f 2271//2219 2309//2259 2269//2217
f 2272//2224 2317//2262 2271//2219
f 2315//2263 2306//2222 2316//2264
f 2307//2265 2318//2266 2317//2262
f 2317//2262 2318//2266 2322//2267
f 2319//2257 2320//2268 2318//2266
f 2318//2266 2321//2269 2322//2267
f 2322//2267 2321//2269 2357//2270
f 2448//2271 2324//2272 2323//2273
f 2324//2272 2327//2274 2323//2273
f 2315//2263 2327//2274 2319//2257
f 2331//2275 2327//2274 2315//2263
f 2328//2276 2329//2277 2478//2278
f 2332//2279 2333//2280 2334//2281
f 2333//2280 2311//2261 2310//2260
f 2333//2280 2310//2260 2335//2282
f 2309//2259 2317//2262 2335//2282
f 2334//2281 2335//2282 2322//2267
f 2339//2283 2352//2284 2337//2232
f 2352//2284 2340//2285 2281//2233
f 2341//2286 2375//2287 2340//2285
f 2342//2288 2343//2289 2346//2290
f 2346//2290 2345//2291 2347//2292
f 2338//2293 2343//2289 2342//2288
f 2333//2280 2344//2294 2343//2289
f 2333//2280 2332//2279 2344//2294
f 2332//2279 2348//2295 2344//2294
f 2342//2288 2339//2283 2338//2293
f 2342//2288 2352//2284 2339//2283
f 2342//2288 2418//2296 2352//2284
f 2418//2296 2483//2297 2352//2284
f 2483//2297 2341//2286 2352//2284
f 2354//2298 2351//2299 2355//2300
f 2350//2301 2348//2295 2356//2302
f 2356//2302 2336//2303 2357//2270
f 2321//2269 2326//2304 2357//2270
f 2357//2270 2326//2304 2358//2305
f 2358//2305 2325//2306 2359//2307
f 2362//2308 2287//2238 2360//2309
f 2286//2236 2277//2229 2363//2310
f 21//14 2361//2242 12//10
f 2277//2229 2364//2311 2363//2310
f 2365//2312 2366//2313 2367//2314
f 2363//2310 2367//2314 13//2315
f 2363//2310 2365//2312 2367//2314
f 2368//2316 2370//2317 2369//2318
f 2370//2317 2373//2319 2369//2318
f 2371//2320 2365//2312 2370//2317
f 2365//2312 2364//2311 2370//2317
f 2370//2317 2364//2311 2372//2321
f 2372//2321 2283//2235 2373//2319
f 2375//2287 2374//2322 2283//2235
f 2374//2322 2373//2319 2283//2235
f 2376//2323 2377//2324 2379//2325
f 2374//2322 2379//2325 2373//2319
f 2379//2325 2368//2316 2369//2318
f 2378//2326 2376//2323 2381//2327
f 2376//2323 2382//2328 2381//2327
f 2382//2328 2353//2329 2489//2330
f 2376//2323 2353//2329 2382//2328
f 2293//2244 2291//2243 2384//2331
f 2384//2331 2385//2332 20//16
f 2294//2246 2293//2244 2387//2333
f 2384//2331 20//16 2387//2333
f 2387//2333 20//16 19//2334
f 2387//2333 2389//2335 2386//2336
f 19//2334 18//2337 2389//2335
f 2386//2336 2388//2251 2295//2250
f 2304//2338 2297//2339 2393//2340
f 2394//2341 2390//2342 2391//2343
f 2392//2344 2391//2343 2530//2345
f 2400//2346 2396//2347 2395//2348
f 2400//2346 2312//2349 2304//2338
f 2312//2349 2302//2255 2304//2338
f 2396//2347 2304//2338 2393//2340
f 2398//2350 2392//2344 2397//2351
f 2400//2346 2395//2348 2540//2352
f 2542//2353 2329//2277 2400//2346
f 2395//2348 2539//2354 2399//2355
f 2402//2356 2404//2357 2405//2358
f 2406//2359 2351//2299 2407//2360
f 2407//2360 2351//2299 2354//2298
f 2401//2361 2405//2358 2411//2362
f 2411//2362 2407//2360 2359//2307
f 2408//2363 2359//2307 2325//2306
f 2409//2364 2413//2365 2410//2366
f 2422//2367 2401//2361 2410//2366
f 2406//2359 2347//2292 2351//2299
f 2404//2357 2414//2368 2406//2359
f 2415//2369 2414//2368 2404//2357
f 2346//2290 2347//2292 2414//2368
f 2414//2368 2417//2370 2346//2290
f 2420//2371 2427//2372 2419//2373
f 2402//2356 2422//2367 2420//2371
f 2422//2367 2428//2374 2427//2372
f 2422//2367 2423//2375 2428//2374
f 2484//2376 2416//2377 2433//2378
f 2433//2378 2416//2377 2421//2379
f 2419//2373 2415//2369 2420//2371
f 2421//2379 2416//2377 2415//2369
f 2420//2371 2415//2369 2403//2380
f 2412//2381 2424//2382 2413//2365
f 2413//2365 2424//2382 2423//2375
f 2425//2383 2427//2372 2428//2374
f 2425//2383 2426//2384 2427//2372
f 2426//2384 2419//2373 2427//2372
f 2423//2375 2430//2385 2441//2386
f 2432//2387 2435//2388 2431//2389
f 2431//2389 2434//2390 2433//2378
f 2419//2373 2426//2384 2421//2379
f 2426//2384 2439//2391 2432//2387
f 2462//2392 29//27 2434//2390
f 2437//2393 2435//2388 2439//2391
f 2439//2391 2426//2384 2425//2383
f 2430//2385 2440//2394 2441//2386
f 2440//2394 2444//2395 2441//2386
f 2443//2396 2455//2397 2444//2395
f 2444//2395 2454//2398 2445//2399
f 2438//2400 2425//2383 2429//2401
f 2448//2271 2449//2402 2447//2403
f 2409//2364 2408//2363 2448//2271
f 2450//2404 2446//2405 2479//2406
f 2452//2407 2412//2381 2446//2405
f 2451//2408 2453//2409 2452//2407
f 2454//2398 2436//2410 2437//2393
f 2455//2397 2456//2411 2454//2398
f 2454//2398 2456//2411 2436//2410
f 2442//2412 2457//2413 2443//2396
f 2458//2414 2568//2415 2459//2416
f 2565//2417 2461//2418 2456//2411
f 30//28 2462//2392 2463//2419
f 2435//2388 2436//2410 2464//2420
f 2464//2420 2436//2410 2456//2411
f 2466//2421 2465//2422 2471//2423
f 2467//2424 2453//2409 2468//2425
f 2467//2424 2468//2425 2475//2426
f 2473//2427 2477//2428 2466//2421
f 2470//2429 2473//2427 2466//2421
f 2458//2414 2467//2424 2473//2427
f 2477//2428 2475//2426 2474//2430
f 2477//2428 2473//2427 2475//2426
f 2450//2404 2475//2426 2468//2425
f 2450//2404 2468//2425 2451//2408
f 2451//2408 2468//2425 2453//2409
f 2476//2431 2478//2278 2329//2277
f 2480//2432 2474//2430 2479//2406
f 2449//2402 2480//2432 2479//2406
f 2478//2278 2480//2432 2330//2433
f 27//24 2482//2434 26//21
f 2481//2435 2482//2434 27//24
f 28//26 2433//2378 29//27
f 2491//2436 2482//2434 2481//2435
f 2483//2297 2485//2437 2482//2434
f 2485//2437 2484//2376 2433//2378
f 2418//2296 2485//2437 2483//2297
f 2484//2376 2485//2437 2418//2296
f 2353//2329 2486//2438 2489//2330
f 2489//2330 2486//2438 2491//2436
f 2489//2330 2491//2436 2488//2439
f 2487//2440 2488//2439 2492//2441
f 2481//2435 2495//2442 2493//2443
f 2492//2441 2493//2443 2506//2444
f 2494//25 2481//2435 27//24
f 2498//2445 2506//2444 2497//2446
f 2500//2447 2501//2448 2499//2449
f 2503//2450 2500//2447 2502//2451
f 2500//2447 2499//2449 2502//2451
f 2667//2452 2497//2446 2496//2453
f 2504//2454 2498//2445 2507//2455
f 2507//2455 2505//2456 2554//2457
f 2490//2458 2506//2444 2504//2454
f 2498//2445 2501//2448 2507//2455
f 2515//2459 2507//2455 2513//2460
f 2380//2461 2487//2440 2490//2458
f 2509//2462 2512//2463 2510//2464
f 2514//2465 2381//2327 2516//2466
f 2516//2466 2381//2327 2511//2467
f 2511//2467 2380//2461 2515//2459
f 2378//2326 2518//2468 2377//2324
f 2514//2465 2517//2469 2518//2468
f 2508//2470 2517//2469 2516//2466
f 2517//2469 2520//2471 2522//2472
f 2519//2473 2521//2474 2520//2471
f 2520//2471 2526//2475 2522//2472
f 2377//2324 2522//2472 2368//2316
f 2524//2476 2525//2477 2528//2478
f 2371//2320 2526//2475 2524//2476
f 2368//2316 2526//2475 2371//2320
f 2368//2316 2522//2472 2526//2475
f 2525//2477 2521//2474 2523//2479
f 2367//2314 14//11 13//2315
f 2366//2313 14//11 2367//2314
f 2371//2320 2524//2476 2366//2313
f 2524//2476 2527//2480 14//11
f 2528//2478 2529//2481 2527//2480
f 2527//2480 16//13 14//11
f 2523//2479 2530//2345 2529//2481
f 2530//2345 2391//2343 2389//2335
f 2531//2482 2523//2479 2521//2474
f 2392//2344 2532//2483 2533//2484
f 2533//2484 2532//2483 2531//2482
f 2532//2483 2392//2344 2530//2345
f 2533//2484 2397//2351 2392//2344
f 2521//2474 2519//2473 2531//2482
f 2519//2473 2535//2485 2533//2484
f 2534//2486 2539//2354 2397//2351
f 2539//2354 2536//2487 2538//2488
f 2399//2355 2539//2354 2537//2489
f 2538//2488 2510//2464 2512//2463
f 2538//2488 2536//2487 2510//2464
f 2546//2490 2329//2277 2542//2353
f 2541//2491 2546//2490 2542//2353
f 2547//2492 2399//2355 2553//2493
f 2540//2352 2399//2355 2547//2492
f 2546//2490 2541//2491 2545//2494
f 2544//2495 2547//2492 2543//2496
f 2545//2494 2540//2352 2544//2495
f 2545//2494 2549//2497 2546//2490
f 2544//2495 2548//2498 2545//2494
f 2561//2499 2559//2500 2550//2501
f 2643//2502 2549//2497 2548//2498
f 2552//2503 2471//2423 2549//2497
f 2537//2489 2553//2493 2399//2355
f 2554//2457 2553//2493 2537//2489
f 2554//2457 2555//2504 2553//2493
f 2555//2504 2556//2505 2553//2493
f 2543//2496 2556//2505 2561//2499
f 2557//2506 2555//2504 2505//2456
f 2558//2507 2505//2456 2500//2447
f 2561//2499 2505//2456 2558//2507
f 2562//2508 2503//2450 2653//2509
f 2560//2510 2562//2508 2653//2509
f 2559//2500 2561//2499 2560//2510
f 2562//2508 2558//2507 2503//2450
f 2561//2499 2558//2507 2562//2508
f 2558//2507 2500//2447 2503//2450
f 2565//2417 2563//2511 2461//2418
f 2459//2416 2567//2512 2564//2513
f 2460//2514 2578//2515 2565//2417
f 2566//2516 2461//2418 2563//2511
f 2472//2517 2569//2518 2571//2519
f 2568//2415 2472//2517 2571//2519
f 2473//2427 2470//2429 2569//2518
f 2470//2429 2570//2520 2639//2521
f 2470//2429 2639//2521 2569//2518
f 2572//2522 2584//2523 2463//2419
f 2573//23 2631//2524 2629//2525
f 2494//25 2573//23 2630//2526
f 2573//23 2574//22 2631//2524
f 2574//22 2632//2527 2631//2524
f 31//30 2575//29 2632//2527
f 2576//2528 2563//2511 2577//2529
f 2577//2529 2565//2417 2578//2515
f 2577//2529 2578//2515 2585//2530
f 2579//2531 2578//2515 2564//2513
f 2590//2532 2585//2530 2578//2515
f 2567//2512 2581//2533 2579//2531
f 2567//2512 2571//2519 2581//2533
f 2571//2519 2580//2534 2581//2533
f 2577//2529 2585//2530 2576//2528
f 2566//2516 2582//2535 2463//2419
f 2583//2536 2589//2537 2572//2522
f 2572//2522 2589//2537 2584//2523
f 2586//2538 2582//2535 2576//2528
f 2586//2538 2576//2528 2585//2530
f 25//20 2588//2539 2587//2540
f 25//20 24//18 2588//2539
f 2588//2539 2589//2537 2583//2536
f 2591//2541 2592//2542 2580//2534
f 2592//2542 2579//2531 2581//2533
f 2593//2543 2578//2515 2579//2531
f 2586//2538 2585//2530 2600//2544
f 2585//2530 2597//2545 2594//2546
f 2593//2543 2596//2547 2590//2532
f 2599//2548 2600//2544 2594//2546
f 2586//2538 2600//2544 2595//2549
f 2593//2543 2598//2550 2596//2547
f 2596//2547 2609//2551 2597//2545
f 2597//2545 2599//2548 2594//2546
f 2591//2541 2601//2552 2592//2542
f 2601//2552 2603//2553 2592//2542
f 2611//2554 2598//2550 2603//2553
f 2607//2555 2606//2556 2605//2557
f 2599//2548 2609//2551 2606//2556
f 2614//2558 2609//2551 2611//2554
f 2612//2559 2615//2560 2616//2561
f 2610//2562 2614//2558 2817//2563
f 2613//2564 2616//2561 2602//2565
f 2616//2561 2615//2560 2611//2554
f 2617//2566 2618//2567 2619//2568
f 2618//2567 2620//2569 2619//2568
f 2619//2568 2627//2570 2621//2571
f 2619//2568 2621//2571 2622//2572
f 2624//2573 2625//2574 2830//2575
f 2624//2573 2830//2575 2832//2576
f 2613//2564 2602//2565 2623//2577
f 2602//2565 2601//2552 2624//2573
f 2601//2552 2620//2569 2624//2573
f 2624//2573 2618//2567 2625//2574
f 2618//2567 2617//2566 2625//2574
f 2617//2566 2626//2578 2625//2574
f 2830//2575 2625//2574 2831//2579
f 2591//2541 2580//2534 2627//2570
f 2631//2524 2632//2527 2637//2580
f 2575//29 2584//2523 2633//2581
f 2589//2537 2633//2581 2584//2523
f 2629//2525 2637//2580 2634//2582
f 2633//2581 2589//2537 24//18
f 2633//2581 24//18 2638//2583
f 2622//2572 2569//2518 2639//2521
f 2621//2571 2571//2519 2569//2518
f 2644//2584 2640//2585 2551//2586
f 2649//2587 2628//2588 2552//2503
f 2628//2588 2570//2520 2469//2589
f 2651//2590 2552//2503 2643//2502
f 2642//2591 2643//2502 2640//2585
f 2647//2592 2640//2585 2644//2584
f 2646//2593 2651//2590 2642//2591
f 2645//2594 2647//2592 2641//2595
f 2648//2596 2622//2572 2628//2588
f 2622//2572 2648//2596 2619//2568
f 2647//2592 2645//2594 2650//2597
f 3265//2598 2651//2590 2646//2593
f 2648//2596 3269//2599 3268//2600
f 2653//2509 2503//2450 2652//2601
f 2657//2602 2654//2603 2655//2604
f 2654//2603 2653//2509 2655//2604
f 2645//2594 2641//2595 2661//2605
f 2641//2595 2657//2602 2659//2606
f 2658//2607 2659//2606 2671//2608
f 2659//2606 2655//2604 2671//2608
f 2657//2602 2655//2604 2659//2606
f 2661//2605 2658//2607 2660//2609
f 2660//2609 2658//2607 2679//2610
f 3267//2611 2661//2605 2662//2612
f 3267//2611 2650//2597 2645//2594
f 2662//2612 2661//2605 2660//2609
f 2661//2605 2659//2606 2658//2607
f 2652//2601 2502//2451 2665//2613
f 2503//2450 2502//2451 2652//2601
f 2666//2614 2496//2453 2664//2615
f 2665//2613 2667//2452 2666//2614
f 2667//2452 2496//2453 2666//2614
f 2668//2616 2693//2617 2680//2618
f 2668//2616 2669//2619 2693//2617
f 2658//2607 2671//2608 2670//2620
f 2671//2608 2672//2621 2673//2622
f 2674//2623 2669//2619 2675//2624
f 2669//2619 2673//2622 2675//2624
f 2675//2624 3245//2625 2676//2626
f 2677//2627 2680//2618 2678//2628
f 2681//2629 2682//2630 2664//2615
f 3247//2631 3227//2632 2682//2630
f 2685//2633 2689//2634 2750//2635
f 2686//2636 2688//2637 2687//2638
f 2685//2633 2687//2638 2689//2634
f 2690//2639 2691//2640 3243//2641
f 2693//2617 2674//2623 2691//2640
f 2691//2640 2684//2642 2692//2643
f 2691//2640 2674//2623 2684//2642
f 2042//1993 1417//1384 2038//1988
f 2696//2644 1392//1358 1414//1364
f 1416//1383 1417//1384 2696//2644
f 2697//2645 1393//2646 1392//1358
f 2725//2647 2700//2648 2698//2649
f 2698//2649 1385//1361 2699//2650
f 2700//2648 1386//1359 1385//1361
f 2701//2651 2702//2652 1386//1359
f 2729//2653 2703//2654 2702//2652
f 2729//2653 1404//2655 2703//2654
f 2702//2652 1387//1360 1386//1359
f 2702//2652 1397//2656 1387//1360
f 2704//1999 2045//1996 2044//1995
f 2051//2003 2100//2657 2732//2658
f 2734//2659 2732//2658 2100//2657
f 2707//2660 2708//2031 2078//2030
f 2708//2031 2734//2659 2076//2049
f 2711//2661 2736//2662 2085//2029
f 2085//2029 2736//2662 2078//2030
f 2709//2663 2711//2661 2710//2664
f 2711//2661 2097//2045 2099//2101
f 2097//2045 2711//2661 2083//2035
f 2712//2665 2710//2664 2099//2101
f 2712//2665 2099//2101 2148//2102
f 2713//2666 2712//2665 2149//2096
f 2149//2096 2712//2665 2148//2102
f 2714//2667 2713//2666 2715//2100
f 2716//2668 2160//2111 2759//2669
f 2717//2670 2160//2111 2716//2668
f 2718//2113 2714//2667 2715//2100
f 2706//2671 2733//2672 2045//1996
f 2733//2672 2720//2673 2045//1996
f 2720//2673 2694//1994 2045//1996
f 2722//2674 2723//2675 2721//2676
f 2723//2675 2722//2674 2773//2677
f 2725//2647 2775//2678 2724//2679
f 2698//2649 2697//2645 2723//2675
f 2723//2675 2725//2647 2698//2649
f 2726//2680 2725//2647 2724//2679
f 2726//2680 2701//2651 2700//2648
f 2726//2680 2727//2681 2701//2651
f 2727//2681 2726//2680 2724//2679
f 2727//2681 2724//2679 2728//2682
f 1404//2655 2729//2653 2730//2683
f 2732//2658 2731//2684 2706//2671
f 2705//2685 2732//2658 2706//2671
f 2735//2686 2732//2658 2734//2659
f 2789//2687 2736//2662 2709//2663
f 2790//2688 2736//2662 2789//2687
f 2711//2661 2709//2663 2736//2662
f 2709//2663 2737//2689 2789//2687
f 2737//2689 2739//2690 2799//2691
f 2737//2689 2709//2663 2712//2665
f 2738//2692 2712//2665 2713//2666
f 2742//2693 2741//2694 2796//2695
f 2742//2693 2717//2670 2741//2694
f 2739//2690 2738//2692 2742//2693
f 2746//2696 2166//2697 2747//2698
f 2166//2697 2152//2103 2174//2121
f 2747//2698 2174//2121 2748//2120
f 2744//2699 2171//2700 2172//2701
f 2683//2702 2753//2703 2749//2704
f 2689//2634 2751//2705 2752//2706
f 2750//2635 2752//2706 2753//2703
f 2752//2706 2754//2117 2753//2703
f 2752//2706 2765//2707 2754//2117
f 2756//2708 2757//2709 2759//2669
f 2716//2668 2759//2669 2757//2709
f 2761//2710 2763//2711 2741//2694
f 2757//2709 2761//2710 2740//2712
f 2757//2709 2740//2712 2716//2668
f 3292//2713 2762//2714 2764//2715
f 2767//2716 2160//2111 2157//2110
f 2767//2716 2759//2669 2160//2111
f 2765//2707 2157//2110 2156//2109
f 3006//2717 2730//2683 2768//2718
f 2769//2719 2729//2653 2728//2682
f 2771//2720 2768//2718 2785//2721
f 2768//2718 2769//2719 2784//2722
f 3006//2717 2768//2718 2771//2720
f 2772//2723 2771//2720 2770//2724
f 2774//2725 2775//2678 2773//2677
f 2777//2726 2773//2677 2722//2674
f 2778//2727 2774//2725 2773//2677
f 2778//2727 2773//2677 2777//2726
f 3107//2728 2778//2727 2777//2726
f 2780//2729 2776//2730 2775//2678
f 2780//2729 2775//2678 2774//2725
f 2782//2731 2781//2732 2776//2730
f 2783//2733 2770//2724 2771//2720
f 2787//2734 2784//2722 2728//2682
f 2787//2734 2786//2735 2781//2732
f 2790//2688 2789//2687 2791//2736
f 2789//2687 2792//2737 2793//2738
f 2799//2691 2797//2739 3115//2740
f 2799//2691 3115//2740 2792//2737
f 2799//2691 2742//2693 2797//2739
f 2800//2741 2777//2726 2733//2672
f 2795//2742 2731//2684 2794//2743
f 2801//2744 2777//2726 2800//2741
f 2803//2745 1436//1408 2802//2746
f 1437//1409 1436//1408 2803//2745
f 2802//2746 1436//1408 1400//1368
f 3229//2747 2805//2748 2806//2749
f 2807//2750 2808//2751 2805//2748
f 2808//2751 2807//2750 2770//2724
f 2805//2748 2808//2751 2809//2752
f 2805//2748 2809//2752 3065//2753
f 2760//2754 2810//2755 2763//2711
f 2810//2755 2814//2756 2812//2757
f 2613//2564 2815//2758 2816//2759
f 2615//2560 2612//2559 2817//2563
f 2612//2559 2816//2759 2823//2760
f 2820//2761 2819//2762 2821//2763
f 2824//2764 2819//2762 2817//2563
f 2825//2765 2816//2759 2818//2766
f 2826//2767 2823//2760 2816//2759
f 2829//2768 2830//2575 2831//2579
f 2832//2576 2830//2575 2836//2769
f 2832//2576 2818//2766 2815//2758
f 2828//2770 2833//2771 2829//2768
f 2829//2768 2833//2771 2836//2769
f 2833//2771 2834//2772 2835//2773
f 2836//2769 2835//2773 2832//2576
f 2834//2772 2838//2774 2835//2773
f 2839//2775 2837//2776 2895//2777
f 3051//2778 2838//2774 2839//2775
f 2838//2774 3052//2779 2835//2773
f 2841//2780 2842//2781 2848//2782
f 2840//2783 2851//2784 2828//2770
f 2843//2785 2842//2781 2844//2786
f 2845//2787 2842//2781 2843//2785
f 2843//2785 2846//2788 2845//2787
f 2848//2782 2851//2784 2840//2783
f 2838//2774 2834//2772 2837//2776
f 2850//2789 2851//2784 2849//2790
f 2849//2790 2848//2782 2847//2791
f 34//35 36//34 41//2792
f 2854//2793 41//2792 2846//2788
f 2844//2786 2854//2793 2843//2785
f 2856//2794 34//35 2855//2795
f 2855//2795 34//35 2854//2793
f 2879//2796 2897//2797 2859//2798
f 2892//2799 2859//2798 2897//2797
f 2852//2800 2860//2801 2861//2802
f 2850//2789 2862//2803 2895//2777
f 2852//2800 2861//2802 2862//2803
f 2860//2801 2847//2791 2853//2804
f 2864//2805 2868//2806 2898//2807
f 2866//2808 2867//2809 2932//2810
f 2864//2805 2932//2810 2868//2806
f 2871//2811 2872//2812 2880//2813
f 2873//2814 2872//2812 2871//2811
f 2875//2815 2871//2811 2874//2816
f 2876//2817 2873//2814 2871//2811
f 2875//2815 2878//2818 2877//2819
f 2877//2819 2876//2817 2875//2815
f 2881//2820 2879//2796 2858//2821
f 2881//2820 2858//2821 2880//2813
f 2883//2822 2880//2813 2872//2812
f 2883//2822 2872//2812 2870//2823
f 2882//2824 2883//2822 2870//2823
f 2880//2813 2883//2822 2881//2820
f 2883//2822 2885//2825 2886//2826
f 2887//2827 2879//2796 2881//2820
f 2886//2826 2887//2827 2881//2820
f 41//2792 36//34 2863//2828
f 2890//2829 40//2830 2875//2815
f 2875//2815 40//2830 2878//2818
f 3075//2831 2891//2832 2892//2799
f 2891//2832 2896//2833 2892//2799
f 2888//2834 2892//2799 2897//2797
f 3074//2835 2893//2836 2891//2832
f 2891//2832 2861//2802 2896//2833
f 2893//2836 2862//2803 2861//2802
f 2899//2837 2900//2838 2898//2807
f 3252//2839 2900//2838 2903//2840
f 2908//2841 2907//2842 2989//2843
f 2909//2844 2908//2841 2910//2845
f 2908//2841 2989//2843 3017//2846
f 2912//2847 2911//2848 2925//2849
f 2910//2845 2908//2841 2912//2847
f 2924//2850 2904//2851 2913//2852
f 2901//2853 2913//2852 2904//2851
f 2910//2845 2902//2854 2909//2844
f 2914//2855 2915//2856 2869//2857
f 2914//2855 2928//2858 2915//2856
f 2930//2859 2916//2860 2917//2861
f 2928//2858 2917//2861 2918//2862
f 2902//2854 2917//2861 2916//2860
f 2918//2862 2901//2853 2899//2837
f 2915//2856 2899//2837 2898//2807
f 2915//2856 2918//2862 2899//2837
f 2921//2863 2920//2864 2990//2865
f 2909//2844 2990//2865 2907//2842
f 2916//2860 2920//2864 2921//2863
f 2922//2866 38//38 37//37
f 2905//2867 2878//2818 2922//2866
f 2922//2866 2878//2818 39//2868
f 2877//2819 2878//2818 2924//2850
f 2911//2848 3022//2869 2923//2870
f 3016//2871 3022//2869 2911//2848
f 2926//2872 2914//2855 2936//2873
f 2927//2874 2928//2858 2926//2872
f 2976//2875 2930//2859 2929//2876
f 2929//2876 2928//2858 2927//2874
f 2869//2857 2931//2877 2914//2855
f 2932//2810 2931//2877 2868//2806
f 2932//2810 2934//2878 2931//2877
f 2939//2879 2938//2880 2937//2881
f 2939//2879 2927//2874 2938//2880
f 2941//2061 2950//2882 2943//2883
f 2958//2884 2946//2885 2170//2119
f 2108//2058 2947//2886 2950//2882
f 2110//2057 2948//2887 2947//2886
f 3275//2888 2026//2889 1475//1445
f 2952//1974 2951//2890 2953//2891
f 2026//2889 2952//1974 2027//1975
f 2972//2892 2959//2893 2954//2894
f 2959//2893 2745//2895 2954//2894
f 2954//2894 2960//2896 2957//2897
f 2745//2895 2744//2699 2960//2896
f 2956//2898 2957//2897 2945//2899
f 2961//2900 2980//2901 2962//2902
f 2965//2903 2966//2904 2964//2905
f 2963//2906 2964//2905 2919//2907
f 2968//2908 1452//1444 2967//2909
f 1472//1439 1452//1444 2968//2908
f 2982//2910 2970//2911 2995//2912
f 2972//2892 2954//2894 2956//2898
f 2937//2881 2973//2913 2971//2914
f 3012//2915 2974//2916 2973//2913
f 3012//2915 3243//2641 2974//2916
f 3243//2641 3240//2917 2974//2916
f 2973//2913 2974//2916 2972//2892
f 2929//2876 2977//2918 2976//2875
f 2976//2875 2955//2919 2975//2920
f 2977//2918 2955//2919 2976//2875
f 2930//2859 2978//2921 2916//2860
f 2980//2901 2978//2921 2979//2922
f 2979//2922 2975//2920 2980//2901
f 2981//2923 2978//2921 2980//2901
f 2963//2906 2981//2923 2980//2901
f 2919//2907 2978//2921 2981//2923
f 2984//2924 2982//2910 2983//2925
f 2984//2924 3279//2926 2982//2910
f 2985//2927 2983//2925 2986//2928
f 2985//2927 2986//2928 2987//2929
f 2987//2929 2986//2928 2988//2930
f 2989//2843 2983//2925 2985//2927
f 2990//2865 3279//2926 2984//2924
f 3278//2931 3279//2926 2990//2865
f 2991//2932 2988//2930 2986//2928
f 2995//2912 2986//2928 2983//2925
f 2996//2933 2991//2932 2995//2912
f 2995//2912 2983//2925 2982//2910
f 3000//2934 2998//2935 2997//2936
f 3000//2934 3018//2937 2998//2935
f 3002//2938 3005//2939 1449//1421
f 1449//1421 3005//2939 3001//1422
f 3001//1422 2967//2909 1452//1444
f 3001//1422 1450//1420 1449//1421
f 3002//2938 1448//1419 2804//2940
f 3002//2938 3004//2941 3005//2939
f 3007//2942 3006//2717 2771//2720
f 3008//1372 3006//2717 3007//2942
f 3009//2943 3008//1372 3007//2942
f 2772//2723 3010//2944 3009//2943
f 2690//2639 3012//2915 2680//2618
f 3243//2641 3012//2915 2690//2639
f 2987//2929 2988//2930 3013//2945
f 3013//2945 2988//2930 2992//2946
f 3017//2846 2985//2927 3015//2947
f 3015//2947 2987//2929 3013//2945
f 3018//2937 3000//2934 3019//2948
f 3035//2949 3021//2950 3019//2948
f 3020//2951 3018//2937 3021//2950
f 3022//2869 3015//2947 3013//2945
f 3013//2945 2992//2946 3014//2952
f 3023//2953 3014//2952 3024//2954
f 3024//2954 3033//2955 3025//2956
f 3028//2957 3023//2953 3026//2958
f 3043//2959 3029//2960 3229//2747
f 3030//2961 3029//2960 3044//2962
f 3034//2963 3032//2964 3033//2955
f 3021//2950 3035//2949 3030//2961
f 3026//2958 3023//2953 3037//2965
f 3036//2966 3037//2965 3025//2956
f 3039//2967 3038//2968 3036//2966
f 3040//2969 3037//2965 3038//2968
f 2873//2814 3026//2958 3041//2970
f 3041//2970 3037//2965 3040//2969
f 3031//2971 3025//2956 3032//2964
f 3042//2972 3036//2966 3031//2971
f 3043//2959 3044//2962 3029//2960
f 3043//2959 2806//2749 3045//2973
f 3044//2962 3045//2973 3059//2974
f 2894//2975 3047//2976 2895//2777
f 3089//2977 3088//2978 3047//2976
f 3088//2978 3049//2979 3048//2980
f 3048//2980 3050//2981 3052//2779
f 2870//2823 3041//2970 3040//2969
f 2882//2824 3040//2969 3053//2982
f 3055//2983 3053//2982 3054//2984
f 3057//2985 3054//2984 3039//2967
f 3042//2972 3046//2986 3057//2985
f 3045//2973 3058//2987 3060//2988
f 3059//2974 3060//2988 3152//2989
f 3046//2986 3059//2974 3061//2990
f 3063//2991 3064//2992 3065//2753
f 3064//2992 3058//2987 3065//2753
f 3063//2991 2809//2752 3062//2993
f 3063//2991 3065//2753 2809//2752
f 2809//2752 2788//2994 3062//2993
f 3067//2995 3068//2996 3069//2997
f 3068//2996 3070//2998 3069//2997
f 3069//2997 3070//2998 3074//2835
f 3071//2999 3070//2998 3068//2996
f 3073//3000 2894//2975 2893//2836
f 3069//2997 3074//2835 3075//2831
f 3075//2831 3074//2835 2891//2832
f 3076//3001 3077//3002 3078//3003
f 3080//3004 3076//3001 3078//3003
f 3082//3005 3079//3006 3078//3003
f 3066//3007 3082//3005 3185//3008
f 3083//3009 3082//3005 3066//3007
f 3083//3009 3079//3006 3082//3005
f 2888//2834 3079//3006 3083//3009
f 2886//2826 3079//3006 2888//2834
f 2886//2826 2885//2825 3079//3006
f 3085//3010 3086//3011 3084//3012
f 3085//3010 3126//3013 3087//3014
f 3085//3010 3087//3014 3086//3011
f 3086//3011 3087//3014 3088//2978
f 3072//3015 3047//2976 2894//2975
f 3072//3015 3089//2977 3047//2976
f 3090//3016 3091//3017 3092//3018
f 3092//3018 3091//3017 3093//3019
f 3091//3017 3158//3020 3094//3021
f 3172//3022 3094//3021 3158//3020
f 3064//2992 3093//3019 3094//3021
f 3095//3023 3092//3018 3062//2993
f 3097//3024 2781//2732 3099//3025
f 3100//3026 3097//3024 3099//3025
f 3096//3027 2784//2722 3100//3026
f 3062//2993 3096//3027 3100//3026
f 2782//2731 2779//3028 3102//3029
f 2779//3028 2778//2727 3103//3030
f 3102//3029 3103//3030 3104//3031
f 3101//3032 2782//2731 3105//3033
f 3098//3034 3101//3032 3106//3035
f 3114//3036 3108//3037 2795//2742
f 3110//3038 3108//3037 3109//3039
f 3104//3031 3107//2728 3108//3037
f 2793//2738 3111//3040 3113//3041
f 2795//2742 3112//3042 3114//3036
f 3117//3043 2798//3044 3116//3045
f 3130//3046 3123//3047 3125//3048
f 3129//3049 3118//3050 3124//3051
f 3123//3047 2827//3052 3125//3048
f 3124//3051 3118//3050 2822//3053
f 2821//2763 2824//2764 3125//3048
f 3199//3054 3128//3055 3127//3056
f 3127//3056 3128//3055 3122//3057
f 3126//3013 3127//3056 3087//3014
f 3128//3055 3129//3049 3122//3057
f 3127//3056 3122//3057 3130//3046
f 3087//3014 3130//3046 3049//2979
f 3132//3058 3210//3059 3131//3060
f 3132//3058 3133//3061 3210//3059
f 3132//3058 3116//3045 3133//3061
f 3111//3040 2792//2737 3131//3060
f 3135//3062 3131//3060 3210//3059
f 3138//3063 3110//3038 3137//3064
f 3137//3064 3110//3038 3109//3039
f 3137//3064 3109//3039 3139//3065
f 3139//3065 3109//3039 3136//3066
f 3141//3067 3142//3068 3143//3069
f 3218//3070 3144//3071 3145//3072
f 3146//3073 3218//3070 3147//3074
f 3143//3069 3142//3068 3146//3073
f 3142//3068 3218//3070 3146//3073
f 3147//3074 3145//3072 3148//3075
f 3106//3035 3148//3075 3098//3034
f 3105//3033 3146//3073 3106//3035
f 3138//3063 3141//3067 3104//3031
f 3104//3031 3143//3069 3102//3029
f 3110//3038 3138//3063 3104//3031
f 3144//3071 3149//3076 3145//3072
f 3151//3077 3163//3078 3090//3016
f 3151//3077 3090//3016 3095//3023
f 3100//3026 3095//3023 3062//2993
f 3148//3075 3150//3079 3099//3025
f 3152//2989 3153//3080 3156//3081
f 3056//3082 3061//2990 3154//3083
f 3060//2988 3064//2992 3155//3084
f 3060//2988 3155//3084 3152//2989
f 3061//2990 3156//3081 3154//3083
f 3158//3020 3160//3085 3172//3022
f 3161//3086 3163//3078 3314//3087
f 3157//3088 3162//3089 3161//3086
f 3163//3078 3162//3089 3091//3017
f 3314//3087 3163//3078 3164//3090
f 3164//3090 3149//3076 3165//3091
f 3155//3084 3171//3092 3156//3081
f 3168//3093 3167//3094 3159//3095
f 3176//3096 3173//3097 3077//3002
f 3174//3098 3173//3097 3176//3096
f 3179//3099 3174//3098 3180//3100
f 3154//3083 3171//3092 3179//3099
f 3171//3092 3178//3101 3174//3098
f 3173//3097 3186//3102 3077//3002
f 3077//3002 3186//3102 3183//3103
f 3188//3104 3067//2995 3191//3105
f 3187//3106 3191//3105 3190//3107
f 3192//3108 3191//3105 3067//2995
f 3193//3109 3126//3013 3085//3010
f 3085//3010 3084//3012 3196//3110
f 3194//3111 3196//3110 3197//3112
f 3197//3112 3189//3113 3188//3104
f 3199//3054 3193//3109 3325//3114
f 3200//3115 3128//3055 3199//3054
f 3200//3115 3325//3114 3201//3116
f 3203//3117 3202//3118 3201//3116
f 3204//3119 3205//3120 3118//3050
f 3202//3118 3204//3119 3129//3049
f 3207//3121 3209//3122 3121//3123
f 3134//3124 3209//3122 3212//3125
f 3209//3122 3134//3124 3121//3123
f 3202//3118 3203//3117 3206//3126
f 3209//3122 3207//3121 3208//3127
f 3209//3122 3211//3128 3212//3125
f 3166//3129 3218//3070 3217//3130
f 3222//3131 3223//3132 3224//3133
f 3223//3132 3140//3134 3224//3133
f 3220//3135 3221//3136 3222//3131
f 3141//3067 3221//3136 3142//3068
f 3140//3134 3223//3132 3141//3067
f 3139//3065 3225//3137 3137//3064
f 3225//3137 3136//3066 3215//3138
f 3226//3139 2656//3140 2652//2601
f 2665//2613 3226//3139 2652//2601
f 2663//3141 3226//3139 2665//2613
f 2682//2630 3227//2632 2663//3141
f 3227//2632 2673//2622 3226//3139
f 3250//3142 3229//2747 3029//2960
f 3250//3142 3228//3143 3229//2747
f 3230//3144 2807//2750 2805//2748
f 3180//3100 3174//3098 3176//3096
f 3176//3096 3077//3002 3076//3001
f 2884//3145 3231//3146 3081//3147
f 3179//3099 3055//2983 3056//3082
f 3179//3099 3180//3100 3055//2983
f 3180//3100 3231//3146 3055//2983
f 1091//1056 3233//3148 3232//1045
f 3233//3148 1070//1048 3232//1045
f 1089//1062 1091//1056 1090//1063
f 1083//1054 1091//1056 1089//1062
f 1468//1424 1337//1308 1465//1437
f 1337//1308 1335//1307 3234//1435
f 1715//1679 1867//3149 1711//1677
f 1862//1826 3236//3150 1715//1679
f 3235//3151 3237//3152 3236//3150
f 1862//1826 1863//3153 3235//3151
f 1863//3153 1865//3154 3237//3152
f 1863//3153 3237//3152 3235//3151
f 3236//3150 1870//1832 1867//3149
f 3237//3152 1892//1852 3236//3150
f 3239//2214 2267//2193 3238//2177
f 2974//2916 2743//3155 2959//2893
f 3240//2917 3241//3156 2743//3155
f 2691//2640 2692//2643 3242//3157
f 2692//2643 3244//3158 3242//3157
f 2684//2642 2749//2704 2692//2643
f 2692//2643 2749//2704 3244//3158
f 3241//3156 2746//2696 2743//3155
f 3242//3157 3244//3158 3241//3156
f 3244//3158 2755//3159 2746//2696
f 3247//2631 3248//3160 3246//3161
f 3247//2631 2630//2526 3248//3160
f 3248//3160 2688//2637 2686//2636
f 3246//3161 3248//3160 2686//2636
f 2630//2526 2629//2525 2688//2637
f 3000//2934 3004//2941 3019//2948
f 3003//3162 3011//3163 3249//3164
f 3249//3164 3010//2944 3228//3143
f 3010//2944 2772//2723 2770//2724
f 3019//2948 3249//3164 3250//3142
f 3253//3165 2866//2808 2865//3166
f 3251//3167 2866//2808 3253//3165
f 3257//3168 3258//3169 3256//3170
f 3251//3167 3260//3171 2866//2808
f 3262//3172 2842//2781 2841//2780
f 3262//3172 2841//2780 2840//2783
f 2626//2578 2840//2783 2828//2770
f 3266//3173 3263//3174 2844//2786
f 2822//3053 2814//2756 2813//3175
f 2814//2756 3264//3176 2812//2757
f 3118//3050 2814//2756 2822//3053
f 3268//2600 3269//2599 3262//3172
f 3269//2599 3261//3177 3262//3172
f 3262//3172 2626//2578 3268//2600
f 2617//2566 3268//2600 2626//2578
f 3268//2600 2617//2566 2619//2568
f 2651//2590 3265//2598 3266//3173
f 3259//3178 2935//3179 2933//3180
f 3270//3181 2660//2609 3259//3178
f 3267//2611 2662//2612 3270//3181
f 2933//3180 2867//2809 3271//3182
f 2867//2809 2866//2808 3260//3171
f 3270//3181 3259//3178 3257//3168
f 1959//1913 1958//1912 2172//2701
f 1956//3183 3273//3184 3272//3185
f 1469//1440 3274//3186 1471//1438
f 3275//2888 1475//1445 1474//1450
f 3290//3187 2951//2890 2026//2889
f 3290//3187 2026//2889 3275//2888
f 3277//3188 3290//3187 3276//3189
f 3279//2926 3277//3188 3276//3189
f 3276//3189 2970//2911 3279//2926
f 2015//1966 3280//3190 3302//3191
f 2015//1966 2017//1968 3280//3190
f 2953//2891 3281//3192 2952//1974
f 3282//3193 2965//2903 3284//3194
f 3284//3194 2965//2903 2964//2905
f 3284//3194 2964//2905 2949//3195
f 3288//3196 2944//3197 3287//3198
f 3288//3196 3289//3199 2944//3197
f 3289//3199 2958//2884 2944//3197
f 2944//3197 2940//3200 2942//3201
f 3287//3198 2944//3197 2942//3201
f 2942//3201 3285//3202 3286//3203
f 3285//3202 2961//2900 2962//2902
f 3286//3203 2962//2902 3287//3198
f 3288//3196 2962//2902 3289//3199
f 3289//3199 2975//2920 2955//2919
f 3291//3204 3283//3205 2953//2891
f 3278//2931 3291//3204 3290//3187
f 3278//2931 2919//2907 3291//3204
f 3295//3206 2760//2754 3292//2713
f 3292//2713 2764//2715 3293//3207
f 2811//3208 3295//3206 2608//3209
f 2811//3208 2760//2754 3295//3206
f 3294//3210 2604//3211 3293//3207
f 3293//3207 2604//3211 3292//2713
f 3294//3210 22//17 3296//3212
f 22//17 23//19 3296//3212
f 23//19 2604//3211 3296//3212
f 2635//3213 3299//3214 3297//3215
f 3298//3216 2636//3217 22//17
f 2638//2583 24//18 22//17
f 3298//3216 3300//3218 3297//3215
f 3300//3218 2758//3219 2756//2708
f 3300//3218 3293//3207 2764//2715
f 1470//1441 1479//1449 1443//1442
f 3301//3220 1479//1449 1460//1431
f 1467//1436 3301//3220 1459//1430
f 3301//3220 1460//1431 1459//1430
f 3281//3192 3303//3221 3302//3191
f 3302//3191 3304//3222 2015//1966
f 3303//3221 3281//3192 3306//3223
f 3281//3192 2953//2891 3283//3205
f 3306//3223 3283//3205 3282//3193
f 3314//3087 3164//3090 3165//3091
f 3159//3095 3312//3224 3168//3093
f 3186//3102 3173//3097 3175//3225
f 3177//3226 3316//3227 3317//3228
f 3322//3229 3187//3106 3321//3230
f 3321//3230 3190//3107 3320//3231
f 3323//3232 3195//3233 3324//3234
f 3324//3234 3198//3235 3322//3229
f 3325//3114 3323//3232 3326//3236
f 3201//3116 3326//3236 3327//3237
f 3211//3128 3209//3122 3208//3127
f 3216//3238 3133//3061 3211//3128
f 3166//3129 3217//3130 3220//3135
f 3220//3135 3222//3131 3332//3239
f 3332//3239 3224//3133 3333//3240
f 3215//3138 3330//3241 3333//3240
f 3308//3242 3335//3243 3334//3244
f 3308//3242 3336//3245 3335//3243
f 3313//3246 3308//3242 3311//3247
f 3308//3242 3312//3224 3311//3247
f 3338//3248 3315//3249 3166//3129
f 3338//3248 3308//3242 3337//3250
f 3315//3249 3337//3250 3313//3246
f 3308//3242 3168//3093 3312//3224
f 3339//3251 3317//3228 3316//3227
f 3308//3242 3307//3252 3339//3251
f 3318//3253 3307//3252 3319//3254
f 3319//3254 3307//3252 3320//3231
f 3307//3252 3308//3242 3340//3255
f 3320//3231 3340//3255 3321//3230
f 3321//3230 3341//3256 3322//3229
f 3340//3255 3308//3242 3341//3256
f 3322//3229 3341//3256 3324//3234
f 3308//3242 3334//3244 3341//3256
f 3335//3243 3327//3237 3326//3236
f 3336//3245 3329//3257 3328//3258
f 3336//3245 3331//3259 3329//3257
f 3309//3260 3342//3261 3310//3262
f 3343//3263 3308//3242 3338//3248
f 3338//3248 3166//3129 3220//3135
f 3330//3241 3344//3264 3333//3240
f 3309//3260 3310//3262 3344//3264
f 3344//3264 3308//3242 3343//3263
f 1134//1108 3//1 1//3
f 1//3 4//2 5//5
f 1//3 5//5 2//4
f 6//7 4//2 1169//1142
f 7//9 8//1144 9//8
f 9//8 8//1144 10//1143
f 5//5 9//8 11//6
f 11//6 9//8 10//1143
f 12//10 13//2315 14//11
f 21//14 15//12 17//15
f 16//13 19//2334 17//15
f 16//13 18//2337 19//2334
f 17//15 19//2334 20//16
f 25//20 2587//2540 2595//2549
f 2587//2540 2586//2538 2595//2549
f 25//20 2595//2549 23//19
f 23//19 2595//2549 2604//3211
f 39//2868 40//2830 35//36 38//38
f 32//31 34//35 33//32
f 35//36 32//31 3254//33
f 35//36 40//2830 32//31
f 68//66 62//60 46//43 47//48
f 40//2830 36//34 32//31
f 50//51 43//40 42//39
f 45//42 52//49 46//43
f 43//40 45//42 61//44
f 44//41 43//40 63//45
f 52//49 51//46 47//48
f 66//57 58//55 48//54
f 48//54 49//64 66//57
f 45//42 97//50 52//49
f 51//46 52//49 53//103
f 55//47 53//103 54//52
f 55//47 51//46 53//103
f 58//55 55//47 56//53
f 171//59 60//61 61//44
f 63//45 64//62 44//41
f 68//66 47//48 55//47 65//63
f 69//78 42//39 44//41 70//3265
f 66//57 182//65 65//63
f 65//63 67//187 68//66
f 71//67 74//69 69//78
f 76//73 75//71 71//67 70//3265
f 69//78 70//3265 71//67
f 72//68 71//67 75//71
f 64//62 76//73 70//3265 44//41
f 75//71 76//73 180//75
f 136//122 143//155 142//142 137//141
f 84//76 77//77 74//69
f 69//78 77//77 42//39
f 73//70 72//68 79//79
f 79//79 81//82 80//81
f 80//81 81//82 82//84
f 84//76 83//85 85//86
f 129//89 86//87 89//88
f 86//87 83//85 80//81
f 89//88 80//81 82//84
f 89//88 82//84 88//91
f 81//82 79//79 187//93
f 79//79 72//68 93//72
f 109//97 94//96 77//77
f 94//96 95//98 50//51
f 97//50 95//98 96//104
f 97//50 96//104 106//99
f 52//49 97//50 98//100
f 98//100 106//99 99//101
f 53//103 98//100 100//102
f 111//95 104//109 94//96
f 104//109 102//107 94//96
f 106//99 101//105 107//118
f 106//99 107//118 99//101
f 77//77 85//86 109//97
f 85//86 122//111 108//110
f 111//95 108//110 110//114
f 110//114 120//120 105//108
f 112//116 117//117 101//105
f 114//115 102//107 116//119
f 113//121 112//116 114//115
f 107//118 118//124 141//131
f 110//114 119//113 120//120
f 119//113 115//123 120//120
f 85//86 121//126 122//111
f 123//129 124//125 121//126
f 123//129 125//127 124//125
f 123//129 121//126 129//89
f 121//126 85//86 83//85
f 121//126 83//85 86//87
f 107//118 141//131 99//101
f 100//102 131//132 132//134
f 133//152 134//136 135//137
f 54//52 53//103 130//135
f 53//103 100//102 130//135
f 135//137 132//134 138//133
f 127//128 115//123 119//113
f 136//122 114//115 116//119
f 118//124 113//121 137//141
f 137//141 113//121 136//122
f 141//131 137//141 139//138
f 155//153 154//162 148//148 146//146
f 151//140 140//139 144//144
f 139//138 142//142 140//139
f 144//144 145//143 146//146
f 149//150 151//140 147//147
f 147//147 144//144 148//148
f 155//153 153//145 125//127
f 153//145 142//142 152//154
f 152//154 143//155 127//128
f 143//155 136//122 127//128
f 148//148 154//162 159//159
f 128//130 154//162 155//153 123//129
f 155//153 125//127 123//129
f 169//172 168//74 64//62 60//61
f 90//92 156//156 87//90
f 156//156 157//158 161//157
f 87//90 156//156 129//89
f 157//158 158//160 159//159
f 159//159 160//149 148//148
f 232//165 163//164 162//166
f 164//163 165//169 163//164
f 165//169 150//151 163//164
f 163//164 149//150 147//147
f 162//166 147//147 160//149
f 59//58 56//53 167//167
f 56//53 54//52 167//167
f 167//167 54//52 134//136
f 167//167 134//136 133//152
f 165//169 133//152 150//151
f 166//168 167//167 165//169
f 176//181 177//184 178//185 179//182
f 168//74 169//172 170//170
f 60//61 171//59 169//172
f 169//172 171//59 172//173
f 181//171 170//170 173//174
f 175//178 173//174 203//179
f 180//75 177//184 93//72 75//71
f 92//94 187//93 188//189 91//3266
f 180//75 168//74 181//171
f 179//182 175//178 195//186
f 178//185 181//171 179//182
f 65//63 182//65 67//187
f 49//64 183//248 182//65
f 182//65 184//200 185//188
f 183//248 184//200 182//65
f 183//248 186//202 184//200
f 67//187 185//188 174//176
f 177//184 187//93 93//72
f 177//184 188//189 187//93
f 189//195 190//204 91//3266
f 199//193 188//189 176//181 197//192
f 188//189 189//195 91//3266
f 191//199 193//190 192//180
f 193//190 194//191 195//186
f 196//183 197//192 176//181
f 195//186 196//183 179//182
f 198//194 199//193 200//196
f 198//194 200//196 401//396
f 190//204 189//195 198//194
f 188//189 199//193 189//195
f 190//204 210//206 208//208 91//3266
f 172//173 202//177 201//175
f 174//176 206//197 202//177
f 201//175 300//198 191//199
f 201//175 191//199 203//179
f 185//188 204//201 206//197
f 184//200 205//203 204//201
f 210//206 209//273 207//211 208//208
f 218//83 81//82 92//94 215//210
f 210//206 190//204 211//205
f 212//276 210//206 425//207
f 91//3266 208//208 215//210
f 92//94 91//3266 215//210
f 208//208 207//211 213//209
f 213//209 214//212 216//214
f 263//261 264//3267 259//257 262//259
f 218//83 215//210 220//215
f 217//213 216//214 219//216
f 220//215 217//213 221//217
f 90//92 88//91 221//217
f 218//83 88//91 82//84
f 221//217 219//216 223//219
f 222//221 90//92 224//220
f 90//92 221//217 223//219
f 157//158 156//156 226//222
f 156//156 90//92 222//221
f 225//224 222//221 224//220
f 226//222 222//221 225//224
f 227//223 228//227 158//160
f 227//223 258//228 228//227
f 158//160 228//227 229//161
f 230//225 164//163 232//165
f 228//227 162//166 229//161
f 231//226 228//227 260//229
f 231//226 232//165 228//227
f 235//230 234//233 230//225
f 234//233 166//168 236//234
f 230//225 236//234 164//163
f 236//234 165//169 164//163
f 242//240 238//232 241//238
f 241//238 238//232 239//235
f 241//238 239//235 237//236
f 48//54 57//56 242//240
f 242//240 57//56 238//232
f 238//232 57//56 59//58
f 238//232 59//58 166//168
f 239//235 234//233 235//230
f 48//54 251//242 49//64
f 242//240 244//239 251//242
f 246//244 248//253 247//246
f 245//241 247//246 249//247
f 244//239 250//245 251//242
f 251//242 250//245 183//248
f 251//242 183//248 49//64
f 186//202 183//248 249//247
f 254//250 249//247 252//249
f 252//249 247//246 248//253
f 255//252 254//250 252//249
f 257//256 258//228 268//255
f 227//223 225//224 258//228
f 258//228 225//224 268//255
f 259//257 261//258 233//231
f 260//229 233//231 231//226
f 257//256 260//229 258//228
f 259//257 257//256 262//259
f 265//279 261//258 259//257 264//3267
f 261//258 265//279 237//236
f 214//212 274//267 272//266 271//264
f 266//260 268//255 269//262
f 262//259 268//255 266//260
f 268//255 224//220 269//262
f 270//218 269//262 224//220
f 223//219 270//218 224//220
f 271//264 272//266 273//265
f 273//265 266//260 267//263
f 219//216 216//214 270//218
f 216//214 271//264 270//218
f 270//218 271//264 267//263
f 263//261 284//281 283//280 264//3267
f 271//264 216//214 214//212
f 209//273 278//275 275//274
f 275//274 278//275 280//271
f 280//271 276//270 275//274
f 282//269 277//272 276//270
f 276//270 277//272 274//267
f 275//274 276//270 274//267
f 214//212 275//274 274//267
f 278//275 212//276 279//277
f 278//275 279//277 280//271
f 280//271 281//278 282//269
f 243//243 240//237 283//280
f 283//280 265//279 264//3267
f 240//237 237//236 265//279
f 284//281 263//261 266//260
f 336//329 326//328 327//326 328//3268
f 246//244 243//243 285//283
f 285//283 286//284 287//285
f 285//283 243//243 286//284
f 286//284 283//280 288//282
f 288//282 283//280 284//281
f 288//282 273//265 272//266
f 287//285 289//268 292//289
f 288//282 272//266 289//268
f 248//253 285//283 291//287
f 285//283 287//285 291//287
f 293//288 291//287 292//289
f 294//290 292//289 282//269
f 294//290 436//291 293//288
f 248//253 295//292 256//254
f 290//286 295//292 248//253
f 296//293 194//191 193//190
f 298//295 299//301 191//199
f 299//301 297//294 191//199
f 307//297 302//305 301//298
f 303//306 305//312 302//305
f 302//305 304//299 301//298
f 302//305 305//312 304//299
f 297//294 299//301 307//297
f 299//301 298//295 308//302
f 307//297 308//302 310//304
f 302//305 307//297 310//304
f 313//311 314//310 312//307
f 314//310 315//3269 312//307
f 312//307 315//3269 316//313
f 327//326 317//325 315//3269
f 315//3269 317//325 316//313
f 312//307 311//308 313//311
f 313//311 311//308 320//316
f 318//309 313//311 319//314
f 303//306 310//304 311//308
f 321//318 320//316 322//317
f 319//314 313//311 321//318
f 337//315 319//314 387//319
f 371//320 326//328 325//321
f 372//327 327//326 326//328
f 315//3269 314//310 327//326
f 327//326 314//310 328//3268
f 333//330 345//341 331//335 330//3270
f 330//3270 325//321 336//329
f 331//335 329//323 325//321
f 331//335 325//321 330//3270
f 345//341 333//330 332//332
f 334//334 333//330 330//3270 336//329
f 337//315 334//334 336//329 328//3268
f 382//377 365//410 510//358 355//357
f 328//3268 314//310 318//309
f 328//3268 318//309 337//315
f 333//330 334//334 338//333
f 339//336 324//324 329//323
f 339//336 344//342 340//339
f 344//342 348//3271 340//339
f 348//3271 353//337 340//339
f 339//336 341//338 324//324
f 348//3271 344//342 343//348
f 344//342 345//341 346//343
f 343//348 344//342 346//343
f 343//348 346//343 354//346
f 354//346 346//343 347//380
f 350//344 351//349 373//365
f 350//344 373//365 352//340
f 348//3271 349//345 353//337
f 354//346 355//357 356//347
f 343//348 356//347 357//3272
f 343//348 357//3272 348//3271
f 350//344 349//345 358//350
f 351//349 350//344 358//350
f 349//345 348//3271 363//353
f 360//354 363//353 361//475
f 361//475 363//353 484//355
f 363//353 357//3272 484//355
f 484//355 357//3272 356//347
f 363//353 348//3271 357//3272
f 364//356 356//347 510//358
f 332//332 335//331 338//333 385//378
f 324//324 342//360 368//359
f 323//322 368//359 369//363
f 369//363 370//362 397//367
f 326//328 371//320 372//327
f 367//366 366//361 373//365
f 373//365 342//360 352//340
f 342//360 341//338 352//340
f 317//325 375//364 374//369
f 374//369 399//368 376//370
f 197//192 194//191 379//373
f 379//373 306//300 381//375
f 381//375 306//300 304//299
f 378//371 304//299 305//312
f 380//374 379//373 381//375
f 377//372 381//375 378//371
f 385//378 382//377 383//379
f 383//379 354//346 347//380
f 384//382 385//378 338//333
f 419//387 390//413 389//385 388//384
f 417//381 409//376 385//378
f 385//378 383//379 332//332
f 386//383 338//333 387//319
f 322//317 309//303 391//388
f 322//317 391//388 388//384
f 388//384 391//388 392//296
f 388//384 392//296 393//389
f 388//384 393//389 422//386
f 366//361 367//366 370//362 368//359
f 386//383 321//318 389//385
f 321//318 322//317 389//385
f 384//382 386//383 390//413
f 386//383 389//385 390//413
f 309//303 308//302 391//388
f 391//388 298//295 300//198
f 367//366 403//390 370//362
f 403//390 394//391 370//362
f 398//392 397//367 370//362
f 418//415 407//403 410//404 417//381
f 397//367 398//392 399//368
f 399//368 396//394 400//395
f 400//395 396//394 211//205
f 376//370 399//368 401//396
f 200//196 197//192 380//374
f 401//396 200//196 380//374
f 401//396 377//372 376//370
f 400//395 401//396 399//368
f 394//391 404//399 395//393
f 403//390 504//398 394//391
f 351//349 359//352 403//390
f 359//352 402//397 403//390
f 416//405 407//403 405//400
f 416//405 410//404 407//403
f 519//408 412//407 411//409
f 413//406 414//412 412//407
f 365//410 382//377 415//411
f 415//411 409//376 416//405
f 414//412 416//405 412//407
f 412//407 405//400 406//402
f 409//376 417//381 410//404
f 437//427 435//3273 456//447 436//291
f 417//381 384//382 390//413
f 418//415 420//414 421//416
f 407//403 418//415 408//401
f 390//413 419//387 420//414
f 420//414 419//387 423//417
f 393//389 206//197 204//201
f 419//387 204//201 205//203
f 396//394 428//418 425//207
f 427//420 428//418 430//422
f 430//422 431//436 427//420
f 395//393 429//421 396//394
f 431//436 430//422 432//424
f 430//422 429//421 433//423
f 429//421 395//393 404//399
f 520//426 433//423 434//425
f 455//449 456//447 435//3273
f 435//3273 442//431 441//453 455//449
f 435//3273 437//427 438//428
f 437//427 282//269 281//278
f 438//428 281//278 279//277
f 437//427 281//278 438//428
f 439//429 212//276 424//419
f 439//429 424//419 427//420
f 461//3274 441//453 440//430
f 440//430 441//453 442//431
f 443//432 445//437 444//435 440//430
f 442//431 435//3273 438//428
f 442//431 438//428 439//429
f 443//432 439//429 427//420
f 446//3275 462//434 444//435
f 462//434 461//3274 440//430
f 478//469 474//468 408//401 421//416
f 445//437 443//432 426//433
f 444//435 445//437 448//439
f 445//437 426//433 431//436
f 446//3275 444//435 448//439
f 535//442 446//3275 448//439
f 452//444 295//292 453//446
f 452//444 256//254 295//292
f 453//446 293//288 436//291
f 464//455 457//450 458//451
f 460//454 458//451 459//452
f 457//450 451//445 454//448
f 458//451 454//448 455//449
f 460//454 459//452 441//453
f 464//455 460//454 463//456
f 441//453 461//3274 460//454
f 461//3274 462//434 460//454
f 462//434 446//3275 465//458
f 466//457 471//459 463//456
f 469//531 545//530 470//466
f 468//461 469//531 471//459
f 469//531 470//466 472//460
f 471//459 469//531 472//460
f 465//458 446//3275 535//442
f 465//458 467//462 466//457
f 467//462 468//461 466//457
f 476//464 477//467 473//463
f 472//460 476//464 475//465
f 477//467 406//402 473//463
f 472//460 475//465 479//471
f 411//409 406//402 477//467
f 474//468 475//465 473//463
f 488//479 497//488 491//482 487//487
f 480//470 479//471 475//465
f 479//471 464//455 472//460
f 421//416 423//417 253//251
f 478//469 253//251 480//470
f 480//470 255//252 457//450
f 457//450 464//455 479//471
f 482//472 362//351 483//477
f 362//351 358//350 483//477
f 358//350 360//354 483//477
f 483//477 360//354 489//476
f 360//354 361//475 489//476
f 364//356 510//358 511//473
f 484//355 364//356 485//474
f 361//475 484//355 485//474
f 482//472 483//477 486//478
f 486//478 489//476 487//487
f 487//487 489//476 488//479
f 489//476 485//474 488//479
f 488//479 511//473 490//501
f 495//485 493//481 492//480
f 495//485 496//486 486//478
f 491//482 493//481 487//487
f 492//480 491//482 2052//489
f 2052//489 497//488 498//491
f 509//494 502//495 402//397 359//352
f 499//490 488//479 490//501
f 498//491 497//488 499//490
f 499//490 490//501 513//500 515//503
f 502//495 523//496 504//398
f 504//398 503//497 404//399
f 505//1976 506//3276 507//499
f 524//512 508//498 506//3276
f 506//3276 509//494 507//499
f 508//498 509//494 506//3276
f 509//494 482//472 496//486
f 509//494 496//486 494//484
f 511//473 510//358 513//500
f 512//505 514//504 515//503
f 512//505 515//503 513//500
f 519//408 562//544 518//506 413//406
f 526//517 527//515 523//496 525//514
f 562//544 519//408 517//507
f 514//504 512//505 518//506
f 518//506 414//412 413//406
f 512//505 365//410 414//412
f 434//425 404//399 503//497
f 506//3276 505//1976 524//512
f 508//498 524//512 525//514
f 525//514 2008//513 526//517
f 477//467 470//466 545//530 553//537
f 523//496 527//515 503//497
f 527//515 528//510 503//497
f 528//510 527//515 532//511
f 527//515 526//517 529//516
f 529//516 531//519 521//508
f 537//523 538//3277 534//521
f 537//523 534//521 533//520
f 531//519 2018//1972 537//523
f 2018//1972 538//3277 537//523
f 538//3277 539//524 534//521
f 539//524 540//532 550//525
f 534//521 550//525 536//522
f 536//522 550//525 541//528
f 550//525 549//526 541//528
f 549//526 543//536 542//527
f 542//527 543//536 544//529
f 548//535 545//530 544//529
f 542//527 544//529 468//461
f 468//461 544//529 469//531
f 541//528 542//527 467//462
f 535//442 541//528 467//462
f 540//532 2109//2055 546//533
f 546//533 547//534 543//536
f 517//507 411//409 551//539
f 551//539 411//409 477//467
f 551//539 477//467 553//537
f 555//541 556//542 554//540 548//535
f 551//539 552//538 517//507
f 562//544 517//507 552//538
f 545//530 548//535 553//537
f 552//538 553//537 554//540
f 571//558 569//581 570//565 572//556
f 558//545 559//546 561//548
f 559//546 560//547 561//548
f 562//544 561//548 518//506
f 558//545 561//548 562//544
f 561//548 516//502 514//504
f 567//555 565//552 566//557
f 613//596 628//609 632//610 627//589
f 572//556 567//555 566//557
f 565//552 564//554 573//656
f 566//557 565//552 574//560
f 574//560 565//552 573//656
f 564//554 568//549 575//559
f 575//559 563//551 673//665
f 573//656 564//554 575//559
f 576//657 569//581 571//558
f 571//558 566//557 577//561
f 567//555 572//556 580//566
f 563//551 582//550 583//569
f 583//569 582//550 633//568
f 568//549 606//564 584//567
f 584//567 606//564 630//611
f 590//574 593//571 586//572
f 593//571 583//569 585//570
f 591//666 673//665 563//551
f 592//577 591//666 563//551
f 593//571 592//577 583//569
f 587//573 593//571 590//574
f 587//573 589//576 593//571
f 598//578 595//601 615//579
f 594//582 598//578 596//580
f 580//566 570//565 609//591
f 609//591 570//565 597//605
f 595//601 598//578 600//584
f 598//578 594//582 599//3278
f 594//582 569//581 599//3278
f 598//578 599//3278 600//584
f 595//601 600//584 601//583
f 602//814 595//601 601//583
f 602//814 601//583 838//815
f 604//669 599//3278 683//678
f 603//585 600//584 604//669
f 604//669 600//584 599//3278
f 576//657 599//3278 569//581
f 581//563 607//588 579//562
f 630//611 606//564 631//608
f 581//563 608//592 607//588
f 609//591 597//605 610//593
f 570//565 596//580 597//605
f 597//605 618//599 610//593
f 608//592 612//594 607//588
f 613//596 614//587 612//594
f 616//603 617//597 621//600
f 596//580 621//600 618//599
f 619//602 620//630 616//603
f 615//579 619//602 621//600
f 610//593 622//598 623//604
f 623//604 625//607 624//595
f 638//616 644//624 645//626 637//615
f 628//609 626//606 649//631
f 629//634 630//611 631//608
f 629//634 631//608 632//610
f 633//568 584//567 634//612
f 634//612 630//611 636//613
f 630//611 629//634 636//613
f 585//570 633//568 637//615
f 635//614 638//616 637//615 634//612
f 661//643 662//640 657//639 652//637
f 638//616 635//614 639//617
f 643//623 898//625 645//626
f 586//572 585//570 645//626
f 646//629 648//628 620//630
f 595//601 602//814 619//602
f 602//814 646//629 619//602
f 653//641 649//631 651//632
f 651//632 625//607 623//604
f 649//631 653//641 656//635
f 649//631 656//635 628//609
f 656//635 655//633 632//610
f 652//637 653//641 651//632
f 651//632 622//598 617//597
f 635//614 654//638 639//617
f 636//613 655//633 654//638
f 656//635 653//641 657//639
f 675//655 673//665 672//667 674//653
f 659//651 658//642 660//644
f 659//651 616//603 620//630
f 660//644 650//636 659//651
f 661//643 652//637 660//644
f 660//644 652//637 650//636
f 659//651 650//636 616//603
f 639//617 662//640 667//645
f 639//617 654//638 662//640
f 663//647 664//648 665//649
f 664//648 666//621 667//645
f 668//646 664//648 667//645
f 668//646 661//643 658//642
f 668//646 658//642 665//649
f 658//642 659//651 648//628
f 669//650 648//628 647//627
f 665//649 669//650 671//812
f 663//647 665//649 671//812
f 574//560 573//656 675//655 678//662
f 675//655 676//654 678//662
f 676//654 677//681 678//662
f 599//3278 576//657 686//659 683//678
f 673//665 675//655 575//559
f 576//657 571//558 679//658
f 680//660 577//561 678//662
f 577//561 574//560 678//662
f 681//661 678//662 677//681
f 591//666 592//577 589//576
f 587//573 682//663 703//664
f 704//685 589//576 703//664
f 591//666 589//576 704//685
f 684//668 696//677 685//828
f 696//677 697//826 685//828
f 683//678 684//668 604//669
f 684//668 685//828 603//585
f 692//691 690//697 689//672 691//673
f 686//659 681//661 687//670
f 686//659 687//670 694//674
f 681//661 677//681 688//671
f 687//670 681//661 688//671
f 690//697 692//691 712//704 721//703
f 694//674 689//672 690//697
f 693//675 695//676 684//668
f 696//677 717//698 697//826
f 699//688 700//679 701//680
f 699//688 701//680 708//3279
f 700//679 691//673 688//671
f 701//680 688//671 676//654
f 708//3279 701//680 702//682
f 702//682 676//654 674//653
f 704//685 706//684 707//686
f 708//3279 707//686 699//688
f 704//685 707//686 708//3279
f 704//685 708//3279 702//682
f 704//685 672//667 591//666
f 698//687 709//693 710//689
f 699//688 710//689 700//679
f 709//693 795//774 710//689
f 710//689 711//690 700//679
f 711//690 712//704 692//691
f 700//679 711//690 691//673
f 713//692 705//683 714//790
f 709//693 698//687 706//684
f 721//703 720//696 690//697
f 744//723 796//722 742//720 740//719
f 690//697 723//694 694//674
f 717//698 695//676 718//699
f 695//676 693//675 719//701
f 720//696 721//703 722//769
f 721//703 727//707 722//769
f 723//694 720//696 722//769
f 724//776 725//705 710//689
f 794//711 725//705 724//776
f 794//711 726//702 725//705
f 725//705 726//702 712//704
f 730//708 727//707 726//702
f 726//702 727//707 721//703
f 733//714 738//709 728//706
f 727//707 729//710 722//769
f 730//708 794//711 731//712
f 730//708 731//712 733//714
f 734//725 736//716 735//718
f 737//715 729//710 738//709
f 738//709 733//714 739//3280
f 738//709 739//3280 740//719
f 735//718 741//717 748//727
f 736//716 738//709 741//717
f 755//735 754//3281 741//717 743//721
f 743//721 741//717 740//719
f 744//723 740//719 739//3280
f 744//723 739//3280 733//714
f 745//724 744//723 733//714
f 746//726 748//727 747//729
f 748//727 741//717 754//3281
f 748//727 754//3281 752//728
f 747//729 752//728 750//731
f 749//732 747//729 750//731
f 746//726 747//729 749//732
f 758//734 752//728 754//3281 755//735
f 768//783 765//740 761//741 767//746
f 743//721 742//720 755//735
f 755//735 742//720 756//782
f 755//735 756//782 757//736
f 758//734 757//736 759//737
f 765//740 769//756 760//738
f 763//739 760//738 751//733
f 760//738 790//743 751//733
f 761//741 763//739 764//745
f 764//745 763//739 750//731
f 750//731 753//730 764//745
f 804//767 805//785 718//699 719//701
f 772//748 771//747 762//742
f 769//756 772//748 760//738
f 769//756 765//740 773//758
f 773//758 765//740 774//750
f 765//740 768//783 774//750
f 779//757 769//756 780//762
f 778//755 771//747 776//753
f 774//750 775//749 782//760
f 782//760 775//749 999//806
f 769//756 773//758 780//762
f 781//759 774//750 783//761
f 785//764 734//725 787//766
f 785//764 736//716 734//725
f 789//768 722//769 729//710
f 788//770 789//768 786//763
f 804//767 788//770 786//763
f 791//771 792//772 751//733
f 749//732 751//733 787//766
f 792//772 784//765 787//766
f 795//774 724//776 710//689
f 793//773 808//775 798//778
f 800//780 759//737 757//736
f 801//781 757//736 756//782
f 801//781 756//782 797//777
f 767//746 766//744 759//737
f 803//784 767//746 800//780
f 803//784 802//751 767//746
f 823//799 803//784 799//779
f 719//701 715//695 788//770
f 813//793 817//3282 818//794 811//791
f 719//701 788//770 804//767
f 716//700 718//699 806//786
f 809//787 709//693 713//692
f 808//775 795//774 709//693
f 805//785 804//767 812//792
f 807//796 806//786 811//791
f 811//791 805//785 813//793
f 814//3283 812//792 784//765
f 812//792 814//3283 817//3282 813//793
f 820//3284 816//797 980//960 819//969
f 816//797 814//3283 784//765
f 814//3283 816//797 820//3284 817//3282
f 778//755 980//960 816//797
f 820//3284 821//968 818//794
f 819//969 821//968 820//3284
f 820//3284 818//794 817//3282
f 836//876 670//652 832//813 835//872
f 803//784 823//799 822//798
f 822//798 823//799 826//801
f 823//799 828//807 825//800
f 825//800 828//807 830//802
f 775//749 822//798 999//806
f 826//801 825//800 1001//804
f 797//777 827//808 801//781
f 801//781 827//808 828//807
f 828//807 827//808 829//789
f 809//787 827//808 798//778
f 670//652 647//627 831//809
f 647//627 646//629 831//809
f 833//810 831//809 646//629
f 646//629 602//814 833//810
f 832//813 831//809 834//811
f 854//836 857//838 853//834 850//835
f 670//652 836//876 671//812
f 836//876 835//872 837//875
f 838//815 839//818 833//810
f 833//810 839//818 834//811
f 838//815 842//816 839//818
f 839//818 887//819 841//820
f 843//825 849//822 842//816
f 842//816 844//823 840//817
f 844//823 881//861 888//824
f 601//583 843//825 838//815
f 846//831 883//830 847//833
f 685//828 845//827 848//832
f 845//827 846//831 848//832
f 685//828 848//832 843//825
f 603//585 685//828 843//825
f 717//698 850//835 697//826
f 697//826 850//835 845//827
f 853//834 851//859 852//829
f 850//835 853//834 846//831
f 845//827 850//835 846//831
f 850//835 717//698 716//700
f 807//796 858//840 854//836 806//786
f 851//859 853//834 857//838
f 856//837 851//859 857//838
f 854//836 716//700 806//786
f 857//838 854//836 858//840
f 883//830 884//863 882//862 847//833
f 855//839 858//840 859//841
f 860//842 859//841 861//843
f 864//847 807//796 815//795
f 987//848 815//795 818//794
f 866//850 863//846 867//845
f 865//3285 988//851 868//849
f 818//794 821//968 987//848
f 987//848 865//3285 868//849
f 987//848 868//849 864//847
f 869//864 870//852 873//855
f 873//855 870//852 872//854
f 870//852 852//829 871//853
f 871//853 852//829 851//859
f 874//920 873//855 876//856
f 876//856 872//854 877//858
f 875//857 871//853 856//837
f 879//866 882//862 880//915
f 879//866 881//861 882//862
f 881//861 844//823 849//822
f 884//863 869//864 880//915 882//862
f 884//863 883//830 870//852
f 885//867 891//869 889//3286 890//868
f 886//865 890//868 887//819
f 886//865 887//819 888//824
f 888//824 887//819 840//817
f 841//820 889//3286 894//821
f 841//820 887//819 889//3286
f 889//3286 887//819 890//868
f 905//883 903//878 900//880 904//914
f 894//821 889//3286 891//869
f 892//870 835//872 832//813
f 897//874 895//873 896//619
f 663//647 896//619 666//621
f 671//812 897//874 663//647
f 898//625 643//623 641//622
f 641//622 642//620 896//619
f 641//622 896//619 895//873
f 901//881 898//625 903//878
f 898//625 901//881 586//572
f 903//878 898//625 899//877
f 901//881 906//884 902//882
f 892//870 891//869 925//904 893//871
f 904//914 912//887 905//883
f 904//914 940//888 912//887
f 905//883 912//887 909//885
f 906//884 909//885 911//886
f 705//683 911//886 910//3287
f 705//683 682//663 911//886
f 910//3287 911//886 909//885
f 907//890 912//887 908//889
f 908//889 913//892 907//890
f 907//890 913//892 914//891
f 910//3287 914//891 714//790
f 909//885 914//891 910//3287
f 910//3287 714//790 705//683
f 914//891 916//893 917//894
f 830//802 829//789 917//894
f 922//895 917//894 916//893
f 919//896 916//893 913//892
f 919//896 913//892 915//926
f 921//898 916//893 919//896
f 918//899 919//896 915//926
f 916//893 921//898 922//895
f 919//896 923//900 920//897
f 922//895 924//901 824//803
f 933//913 880//915 869//864 932//912
f 925//904 926//903 893//871
f 926//903 895//873 837//875
f 900//880 928//879 927//908
f 927//908 928//879 925//904
f 929//905 925//904 891//869
f 927//908 925//904 929//905
f 904//914 900//880 935//909
f 935//909 927//908 931//906
f 931//906 927//908 929//905
f 869//864 941//919 932//912
f 941//919 938//911 932//912
f 874//920 876//856 936//917 937//916
f 940//888 904//914 934//910
f 933//913 934//910 935//909
f 880//915 930//907 879//866
f 945//927 936//917 876//856 878//860
f 939//918 940//888 938//911
f 874//920 941//919 873//855
f 869//864 873//855 941//919
f 950//922 948//930 947//941 949//928
f 936//917 945//927 942//921
f 946//925 939//918 945//927
f 915//926 913//892 939//918
f 944//923 945//927 878//860
f 918//899 915//926 947//941
f 947//941 915//926 949//928
f 960//942 877//858 875//857 961//944
f 949//928 946//925 950//922
f 952//931 950//922 951//929
f 954//939 948//930 952//931
f 954//939 952//931 955//934
f 955//934 952//931 953//932
f 956//933 954//939 955//934
f 956//933 958//937 954//939
f 956//933 957//936 958//937
f 954//939 959//938 992//940
f 947//941 992//940 918//899
f 964//948 963//945 962//943 965//946
f 961//944 856//837 855//839
f 960//942 963//945 944//923
f 960//942 962//943 963//945
f 963//945 964//948 943//924
f 970//950 863//846 866//850 969//974
f 964//948 951//929 943//924
f 965//946 855//839 860//842
f 965//946 860//842 966//947
f 964//948 966//947 951//929
f 966//947 862//844 953//932
f 966//947 953//932 951//929
f 968//935 955//934 967//949
f 970//950 968//935 967//949
f 967//949 953//932 862//844
f 863//846 970//950 862//844
f 969//974 971//951 970//950
f 987//848 1989//970 1987//1938 865//3285
f 972//954 779//757 780//762
f 978//965 976//957 783//761
f 976//957 977//958 973//955
f 973//955 977//958 974//956
f 781//759 973//955 780//762
f 783//761 973//955 781//759
f 972//954 974//956 975//953
f 982//952 975//953 1965//1917
f 976//957 978//965 984//964
f 980//960 983//963 981//961
f 983//963 982//952 1965//1917
f 783//761 782//760 984//964
f 984//964 782//760 1979//967
f 819//969 980//960 979//962
f 1989//970 819//969 986//971
f 1034//1075 1033//1010 1011//989 1037//1015
f 1987//1938 988//851 865//3285
f 989//972 957//936 971//951
f 990//973 971//951 969//974
f 991//1951 923//900 992//940
f 991//1951 992//940 959//938
f 993//975 958//937 957//936
f 991//1951 994//976 923//900
f 923//900 994//976 920//897
f 996//977 997//1958 824//803
f 995//902 996//977 924//901
f 985//966 999//806 998//979
f 999//806 1000//805 998//979
f 1001//804 824//803 997//1958
f 1002//978 1001//804 997//1958
f 1003//981 1015//992 1009//986
f 1015//992 1004//3288 1005//1001
f 1013//983 1005//1001 1004//3288
f 1013//983 1004//3288 1007//984
f 1010//982 1003//981 1009//986
f 1005//1001 1009//986 1015//992
f 1012//988 1032//1009 1013//983
f 1043//991 1016//1022 1015//992
f 1014//990 1043//991 1003//981
f 1015//992 1016//1022 1004//3288
f 1004//3288 1016//1022 1007//984
f 1010//982 1018//993 1017//980
f 1017//980 1018//993 1019//996
f 1019//996 1020//1018 1014//990
f 1023//999 1008//987 1009//986
f 1072//1050 1021//998 1028//1003
f 1021//998 1025//997 1026//1002
f 1028//1003 1026//1002 1027//1112
f 1030//1006 1027//1112 1026//1002
f 1005//1001 1013//983 1032//1009
f 1068//3289 1050//1026 1049//1025 1079//1052
f 1035//1011 1006//985 1007//984
f 1035//1011 1066//1043 1036//1012
f 1036//1012 1066//1043 1060//1013
f 1037//1015 1038//1014 1039//1030
f 1011//989 1006//985 1038//1014
f 1006//985 1036//1012 1038//1014
f 1038//1014 1060//1013 1039//1030
f 1035//1011 1007//984 1041//1016
f 1014//990 1020//1018 1043//991
f 1016//1022 1044//1021 1041//1016
f 1042//1019 1020//1018 1045//1023
f 1047//3290 1045//1023 1046//1049
f 1046//1049 1045//1023 1019//996
f 1049//1025 1041//1016 1048//1024
f 1044//1021 1048//1024 1041//1016
f 1050//1026 1066//1043 1040//1017
f 1040//1017 1041//1016 1049//1025
f 1051//1029 1058//1028 1052//1031
f 1058//1028 1037//1015 1039//1030
f 1057//1035 1034//1075 1037//1015
f 1056//1034 1057//1035 1058//1028
f 1055//1027 1056//1034 1058//1028
f 1039//1030 1060//1013 1059//1037
f 1064//1058 1062//1042 1063//1039
f 1053//1032 1052//1031 1065//1041
f 1052//1031 1059//1037 1065//1041
f 1052//1031 1039//1030 1059//1037
f 1063//1039 1065//1041 1061//1036
f 1082//1038 1061//1036 1067//1044
f 1061//1036 1060//1013 1066//1043
f 1035//1011 1040//1017 1066//1043
f 1068//3289 1067//1044 1050//1026
f 1067//1044 1066//1043 1050//1026
f 1046//1049 1019//996 1071//995
f 1021//998 1072//1050 1069//1046
f 1075//1005 1076//1066 1073//1051
f 1077//1053 1045//1023 1047//3290
f 1077//1053 1078//1020 1045//1023
f 1146//1100 1123//1098 1125//1099 1128//1102
f 1049//1025 1048//1024 1079//1052
f 1077//1053 1048//1024 1078//1020
f 1080//1055 1082//1038 1067//1044
f 1081//1057 1080//1055 1068//3289
f 1080//1055 1067//1044 1068//3289
f 1081//1057 1068//3289 1079//1052
f 1064//1058 1083//1054 1086//1059
f 1086//1059 1083//1054 1084//1060
f 1085//1065 1084//1060 1083//1054
f 1085//1065 1083//1054 1089//1062
f 1073//1051 1090//1063 1074//1047
f 1090//1063 1091//1056 3232//1045
f 1073//1051 1092//1067 1088//1064
f 1088//1064 1092//1067 1136//1110
f 1088//1064 1136//1110 1085//1065
f 1093//1068 1094//1079 1095//1069
f 1096//1071 1095//1069 1094//1079
f 1097//1008 1098//1072 1095//1069
f 1023//999 1098//1072 1097//1008
f 1100//1070 1095//1069 1099//1073
f 1099//1073 1098//1072 1024//1000
f 1034//1075 1100//1070 1033//1010
f 1101//1074 1102//1082 1100//1070
f 1102//1082 1093//1068 1100//1070
f 1033//1010 1099//1073 1032//1009
f 1113//1080 1114//1076 1104//1078
f 1113//1080 1104//1078 1094//1079
f 1103//1081 1113//1080 1093//1068
f 1103//1081 1093//1068 1102//1082
f 1105//1083 1102//1082 1101//1074
f 1106//1084 1101//1074 1107//1085
f 1107//1085 1108//1178 1109//1086
f 1106//1084 1116//1087 1110//1088
f 1105//1083 1110//1088 1103//1081
f 1113//1080 1112//1095 1114//1076
f 1111//1089 1112//1095 1113//1080
f 1112//1095 1121//1090 1114//1076
f 1114//1076 1207//1091 1124//1077
f 1115//1177 1117//1093 1116//1087
f 1118//1192 1120//1096 1119//1094
f 1117//1093 1118//1192 1119//1094
f 1116//1087 1119//1094 1110//1088
f 1112//1095 1119//1094 1121//1090
f 1154//1124 1149//1123 1289//1259 1150//1278
f 1124//1077 1126//1187 1125//1099
f 1124//1077 1207//1091 1126//1187
f 1034//1075 1057//1035 1107//1085
f 1130//1104 1132//1105 1056//1034
f 1129//1155 1131//1103 1054//1033
f 1108//1178 1107//1085 1132//1105
f 1133//1107 1076//1066 1029//1004
f 1//3 1133//1107 1134//1108
f 1133//1107 2//4 1135//1109
f 1135//1109 2//4 11//6
f 1085//1065 1136//1110 1084//1060
f 1028//1003 1137//1113 1029//1004
f 1027//1112 1140//1117 1138//1114
f 1138//1114 1139//1119 1167//1115
f 1137//1113 1167//1115 1134//1108
f 1030//1006 1141//1116 1027//1112
f 1141//1116 1142//1118 1140//1117
f 1143//1136 1142//1118 1144//1120
f 1143//1136 1144//1120 1145//1122
f 1128//1102 1149//1123 1147//1121
f 1147//1121 1148//1125 1145//1122
f 1192//1166 1191//1165 1190//1164 1187//1161
f 1127//1101 1149//1123 1128//1102
f 1157//1131 1194//1168 1151//1128
f 1156//1129 1151//1128 1152//1127
f 1148//1125 1154//1124 1152//1127
f 1152//1127 1154//1124 1156//1129
f 1150//1278 1155//1277 1154//1124
f 1154//1124 1155//1277 1156//1129
f 1156//1129 1155//1277 1158//1130
f 1193//1167 1160//1139 1161//1133
f 1159//1132 1193//1167 1161//1133
f 1162//1134 1142//1118 1143//1136
f 1161//1133 1143//1136 1153//1126
f 1153//1126 1143//1136 1145//1122
f 1142//1118 1162//1134 1163//1137
f 1163//1137 1162//1134 1164//1135
f 1165//1138 1164//1135 1160//1139
f 1167//1115 1168//1141 3//1
f 1169//1142 1165//1138 1166//1140
f 3//1 1168//1141 1169//1142
f 3//1 1169//1142 4//2
f 1170//1145 1087//1061 10//1143
f 1170//1145 1062//1042 1087//1061
f 1171//1111 1087//1061 1084//1060
f 10//1143 1171//1111 11//6
f 10//1143 8//1144 1170//1145
f 8//1144 7//9 1172//1146
f 8//1144 1172//1146 1174//1040
f 1174//1040 1172//1146 1053//1032
f 1175//1148 1053//1032 1173//1147
f 1176//1150 1172//1146 7//9
f 1173//1147 1172//1146 1176//1150
f 1051//1029 1175//1148 1055//1027
f 1177//1151 1179//1154 1178//1149
f 1055//1027 1178//1149 1129//1155
f 1054//1033 1055//1027 1129//1155
f 1177//1151 1181//1153 1179//1154
f 1183//1157 1131//1103 1129//1155
f 1182//1156 1183//1157 1179//1154
f 1182//1156 1181//1153 1184//1158
f 1320//1159 1185//1292 1182//1156
f 1185//1292 1205//1106 1183//1157
f 1182//1156 1185//1292 1183//1157
f 1186//1160 1166//1140 1188//1163
f 1176//1150 1189//1162 1177//1151
f 6//7 1186//1160 7//9
f 1180//1152 1177//1151 1189//1162
f 1190//1164 1189//1162 1187//1161
f 1187//1161 1188//1163 1166//1140
f 1193//1167 1159//1132 1151//1128 1194//1168
f 1192//1166 1187//1161 1166//1140
f 1192//1166 1166//1140 1160//1139
f 1193//1167 1192//1166 1160//1139
f 1197//1170 1196//1169 1194//1168 1157//1131
f 1196//1169 1191//1165 1193//1167
f 1190//1164 1196//1169 1195//1171
f 1190//1164 1195//1171 1180//1152
f 1181//1153 1180//1152 1184//1158
f 1184//1158 1180//1152 1195//1171
f 1221//1186 1276//1205 1126//1187 1206//1183
f 1157//1131 1198//1172 1197//1170
f 1197//1170 1199//1173 1200//3291
f 1195//1171 1197//1170 1200//3291
f 1195//1171 1200//3291 1184//1158
f 1202//1174 1203//1092 1204//1175
f 1202//1174 1115//1177 1203//1092
f 1205//1106 1285//1181 1130//1104
f 1285//1181 1204//1175 1130//1104
f 1204//1175 1132//1105 1130//1104
f 1204//1175 1108//1178 1132//1105
f 1207//1091 1121//1090 1206//1183
f 1121//1090 1120//1096 1208//1182
f 1208//1182 1120//1096 1211//1184
f 1127//1101 1125//1099 1275//1188
f 1245//1227 1242//1221 1236//3292 1238//1216
f 1120//1096 1212//1194 1211//1184
f 1120//1096 1118//1192 1212//1194
f 1211//1184 1213//1193 1214//1190
f 1211//1184 1212//1194 1213//1193
f 1219//1191 1213//1193 1118//1192
f 1214//1190 1213//1193 1217//1198
f 1217//1198 1220//1200 1218//1199
f 1216//1196 1227//1201 1209//1185
f 1209//1185 1221//1186 1208//1182
f 1224//1203 1240//1207 1225//1212
f 1226//1204 1221//1186 1227//1201
f 1227//1201 1216//1196 1222//1202
f 1222//1202 1224//1203 1228//1206
f 1227//1201 1228//1206 1226//1204
f 1229//1211 1232//1210 1218//1199
f 1230//1209 1231//1208 1229//1211
f 1231//1208 1240//1207 1224//1203
f 1223//1195 1231//1208 1224//1203
f 1218//1199 1232//1210 1215//1197
f 1232//1210 1223//1195 1215//1197
f 1240//1207 1235//1215 1225//1212
f 1225//1212 1235//1215 1234//1214
f 1234//1214 1238//1216 1236//3292
f 1230//1209 1237//3293 1239//1217
f 1237//3293 1249//1225 1238//1216
f 1239//1217 1237//3293 1238//1216
f 1239//1217 1238//1216 1235//1215
f 1240//1207 1239//1217 1235//1215
f 1228//1206 1241//1219 1265//1218
f 1233//1213 1228//1206 1224//1203
f 1241//1219 1234//1214 1236//3292
f 1241//1219 1242//1221 1243//1220
f 1243//1220 1242//1221 1258//1223
f 1241//1219 1236//3292 1242//1221
f 1244//1222 1242//1221 1245//1227 1259//1238
f 1259//1238 1245//1227 1246//1224
f 1246//1224 1245//1227 1249//1225
f 1247//1240 1246//1224 1248//1226
f 1248//1226 1249//1225 1250//1228
f 1250//1228 1249//1225 1237//3293
f 1250//1228 1237//3293 1253//1232
f 1253//1232 1237//3293 1230//1209
f 1252//1230 1253//1232 1255//1233
f 1254//1235 1252//1230 1255//1233
f 1255//1233 1229//1211 1257//1234
f 1220//1200 1202//1174 1257//1234
f 1220//1200 1257//1234 1218//1199
f 1263//1312 1262//1241 1248//1226 1251//1229
f 1258//1223 1340//1239 1261//1245
f 1247//1240 1248//1226 1262//1241
f 1283//1258 1279//1255 1277//1254 1254//1235
f 1260//1237 1247//1240 1264//1242
f 1265//1218 1243//1220 1272//1246
f 1265//1218 1272//1246 1266//1243
f 1268//1248 1269//1269 1270//1250
f 1274//1244 1266//1243 1268//1248
f 1274//1244 1268//1248 1267//1251
f 1269//1269 1268//1248 1271//1249
f 1272//1246 1243//1220 1258//1223
f 1272//1246 1261//1245 1273//1247
f 1271//1249 1355//1396 1269//1269
f 1265//1218 1274//1244 1226//1204
f 1267//1251 1270//1250 1286//1252
f 1275//1188 1267//1251 1210//1189
f 1294//1267 1295//1266 1297//3294 1315//1289
f 1278//1231 1277//1254 1358//1257
f 1281//1256 1324//1253 1282//1427
f 1251//1229 1278//1231 1263//1312
f 1263//1312 1278//1231 1358//1257
f 1284//1180 1283//1258 1285//1181
f 1285//1181 1256//1236 1204//1175
f 1289//1259 1290//1261 1150//1278
f 1290//1261 1291//1263 1150//1278
f 1127//1101 1289//1259 1149//1123
f 1293//1265 1287//1260 1270//1250
f 1292//1264 1287//1260 1293//1265
f 1292//1264 1293//1265 1294//1267
f 1291//1263 1304//1275 1158//1130 1155//1277
f 1296//1268 1297//3294 1295//1266
f 1297//3294 1298//1399 1315//1289
f 1355//1396 1296//1268 1269//1269
f 1299//1272 1300//1302 1301//1270
f 1300//1302 1303//1274 1301//1270
f 1314//1285 1312//1288 1306//1281 1309//1280
f 1308//1271 1310//1279 1309//1280
f 1308//1271 1306//1281 1299//1272
f 1308//1271 1302//1273 1310//1279
f 1310//1279 1288//1262 1292//1264
f 1307//1282 1306//1281 1312//1288
f 1367//1332 1361//1398 1273//1247 1261//1245
f 1309//1280 1311//1283 1313//1284
f 1311//1283 1292//1264 1294//1267
f 1313//1284 1294//1267 1315//1289
f 1315//1289 1318//1286 1313//1284
f 1313//1284 1318//1286 1314//1285
f 1316//1287 1317//1423 1312//1288
f 1317//1423 1453//1306 1307//1282
f 1312//1288 1317//1423 1307//1282
f 1453//1306 1317//1423 1447//1417
f 1318//1286 1454//1290 1316//1287
f 1205//1106 1185//1292 1325//1291
f 1325//1291 1320//1159 1322//1295
f 1322//1295 1326//1297 1325//1291
f 1280//1179 1324//1253 1284//1180
f 1324//1253 1325//1291 1282//1427
f 1282//1427 1325//1291 1326//1297
f 1319//1293 1184//1158 1328//1298
f 1328//1298 1199//1173 1329//1300
f 1327//1299 1328//1298 1330//1301
f 1328//1298 1184//1158 1200//3291
f 1328//1298 1200//3291 1199//1173
f 1330//1301 1329//1300 1300//1302
f 1330//1301 1307//1282 1334//1309
f 1334//1309 1331//1303 1327//1299
f 1330//1301 1334//1309 1327//1299
f 1307//1282 1333//1310 1334//1309
f 1334//1309 1332//1305 1331//1303
f 1332//1305 1321//1294 1331//1303
f 1307//1282 1335//1307 1333//1310
f 1333//1310 1337//1308 1334//1309
f 1336//1304 1323//1296 1321//1294
f 1468//1424 1323//1296 1336//1304
f 1339//1313 1344//1317 1264//1242
f 1259//1238 1260//1237 1244//1222
f 1264//1242 1344//1317 1342//1314
f 1260//1237 1342//1314 1341//1315
f 1244//1222 1260//1237 1340//1239
f 1342//1314 1349//1318 1345//1319
f 1341//1315 1345//1319 1343//1326
f 1339//1313 1346//1322 1344//1317
f 1350//1320 1343//1326 1345//1319
f 1371//1327 1350//1320 1349//1318
f 1346//1322 1363//1321 1351//3295
f 1346//1322 1351//3295 1352//1325
f 1349//1318 1353//1328 1371//1327
f 1375//1329 1352//1325 1372//1347
f 1263//1312 1357//1334 1347//1323 1338//1311
f 1261//1245 1354//1316 1367//1332
f 1354//1316 1341//1315 1360//1331
f 1360//1331 1341//1315 1343//1326
f 1271//1249 1401//1394 1355//1396
f 1347//1323 1357//1334 1356//1337
f 1380//1346 1377//1356 1383//1357 1378//1350
f 1347//1323 1339//1313 1338//1311
f 1357//1334 1263//1312 1358//1257
f 1418//1333 1281//1256 1359//1386
f 1281//1256 1282//1427 1359//1386
f 1418//1333 1356//1337 1357//1334
f 1421//1335 1363//1321 1364//1336
f 1356//1337 1364//1336 1347//1323
f 1366//1340 1367//1332 1360//1331
f 1370//1338 1360//1331 1343//1326
f 1362//1342 1363//1321 1421//1335
f 1362//1342 1408//1344 1368//1343
f 1363//1321 1368//1343 1351//3295
f 1370//1338 1380//1346 1379//1339
f 1370//1338 1371//1327 1380//1346
f 1368//1343 1372//1347 1351//3295
f 1372//1347 1352//1325 1351//3295
f 1353//1328 1375//1329 1374//1352
f 1353//1328 1374//1352 1373//1330
f 1376//1348 1372//1347 1369//1345
f 1367//1332 1365//1341 1398//1371 1361//1398
f 1379//1339 1396//1351 1365//1341
f 1377//1356 1380//1346 1373//1330
f 1373//1330 1374//1352 1377//1356
f 1377//1356 1374//1352 1381//1353
f 1383//1357 1381//1353 1388//1355
f 1374//1352 1375//1329 1389//1349
f 1381//1353 1389//1349 1382//1354
f 1393//2646 2699//2650 1384//1362
f 1385//1361 1386//1359 1383//1357
f 1389//1349 1376//1348 1391//1363
f 1376//1348 1390//1381 1391//1363
f 1384//1362 1392//1358 1393//2646
f 1397//2656 1394//1365 1396//1351
f 1396//1351 1387//1360 1397//2656
f 1396//1351 1378//1350 1387//1360
f 1400//1368 1398//1371 1399//1369
f 1398//1371 1400//1368 1401//1394
f 1400//1368 1427//1395 1401//1394
f 1403//1370 1395//1366 1394//1365 1404//2655
f 1398//1371 1401//1394 1361//1398
f 1395//1366 1403//1370 1365//1341
f 1403//1370 1402//1367 1399//1369
f 1404//2655 3008//1372 1403//1370
f 1423//1390 1424//1388 1411//1379 1410//1378
f 3008//1372 1405//3296 1402//1367
f 1406//1376 1407//1373 1413//1375
f 1369//1345 1409//1377 1406//1376
f 1369//1345 1408//1344 1409//1377
f 1410//1378 1362//1342 1422//1380
f 1407//1373 1409//1377 1411//1379
f 1369//1345 1390//1381 1376//1348
f 1414//1364 1413//1375 1416//1383
f 1419//1385 1359//1386 1420//1387
f 1421//1335 1419//1385 1420//1387
f 1356//1337 1419//1385 1421//1335
f 1420//1387 1426//1392 1423//1390 1422//1380
f 1438//1405 1432//1403 1431//1402 1435//1407
f 1425//1391 1424//1388 1426//1392
f 1424//1388 1423//1390 1426//1392
f 1273//1247 1361//1398 1271//1249
f 1297//3294 1296//1268 1429//1400
f 1298//1399 1297//3294 1429//1400
f 1429//1400 1296//1268 1430//1397
f 1430//1397 1427//1395 1431//1402
f 1439//1413 1434//1404 1432//1403 1441//1411
f 1434//1404 1429//1400 1431//1402
f 1400//1368 1436//1408 1435//1407
f 1435//1407 1437//1409 1438//1405
f 1434//1404 1439//1413 1440//1410
f 1439//1413 1445//1412 1440//1410
f 1443//1442 1444//1418 1442//1414 1473//1443
f 1442//1414 1451//1415 1473//1443
f 1458//1429 1456//1428 1457//1426 1455//1425
f 1445//1412 1442//1414 1444//1418
f 1433//1406 1448//1419 1450//1420
f 1451//1415 3001//1422 1452//1444
f 1446//1416 1454//1290 1440//1410
f 1446//1416 1317//1423 1316//1287
f 1454//1290 1315//1289 1428//1401
f 1315//1289 1298//1399 1428//1401
f 1359//1386 1457//1426 1456//1428
f 3301//3220 1466//1434 1444//1418 1443//1442
f 1462//1432 1458//1429 1460//1431
f 1458//1429 1462//1432 1456//1428
f 1478//1448 1461//1939 1990//1937
f 1478//1448 1990//1937 1462//1432
f 1463//1393 1464//1433 1425//1391
f 1456//1428 1463//1393 1426//1392
f 3234//1435 1466//1434 1465//1437
f 1494//1468 1481//1452 1489//1464 1484//1455
f 1472//1439 1471//1438 1473//1443
f 1452//1444 1473//1443 1451//1415
f 1474//1450 1475//1445 1477//1447
f 1476//1446 1461//1939 1478//1448
f 1478//1448 1462//1432 1460//1431
f 1470//1441 1477//1447 1479//1449
f 1482//1456 1484//1455 1489//1464
f 1537//3297 1529//1500 1538//3298 1539//1490
f 1509//1460 1487//1461 1486//1458
f 1486//1458 1487//1461 1493//1462
f 1552//1523 1480//1451 1488//1463
f 1551//1521 1489//1464 1480//1451
f 1490//3299 1482//1456 1489//1464
f 1485//1459 1486//1458 1492//1465
f 1492//1465 1486//1458 1493//1462
f 1493//1462 1482//1456 1490//3299
f 1483//1454 1495//1469 1484//1455
f 1509//1460 1497//1472 1487//1461
f 1497//1472 1506//1480 1495//1469
f 1497//1472 1495//1469 1487//1461
f 1498//1453 1481//1452 1500//1473
f 1499//1474 1500//1473 1501//1476
f 1494//1468 1503//1493 1500//1473
f 1494//1468 1505//1477 1502//1494
f 1500//1473 1503//1493 1523//1475
f 1503//1493 1494//1468 1502//1494
f 1496//1470 1505//1477 1504//1467
f 1495//1469 1506//1480 1496//1470
f 1506//1480 1497//1472 1507//1471
f 1541//1457 1508//1478 1509//1460
f 1509//1460 1514//1479 1507//1471
f 1507//1471 1514//1479 1511//1482
f 1506//1480 1510//1483 1519//1481
f 1510//1483 1512//1484 1513//1485
f 1508//1478 1543//1486 1514//1479
f 1515//1487 1516//3300 1517//1511
f 1515//1487 1517//1511 1518//1488
f 1515//1487 1512//1484 1511//1482
f 1505//1477 1496//1470 1520//1489
f 1519//1481 1513//1485 1520//1489
f 1505//1477 1520//1489 1524//1495
f 1521//1492 1522//1491 1538//3298
f 1523//1475 1502//1494 1522//1491
f 1538//3298 1522//1491 1524//1495
f 1488//1463 1498//1453 1499//1474
f 1525//1496 1499//1474 1501//1476
f 1526//1498 1523//1475 1521//1492
f 1566//1537 1528//1499 1527//1506
f 1528//1499 1501//1476 1526//1498
f 1528//1499 1521//1492 1527//1506
f 1528//1499 1526//1498 1521//1492
f 1531//1502 1529//1500 1532//1509
f 1527//1506 1521//1492 1530//1501
f 1533//1504 1530//1501 1531//1502
f 1533//1504 1531//1502 1534//1505
f 1529//1500 1537//3297 1536//1508
f 1537//3297 1539//1490 1536//1508
f 1521//1492 1538//3298 1529//1500
f 1543//1486 1542//1512 1546//1514 1545//1515
f 1538//3298 1524//1495 1539//1490
f 1524//1495 1520//1489 1539//1490
f 1536//1508 1539//1490 1540//1510
f 1517//1511 1540//1510 1518//1488
f 1540//1510 1513//1485 1512//1484
f 1540//1510 1512//1484 1518//1488
f 1485//1459 1544//1513 1542//1512
f 1485//1459 1542//1512 1508//1478
f 1490//3299 1555//1553 1554//1525 1493//1462
f 1543//1486 1545//1515 1516//3300
f 1543//1486 1516//3300 1515//1487
f 1508//1478 1542//1512 1543//1486
f 1544//1513 1485//1459 1577//1547
f 1577//1547 1485//1459 1491//1466
f 1545//1515 1546//1514 1575//1516
f 1545//1515 1550//1517 1547//1520
f 1549//1543 1548//1519 1547//1520
f 1534//1505 1531//1502 1548//1519
f 1548//1519 1532//1509 1517//1511
f 1545//1515 1547//1520 1516//3300
f 1547//1520 1517//1511 1516//3300
f 1534//1505 1548//1519 1549//1543
f 1550//1517 1549//1543 1547//1520
f 1582//1522 1490//3299 1489//1464
f 1553//1524 1491//1466 1492//1465
f 1553//1524 1492//1465 1493//1462
f 1591//1551 1491//1466 1553//1524 1584//3301
f 1555//1553 1490//3299 1582//1522
f 1557//1527 1564//1526 1558//1497
f 1556//1536 1564//1526 1557//1527
f 1557//1527 1558//1497 1559//1528
f 1624//1535 1585//1556 1488//1463
f 1563//1533 1624//1535 1525//1496
f 1561//1530 1556//1536 1562//1531
f 1528//1499 1565//1538 1559//1528
f 1527//1506 1567//1539 1566//1537
f 1566//1537 1567//1539 1565//1538
f 1565//1538 1676//1540 1560//1529
f 1568//1640 1567//1539 1569//1541
f 1567//1539 1527//1506 1535//1507
f 1569//1541 1535//1507 1570//1503
f 1571//1542 1570//1503 1572//1545
f 1570//1503 1534//1505 1572//1545
f 1534//1505 1549//1543 1572//1545
f 1549//1543 1550//1517 1573//1544
f 1573//1544 1550//1517 1574//1546
f 1575//1516 1576//1518 1636//1550
f 1546//1514 1544//1513 1576//1518
f 1576//1518 1544//1513 1580//1548
f 1579//1562 1580//1548 1578//1549
f 1578//1549 1577//1547 1491//1466
f 1600//1552 1581//1571 1555//1553
f 1581//1571 1583//3302 1584//3301
f 1584//3301 1554//1525 1581//1571
f 1584//3301 1553//1524 1554//1525
f 1554//1525 1555//1553 1581//1571
f 1588//3303 1585//1556 1586//1576
f 1585//1556 1588//3303 1587//1557
f 1587//1557 1588//3303 1590//1555
f 1588//3303 1589//1554 1590//1555
f 1589//1554 1600//1552 1582//1522
f 1587//1557 1590//1555 1552//1523
f 1591//1551 1584//3301 1583//3302 1599//1570
f 1594//1563 1614//1572 1612//1566 1595//1568
f 1599//1570 1601//1559 1591//1551
f 1592//1558 1593//1561 1579//1562
f 1614//1572 1723//1682 1724//1580 1612//1566
f 1594//1563 1595//1568 1596//1564
f 1612//1566 1613//1569 1598//1567
f 1596//1564 1598//1567 1581//1571
f 1598//1567 1599//1570 1583//3302
f 1581//1571 1598//1567 1583//3302
f 1597//1565 1596//1564 1600//1552
f 1602//1560 1592//1558 1601//1559
f 1593//1561 1602//1560 1603//1584
f 1614//1572 1594//1563 1604//1573
f 1604//1573 1594//1563 1597//1565
f 1604//1573 1597//1565 1605//1575
f 1600//1552 1589//1554 1597//1565
f 1605//1575 1589//1554 1588//3303
f 1605//1575 1588//3303 1586//1576
f 1607//1574 1604//1573 1606//1577
f 1611//1585 1612//1566 1609//1579
f 1611//1585 1613//1569 1612//1566
f 1617//1581 1607//1574 1608//1578 1615//1592
f 1602//1560 1613//1569 1740//1586 1619//1583
f 1615//1592 1616//1591 1617//1581
f 1614//1572 1618//1582 1723//1682
f 1740//1586 1611//1585 1610//1694
f 1619//1583 1620//3304 1603//1584
f 1620//3304 1621//1711 1603//1584
f 1629//1588 1628//1593 1615//1592 1608//1578
f 1624//1535 1563//1533 1623//1534
f 1622//1587 1561//1530 1698//1532
f 1586//1576 1629//1588 1606//1577
f 1622//1587 1626//1589 1625//1590
f 1625//1590 1627//1594 1628//1593 1629//1588
f 1641//1606 1643//1608 1640//1631 1639//1603
f 1630//1605 1633//1597 1631//1604
f 1631//1604 1633//1597 1574//1546
f 1632//1596 1631//1604 1574//1546
f 1632//1596 1574//1546 1575//1516
f 1633//1597 1634//1598 1572//1545
f 1572//1545 1634//1598 1571//1542
f 1636//1550 1638//1602 1637//1601
f 1636//1550 1580//1548 1638//1602
f 1639//1603 1640//1631 1665//1633
f 1637//1601 1639//1603 1665//1633
f 1644//1610 1593//1561 1603//1584 1645//1611
f 1639//1603 1638//1602 1641//1606
f 1579//1562 1638//1602 1580//1548
f 1643//1608 1641//1606 1644//1610
f 1641//1606 1579//1562 1644//1610
f 1645//1611 1603//1584 1621//1711 1646//1615
f 1645//1611 1649//1612 1642//1609
f 1649//1612 1648//1626 1650//1613
f 1837//1614 1648//1626 1649//1612
f 1697//1669 1691//1646 1680//1648 1693//1662
f 1650//1613 1652//1617 1651//1616
f 1651//1616 1652//1617 1658//1619
f 1653//1618 1652//1617 1655//1621
f 1652//1617 1650//1613 1656//1623
f 1650//1613 1648//1626 1656//1623
f 1660//1628 1661//1630 1651//1616
f 1661//1630 1643//1608 1662//1607
f 1640//1631 1661//1630 1666//1632
f 1643//1608 1661//1630 1640//1631
f 1660//1628 1659//1629 1695//1634
f 1661//1630 1660//1628 1666//1632
f 1630//1605 1637//1601 1663//1635
f 1637//1601 1665//1633 1663//1635
f 1663//1635 1665//1633 1666//1632
f 1666//1632 1695//1634 1668//3305
f 1667//1637 1666//1632 1668//3305
f 1664//1636 1663//1635 1667//1637
f 1669//1638 1670//1641 1671//1599
f 1664//1636 1671//1599 1633//1597
f 1670//1641 1635//1600 1671//1599
f 1672//1639 1568//1640 1571//1542
f 1673//1645 1672//1639 1674//1642
f 1674//1642 1670//1641 1690//1660
f 1669//1638 1690//1660 1670//1641
f 1675//1643 1672//1639 1673//1645
f 1560//1529 1677//1644 1678//1654
f 1680//1648 1681//1647 1679//1649
f 1691//1646 1682//1652 1681//1647
f 1682//1652 1556//1536 1557//1527
f 1678//1654 1682//1652 1560//1529
f 1684//1650 1682//1652 1678//1654
f 1689//1651 1684//1650 1673//1645
f 1695//1634 1686//1656 1668//3305
f 1668//3305 1686//1656 1667//1637
f 1687//1658 1679//1649 1689//1651
f 1688//1659 1687//1658 1689//1651
f 1690//1660 1689//1651 1674//1642
f 1686//1656 1669//1638 1667//1637
f 1679//1649 1692//1661 1680//1648
f 1691//1646 1697//1669 1707//1665 1683//1653
f 1659//1629 1701//1663 1694//1655
f 1694//1655 1696//1664 1685//1657
f 1687//1658 1696//1664 1692//1661
f 1685//1657 1696//1664 1687//1658
f 1692//1661 1679//1649 1687//1658
f 1699//1666 1700//1676 1709//1675 1706//1672
f 1699//1666 1705//1670 1693//1662
f 1693//1662 1705//1670 1697//1669
f 1699//1666 1701//1663 1700//1676
f 1700//1676 1701//1663 1702//1667
f 1701//1663 1659//1629 1702//1667
f 1703//1668 1657//1627 1658//1619
f 1700//1676 1702//1667 1703//1668
f 1704//1671 1705//1670 1706//1672
f 1713//1595 1698//1532 1707//1665
f 1708//1674 1710//1620 1654//1622 1714//1680
f 1703//1668 1658//1619 1653//1618
f 1697//1669 1704//1671 1712//1673
f 1711//1677 1704//1671 1706//1672
f 1654//1622 1862//1826 1714//1680
f 1720//1688 1718//1686 1734//1699 1735//1720
f 1711//1677 1706//1672 1715//1679
f 1618//1582 1617//1581 1716//1681
f 1716//1681 1617//1581 1719//1683
f 1716//1681 1719//1683 1723//1682
f 1722//1687 1718//1686 1720//1688
f 1721//1684 1719//1683 1722//1687
f 1723//1682 1721//1684 1725//1691
f 1724//1580 1723//1682 1725//1691
f 1721//1684 1722//1687 1726//1690
f 1725//1691 1726//1690 1727//1692
f 1609//1579 1725//1691 1728//1693
f 1611//1585 1609//1579 1610//1694
f 1730//1698 1733//1697 1734//1699
f 1732//1696 1757//1721 1733//1697
f 1734//1699 1733//1697 1735//1720
f 1738//1704 1833//1797 1739//1702 1737//1703
f 1731//1700 1734//1699 1718//1686
f 1616//1591 1731//1700 1717//1685
f 1739//1702 1730//1698 1736//1701
f 1742//1706 1610//1694 1728//1693 1727//1692
f 1746//1710 1741//3306 1740//1586 1610//1694
f 1610//1694 1742//1706 1746//1710
f 1741//3306 1747//1712 1620//3304 1619//1583
f 1746//1710 1742//1706 1744//1707
f 1744//1707 1750//1708 1745//1709
f 1741//3306 1746//1710 1767//1735
f 1621//1711 1620//3304 1747//1712
f 1619//1583 1740//1586 1741//3306
f 1813//3307 1798//3308 1791//1760 1799//1761
f 1646//1615 1621//1711 1748//1713
f 1727//1692 1726//1690 1743//1705
f 1726//1690 1749//1689 1743//1705
f 1751//1714 1755//1719 1756//1715
f 1750//1708 1751//1714 1752//1716
f 1745//1709 1752//1716 1754//1718
f 1749//1689 1720//1688 1755//1719
f 1755//1719 1735//1720 1756//1715
f 1758//1726 1754//1718 1761//1723
f 1754//1718 1753//1717 1759//1732
f 1754//1718 1759//1732 1760//1722
f 1761//1723 1760//1722 1762//1731
f 1761//1723 1762//1731 1779//1724
f 1760//1722 1764//1729 1762//1731
f 1759//1732 1766//1733 1764//1729
f 1753//1717 1757//1721 1766//1733
f 1766//1733 1805//1734 1765//1730
f 1757//1721 1732//1696 1805//1734
f 1767//1735 1768//1738 1770//1728
f 1767//1735 1746//1710 1768//1738
f 1746//1710 1745//1709 1758//1726
f 1772//1741 1776//1740 1773//1745
f 1773//1745 1776//1740 1777//3309
f 1774//1742 1775//1743 1776//1740
f 1773//1745 1777//3309 1778//1725
f 1779//1724 1773//1745 1778//1725
f 1780//1737 1769//1736 1781//1751
f 1770//1728 1778//1725 1777//3309
f 1770//1728 1777//3309 1769//1736
f 1769//1736 1777//3309 1776//1740
f 1781//1751 1769//1736 1775//1743
f 1782//1786 1780//1737 1781//1751
f 1783//1762 1784//3310 1785//1744
f 1785//1744 1773//1745 1779//1724
f 1787//1747 1786//1746 1765//1730
f 1797//1750 1790//1749 1771//1739
f 1790//1749 1789//1753 1774//1742
f 1774//1742 1789//1753 1775//1743
f 1771//1739 1785//1744 1784//3310
f 1771//1739 1784//3310 1797//1750
f 1784//3310 1783//1762 1791//1760
f 1782//1786 1781//1751 1792//1752
f 1792//1752 1775//1743 1789//1753
f 1788//1748 1794//1757 1790//1749
f 1795//1756 1820//1782 1794//1757
f 1820//1782 1819//1758 1794//1757
f 1794//1757 1793//1754 1789//1753
f 1784//3310 1791//1760 1797//1750
f 1791//1760 1798//3308 1796//1759
f 1793//1754 1819//1758 1822//1779 1792//1752
f 1799//1761 1791//1760 1783//1762
f 1800//1763 1813//3307 1799//1761
f 1802//1764 1785//1744 1787//1747
f 1801//1766 1802//1764 1803//1765
f 1801//1766 1803//1765 1804//1767
f 1805//1734 1787//1747 1765//1730
f 1804//1767 1805//1734 1729//1695
f 1806//1755 1796//1759 1809//1769
f 1796//1759 1798//3308 1807//1768
f 1807//1768 1798//3308 1908//1770
f 1809//1769 1807//1768 1808//1771
f 1795//1756 1806//1755 1810//1772
f 1813//3307 1800//1763 1812//1775
f 1830//1777 1816//1776 1812//1775
f 1812//1775 1817//1774 1813//3307
f 1913//1870 1908//1770 1813//3307
f 1817//1774 1913//1870 1813//3307
f 1813//3307 1908//1770 1798//3308
f 1804//1767 1739//1702 1832//1795 1801//1766
f 1820//1782 1795//1756 1821//1781
f 1821//1781 1795//1756 1811//1773
f 1822//1779 1823//1783 1782//1786
f 1792//1752 1822//1779 1782//1786
f 1826//1784 1825//1788 1829//1793
f 1823//1783 1903//1789 1905//1790
f 1823//1783 1906//1791 1827//1787
f 1826//1784 1747//1712 1824//1785
f 1824//1785 1780//1737 1782//1786
f 1748//1713 1747//1712 1829//1793
f 1741//3306 1767//1735 1828//1792
f 1747//1712 1741//3306 1828//1792
f 1828//1792 1767//1735 1780//1737
f 1829//1793 1747//1712 1826//1784
f 1801//1766 1832//1795 1812//1775
f 1830//1777 1831//1796 1814//1837
f 1882//1890 1878//1831 1876//1835 1880//1839
f 1739//1702 1736//1701 1737//1703
f 1831//1796 1739//1702 1833//1797
f 1748//1713 1834//1799 1837//1614
f 1835//1800 1866//1801 1647//1624
f 1835//1800 1647//1624 1648//1626
f 1837//1614 1835//1800 1648//1626
f 1836//1804 1866//1801 1838//1802
f 1838//1802 1834//1799 1839//1794
f 1834//1799 1748//1713 1839//1794
f 1836//1804 1838//1802 1841//1803
f 1840//1807 1845//1810 1842//1808
f 1843//1806 1844//1809 1840//1807
f 1942//1811 1827//1787 1906//1791
f 1847//1897 1845//1810 1939//1813
f 1845//1810 1844//1809 1846//1812
f 1845//1810 1847//1897 1850//1814
f 1851//1820 1849//1816 1847//1897
f 1849//1816 1850//1814 1847//1897
f 1856//1805 1850//1814 1854//1818
f 1855//1822 1857//1823 1860//1821
f 1895//1825 1859//1828 1858//1824
f 1859//1828 1836//1804 1858//1824
f 1860//1821 1836//1804 1856//1805
f 1654//1622 1655//1621 1861//1625
f 1862//1826 1861//1625 1863//3153
f 1863//3153 1861//1625 1864//1827
f 1863//3153 1864//1827 1865//3154
f 1861//1625 1647//1624 1864//1827
f 1859//1828 1866//1801 1836//1804
f 1865//3154 1864//1827 1859//1828
f 1865//3154 1859//1828 1895//1825
f 1711//1677 1867//3149 1868//1829
f 1711//1677 1868//1829 1869//1678
f 1867//3149 1870//1832 1868//1829
f 1868//1829 1870//1832 1871//1830
f 1869//1678 1871//1830 1833//1797
f 1712//1673 1869//1678 1738//1704
f 1713//1595 1738//1704 1627//1594
f 1878//1831 1871//1830 1874//1833
f 1874//1833 1870//1832 1873//1851
f 1875//1834 1874//1833 1873//1851
f 1874//1833 1876//1835 1878//1831
f 1872//1798 1877//1836 1814//1837
f 1875//1834 1879//1838 1876//1835
f 1816//1776 1927//1872 1913//1870 1817//1774
f 1878//1831 1882//1890 1877//1836
f 1814//1837 1815//1778 1830//1777
f 1932//1881 1815//1778 1881//1840
f 1881//1840 1814//1837 1877//1836
f 1881//1840 1877//1836 1882//1890
f 1885//1845 1891//1843 1848//1815
f 1853//1819 1885//1845 1852//1817
f 1937//1847 1886//1844 1884//1846
f 1884//1846 1886//1844 1885//1845
f 1937//1847 1883//1842 1886//1844
f 1883//1842 1889//1848 1891//1843
f 1891//1843 1889//1848 1890//1854
f 1891//1843 1890//1854 1855//1822
f 1894//1853 1857//1823 1893//1850
f 1857//1823 1855//1822 1890//1854
f 1893//1850 1889//1848 1873//1851
f 1896//1855 1818//1780 1821//1781
f 1900//1857 1822//1779 1818//1780
f 1897//1856 1821//1781 1811//1773
f 1898//1859 1899//1858 1810//1772
f 1808//1771 1810//1772 1809//1769
f 1900//1857 1901//1860 1902//1878
f 1900//1857 1902//1878 1903//1789
f 1905//1790 1904//1861 1930//1863
f 1907//1864 1897//1856 1899//1858
f 1916//1866 1896//1855 1897//1856
f 1916//1866 1897//1856 1907//1864
f 1914//1865 1899//1858 1898//1859
f 1908//1770 1913//1870 1909//1869
f 1898//1859 1910//1868 1917//1867
f 1912//1871 1913//1870 1927//1872
f 1947//1903 1943//1899 1942//1811 1944//1900
f 1927//1872 1816//1776 1815//1778
f 2119//1874 2120//2070 1907//1864
f 1915//2071 1922//2079 1916//1866
f 1907//1864 1915//2071 1916//1866
f 1921//1887 1923//1877 1924//1879
f 1920//1885 1921//1887 1924//1879
f 1920//1885 1924//1879 1922//2079
f 1923//1877 1903//1789 1902//1878
f 1924//1879 1902//1878 1901//1860
f 1922//2079 1924//1879 1916//1866
f 2121//2072 1909//1869 1925//1882
f 1925//1882 1909//1869 1912//1871
f 1926//1880 2151//1884 1927//1872
f 2151//1884 2155//1883 1912//1871
f 1923//1877 1921//1887 1929//1886
f 1930//1863 1931//1888 1944//1900
f 1904//1861 1923//1877 1930//1863
f 1879//1838 1961//1891 1880//1839
f 1880//1839 1961//1891 1933//1889
f 1881//1840 1933//1889 1932//1881
f 1936//1893 1937//1847 1934//1894
f 1934//1894 1884//1846 1853//1819
f 1934//1894 1853//1819 1935//1895
f 1938//1892 1887//1841 1937//1847
f 1961//1891 1879//1838 1887//1841
f 1951//1905 1940//1898 1939//1813
f 1935//1895 1853//1819 1851//1820
f 1941//1896 1851//1820 1847//1897
f 1940//1898 1847//1897 1939//1813
f 1906//1791 1930//1863 1942//1811
f 1951//1905 1939//1813 1943//1899
f 1957//1914 1955//1911 2168//3311 1956//3183
f 1944//1900 1931//1888 1945//3312
f 1944//1900 1945//3312 1946//1901
f 1950//1906 2116//1908 1952//1907
f 1953//1909 1954//1910 1941//1896
f 1949//1904 1952//1907 1951//1905
f 1952//1907 1953//1909 1951//1905
f 1954//1910 2168//3311 1955//1911
f 1935//1895 1941//1896 1955//1911 1934//1894
f 1956//3183 1958//1912 1957//1914
f 1957//1914 1938//1892 1936//1893
f 1957//1914 1959//1913 1938//1892
f 1957//1914 1934//1894 1955//1911
f 1957//1914 1936//1893 1934//1894
f 1991//1942 990//973 969//974 1992//1940
f 1959//1913 1960//1915 1961//1891
f 1962//1916 1926//1880 1932//1881
f 1961//1891 1960//1915 1933//1889
f 1964//1918 1969//1927 1965//1917
f 1964//1918 974//956 1963//959
f 1964//1918 975//953 974//956
f 976//957 1966//1923 977//958
f 977//958 1966//1923 1963//959
f 976//957 1967//1919 1966//1923
f 1967//1919 1970//1921 1966//1923
f 1966//1923 1971//1922 1963//959
f 1969//1927 1964//1918 1973//1924
f 1970//1921 1974//1985 1971//1922
f 1974//1985 1975//3313 1972//1925
f 1971//1922 1974//1985 1972//1925
f 1412//1389 1978//1929 1977//3314
f 1976//1928 1977//3314 981//961
f 1978//1929 981//961 1977//3314
f 1965//1917 1976//1928 983//963
f 1969//1927 2033//1374 1407//1373
f 1976//1928 1412//1389 1977//3314
f 998//979 1979//967 985//966
f 1979//967 1980//1930 1982//1931
f 1979//967 1982//1931 984//964
f 1980//1930 1981//1932 1982//1931
f 1981//1932 1983//1984 1984//1933
f 1967//1919 1984//1933 1970//1921
f 1978//1929 1985//1934 979//962
f 986//971 979//962 1985//1934
f 1978//1929 1412//1389 1424//1388
f 1985//1934 1424//1388 1425//1391
f 986//971 1986//1935 1989//970
f 1987//1938 1990//1937 1461//1939
f 1989//970 1986//1935 1464//1433
f 1986//1935 1425//1391 1464//1433
f 1988//1936 1464//1433 1990//1937
f 1464//1433 1462//1432 1990//1937
f 988//851 1461//1939 1992//1940
f 2016//1967 1993//1943 1992//1940 2025//1941
f 1994//3315 1997//1946 1993//1943 2016//1967
f 1991//1942 1992//1940 1993//1943
f 1995//1944 989//972 990//973 1991//1942
f 524//512 505//1976 2029//1982 2007//1959
f 993//975 1995//1944 1996//1945
f 1995//1944 1993//1943 1997//1946
f 1997//1946 1994//3315 1998//1947
f 1996//1945 1997//1946 1998//1947
f 991//1951 1998//1947 2000//1949
f 2000//1949 2001//1952 994//976
f 2002//1953 2003//1954 996//977
f 994//976 2001//1952 995//902
f 2003//1954 2005//1956 2004//1955
f 2004//1955 2005//1956 1002//978
f 2005//1956 1980//1930 998//979
f 996//977 2004//1955 997//1958
f 530//518 2012//1964 2019//1963 531//519
f 2007//1959 2010//1961 2008//513
f 2009//1960 2006//1957 2007//1959
f 2006//1957 2005//1956 2010//1961
f 2010//1961 2003//1954 2011//1962
f 2005//1956 2003//1954 2010//1961
f 1999//1950 2012//1964 2002//1953
f 1994//3315 2015//1966 3304//3222 2014//3316
f 2013//1965 2011//1962 2003//1954
f 2098//2046 2099//2101 2097//2045 2082//2034
f 2014//3316 2023//1948 1998//1947
f 2014//3316 1998//1947 1994//3315
f 2015//1966 1994//3315 2016//1967
f 531//519 2019//1963 2018//1972
f 2018//1972 2019//1963 2020//1969
f 2019//1963 2023//1948 2020//1969
f 1999//1950 2023//1948 2019//1963
f 2020//1969 2023//1948 2021//1970
f 2023//1948 2014//3316 2021//1970
f 2014//3316 3304//3222 2021//1970
f 2024//1973 2021//1970 3304//3222
f 2025//1941 1476//1446 2027//1975
f 1475//1445 2026//2889 2027//1975
f 1476//1446 1475//1445 2027//1975
f 2025//1941 2027//1975 2016//1967
f 505//1976 2028//1979 2031//1977
f 2029//1982 505//1976 2032//1978
f 2031//1977 2028//1979 2030//1981
f 2032//1978 2031//1977 1983//1984
f 2031//1977 2030//1981 1983//1984
f 2032//1978 1983//1984 1981//1932
f 2007//1959 2029//1982 2009//1960
f 2009//1960 2032//1978 1981//1932
f 2033//1374 1969//1927 1973//1924
f 1975//3313 1974//1985 2035//1983
f 1975//3313 2041//1991 1972//1925
f 2035//1983 2034//1992 2041//1991
f 2035//1983 2041//1991 1975//3313
f 1973//1924 2039//1986 2037//1926
f 1968//1920 2040//1987 2039//1986
f 1415//1382 2033//1374 2037//1926
f 2036//1990 2043//1989 2040//1987
f 2038//1988 2037//1926 2039//1986
f 1417//1384 1415//1382 2038//1988
f 2694//1994 2038//1988 2043//1989
f 2036//1990 2034//1992 2044//1995
f 2043//1989 2036//1990 2045//1996
f 2035//1983 1983//1984 2046//1997
f 2034//1992 2046//1997 2047//1998
f 2044//1995 2034//1992 2704//1999
f 2047//1998 2046//1997 2050//2000
f 2046//1997 1983//1984 2030//1981
f 2030//1981 2070//1980 2049//2002
f 2070//1980 2101//2048 2049//2002
f 2050//2000 2049//2002 2101//2048
f 2051//2003 2050//2000 2101//2048
f 492//480 2053//2010 2059//2004
f 2055//2005 2070//1980 2028//1979
f 2055//2005 2028//1979 507//499
f 494//484 2055//2005 507//499
f 498//491 2057//2006 2060//2007
f 500//492 516//502 2057//2006
f 2053//2010 492//480 2052//489
f 2055//2005 2059//2004 2071//2012
f 2059//2004 2053//2010 2069//2013
f 2062//2015 2061//2014 2057//2006
f 2062//2015 2057//2006 2063//2009
f 2061//2014 2066//2019 2064//2017
f 2060//2007 2064//2017 2058//2011
f 2065//2022 2058//2011 2064//2017
f 2069//2013 2053//2010 2068//2018
f 2067//2020 2062//2015 2056//2016
f 2074//2023 2069//2013 2068//2018
f 2080//2021 2077//2028 2075//2025
f 2077//2028 2073//2026 2075//2025
f 2073//2026 2074//2023 2075//2025
f 2075//2025 2074//2023 2065//2022
f 2066//2019 2075//2025 2064//2017
f 2074//2023 2079//2027 2076//2049
f 2074//2023 2076//2049 2072//2024
f 2073//2026 2077//2028 2078//2030
f 2708//2031 2076//2049 2079//2027
f 2078//2030 2079//2027 2073//2026
f 2080//2021 2067//2020 2083//2035
f 2080//2021 2083//2035 2084//2032
f 2067//2020 2081//2033 2083//2035
f 2084//2032 2083//2035 2711//2661
f 2056//2016 2063//2009 2087//2036
f 2063//2009 2089//2008 2087//2036
f 2086//2037 2087//2036 2088//2042
f 2090//2038 2092//2040 2091//2039
f 2092//2040 1920//1885 2093//2041
f 2091//2039 2093//2041 2095//2043
f 2082//2034 2081//2033 2086//2037
f 2086//2037 2088//2042 2094//2044
f 2142//2047 2095//2043 2096//2092
f 2098//2046 2094//2044 2142//2047
f 2103//2051 2102//2050 2092//2040 2090//2038
f 2051//2003 2101//2048 2100//2657
f 2101//2048 2070//1980 2072//2024
f 2100//2657 2101//2048 2076//2049
f 546//533 2107//2056 2114//2063 547//534
f 2089//2008 2103//2051 2090//2038
f 516//502 560//547 2103//2051
f 2104//2052 560//547 559//546
f 1931//1888 2103//2051 2104//2052
f 1929//1886 2102//2050 1931//1888
f 540//532 539//524 2105//2053
f 539//524 538//3277 2022//1971
f 538//3277 2018//1972 2022//1971
f 2106//2054 2105//2053 3305//3317
f 2110//2057 2106//2054 2948//2887
f 2950//2882 2107//2056 2108//2058
f 2107//2056 2109//2055 2108//2058
f 1931//1888 2104//2052 2111//2059 1945//3312
f 2109//2055 540//532 2106//2054
f 559//546 2111//2059 2104//2052
f 556//542 1946//1901 2111//2059
f 555//541 547//534 2112//2066
f 555//541 2112//2066 2113//2060
f 556//542 555//541 2113//2060
f 2113//2060 1950//1906 1948//1902
f 2165//2118 2159//2108 2154//2106 2153//2105
f 2111//2059 1946//1901 1945//3312
f 2950//2882 2114//2063 2107//2056
f 2950//2882 2941//2061 2114//2063
f 2115//2062 2169//2064 2116//1908
f 2114//2063 2115//2062 2117//2065
f 2115//2062 2116//1908 1950//1906
f 2117//2065 2115//2062 1950//1906
f 2117//2065 2113//2060 2112//2066
f 2114//2063 2112//2066 547//534
f 1919//1876 2125//2068 2119//1874
f 1919//1876 2119//1874 1914//1865
f 2120//2070 2128//2081 1915//2071
f 2121//2072 2127//2075 2123//2073
f 2127//2075 2126//2074 2123//2073
f 2123//2073 2126//2074 2118//2067
f 2128//2081 2120//2070 2129//2078
f 1920//1885 2130//2083 2093//2041
f 1920//1885 1922//2079 2130//2083
f 2130//2083 1922//2079 2131//2080
f 2131//2080 1915//2071 2128//2081
f 2130//2083 2131//2080 2132//2082
f 2095//2043 2132//2082 2096//2092
f 2124//2069 2135//2085 2129//2078
f 2129//2078 2140//2089 2133//2084
f 2128//2081 2129//2078 2133//2084
f 2125//2068 2134//2077 2135//2085
f 2135//2085 2136//2086 2139//2091
f 2137//2088 2138//2087 2145//2097
f 2136//2086 2134//2077 2138//2087
f 2138//2087 2134//2077 2126//2074
f 2141//2090 2140//2089 2139//2091
f 2140//2089 2129//2078 2135//2085
f 2133//2084 2142//2047 2096//2092
f 2137//2088 2147//2098 2144//2095
f 2137//2088 2144//2095 2143//2093
f 2147//2098 2715//2100 2144//2095
f 2148//2102 2150//2094 2149//2096
f 2099//2101 2098//2046 2150//2094
f 2150//2094 2098//2046 2142//2047
f 2153//2105 2151//1884 2167//2104
f 2121//2072 1925//1882 2154//2106
f 2153//2105 1925//1882 2155//1883
f 2151//1884 2153//2105 2155//1883
f 2156//2109 2157//2110 2158//2107
f 2158//2107 2157//2110 2161//2112
f 2161//2112 2160//2111 2146//2099
f 2161//2112 2146//2099 2145//2097
f 2145//2097 2122//2076 2161//2112
f 2755//3159 2162//2116 2163//2114
f 2164//2115 2163//2114 2162//2116
f 2165//2118 2167//2104 2164//2115
f 2167//2104 2166//2697 2163//2114
f 2159//2108 2165//2118 2754//2117
f 2158//2107 2154//2106 2159//2108
f 1960//1915 1959//1913 2172//2701 2171//2700
f 2167//2104 2152//2103 2166//2697
f 1954//1910 1953//1909 2169//2064
f 2168//3311 1954//1910 2170//2119
f 2171//2700 2748//2120 2173//2123
f 2175//2122 2152//2103 1926//1880
f 2173//2123 2175//2122 1962//1916
f 1962//1916 2175//2122 1926//1880
f 2171//2700 2173//2123 1960//1915
f 2242//2188 2235//2187 2222//2171 2225//2173
f 2176//2130 2177//2129 2178//2146
f 2176//2130 2178//2146 2203//2139
f 2192//2128 2199//2127 2176//2130
f 2179//2126 2181//2125 2192//2128
f 2180//2124 2182//3318 2181//2125
f 2182//3318 2183//2147 2181//2125
f 2257//2143 2184//2133 2185//2135
f 2184//2133 2187//2132 2185//2135
f 2186//2207 2200//2131 2184//2133
f 2187//2132 2188//2150 2197//2134
f 2197//2134 2188//2150 2182//3318
f 2197//2134 2182//3318 2180//2124
f 2189//2136 2191//2220 2176//2130
f 2191//2220 2192//2128 2176//2130
f 2193//2223 2179//2126 2192//2128
f 2193//2223 2180//2124 2179//2126
f 2194//2141 2195//2144 2196//2216
f 2195//2144 2197//2134 2196//2216
f 2181//2125 2265//2148 2199//2127
f 2183//2147 2182//3318 2188//2150
f 2188//2150 2187//2132 2201//2151
f 2187//2132 2200//2131 2251//2152
f 2202//2137 2204//2153 2207//2158
f 2207//2158 2204//2153 2212//2161
f 2209//2157 2202//2137 2207//2158
f 2210//2159 2207//2158 2212//2161
f 2213//2163 2205//2155 2206//2154
f 2223//2162 2205//2155 2214//2164
f 2216//2178 2215//2167 2231//2179
f 2217//2165 2212//2161 2211//2160
f 2231//2179 2215//2167 2211//2160
f 2214//2164 2213//2163 2218//2169
f 2213//2163 2206//2154 2208//2156
f 2219//2168 2208//2156 2264//2149
f 2220//2182 2221//2172 2222//2171
f 2238//2186 2220//2182 2222//2171
f 2221//2172 2211//2160 2223//2162
f 2222//2171 2223//2162 2225//2173
f 2223//2162 2224//2170 2225//2173
f 2226//2174 2224//2170 2227//2175
f 2224//2170 2214//2164 2227//2175
f 2227//2175 2218//2169 3239//2214
f 2230//2181 2220//2182 2232//2245
f 2238//2186 2222//2171 2235//2187
f 2241//2197 2242//2188 2225//2173 2226//2174
f 2234//2183 2235//2187 2236//2184
f 2235//2187 2242//2188 2236//2184
f 2232//2245 2238//2186 2237//2190
f 2232//2245 2220//2182 2238//2186
f 2238//2186 2234//2183 2237//2190
f 2237//2190 2234//2183 2239//2191
f 2239//2191 2234//2183 2233//2185
f 2245//2198 2244//2189 2242//2188 2241//2197
f 2226//2174 2228//2176 2241//2197
f 2228//2176 2267//2193 2243//2195
f 2180//2124 2270//2218 2269//2217 2197//2134
f 2241//2197 2228//2176 2243//2195
f 2245//2198 2243//2195 2250//2196
f 2233//2185 2236//2184 2247//2200
f 2236//2184 2244//2189 2248//2201
f 2246//2211 2254//2199 2248//2201
f 2249//3319 2246//2211 2248//2201
f 2244//2189 2245//2198 2250//2196
f 2244//2189 2250//2196 2248//2201
f 2250//2196 2266//2194 2252//2202
f 2250//2196 2252//2202 2248//2201
f 2240//2192 2253//2204 2288//2237
f 2254//2199 2246//2211 2255//2205
f 2253//2204 2254//2199 2256//2206
f 2257//2143 2258//2140 2249//3319
f 2258//2140 2246//2211 2249//3319
f 2257//2143 2249//3319 2248//2201
f 2257//2143 2248//2201 2259//2203
f 2186//2207 2257//2143 2259//2203
f 2195//2144 2194//2141 2257//2143
f 2280//2142 2279//2208 2258//2140
f 2279//2208 2261//2210 2260//2209
f 2261//2210 2256//2206 2255//2205
f 2260//2209 2255//2205 2246//2211
f 2200//2131 2259//2203 2251//2152
f 2267//2193 2183//2147 2262//2213
f 3239//2214 2264//2149 2265//2148
f 2267//2193 2265//2148 2183//2147
f 2208//2156 2198//2145 2264//2149
f 2266//2194 2267//2193 2262//2213
f 2228//2176 3238//2177 2267//2193
f 2268//2215 2194//2141 2196//2216
f 2193//2223 2272//2224 2271//2219 2270//2218
f 2270//2218 2180//2124 2193//2223
f 2256//2206 2261//2210 2278//2228 2285//2230
f 2193//2223 2192//2128 2273//2221
f 2275//2226 2278//2228 2261//2210
f 2217//2165 2215//2167 2296//2247 2301//2166
f 2276//2231 2275//2226 2261//2210
f 2337//2232 2281//2233 2276//2231
f 2276//2231 2282//2234 2275//2226
f 2275//2226 2283//2235 2284//2227
f 2285//2230 2288//2237 2256//2206
f 2277//2229 2286//2236 2285//2230
f 2288//2237 2289//2239 2240//2192
f 2289//2239 2290//2240 2237//2190
f 2287//2238 2290//2240 2289//2239
f 2361//2242 2291//2243 2292//2241
f 2292//2241 2291//2243 2229//2180
f 2292//2241 2229//2180 2230//2181
f 2237//2190 2292//2241 2232//2245
f 2294//2246 2295//2250 2296//2247
f 2388//2251 2297//2339 2298//2256 2300//2249
f 2293//2244 2294//2246 2216//2178
f 2298//2256 2299//2248 2301//2166
f 2323//2273 2327//2274 2331//2275 2480//2432
f 2300//2249 2298//2256 2301//2166
f 2300//2249 2296//2247 2295//2250
f 2302//2255 2303//2254 2299//2248
f 2305//2253 2316//2264 2190//2138
f 2303//2254 2305//2253 2209//2157
f 2304//2338 2302//2255 2298//2256
f 2319//2257 2307//2265 2308//2258
f 2307//2265 2317//2262 2272//2224
f 2308//2258 2307//2265 2272//2224
f 2191//2220 2308//2258 2273//2221
f 2196//2216 2310//2260 2268//2215
f 2271//2219 2317//2262 2309//2259
f 2268//2215 2311//2261 2338//2293
f 2314//3320 2315//2263 2316//2264
f 2315//2263 2319//2257 2306//2222
f 2316//2264 2306//2222 2190//2138
f 2314//3320 2316//2264 2305//2253
f 2313//2252 2314//3320 2305//2253
f 2312//2349 2313//2252 2302//2255
f 2302//2255 2313//2252 2303//2254
f 2307//2265 2319//2257 2318//2266
f 2318//2266 2320//2268 2321//2269
f 2324//2272 2326//2304 2320//2268
f 2324//2272 2325//2306 2326//2304
f 2326//2304 2321//2269 2320//2268
f 2324//2272 2320//2268 2327//2274
f 2327//2274 2320//2268 2319//2257
f 2331//2275 2315//2263 2314//3320
f 2314//3320 2328//2276 2331//2275
f 2314//3320 2313//2252 2328//2276
f 2313//2252 2312//2349 2329//2277
f 2328//2276 2313//2252 2329//2277
f 2330//2433 2328//2276 2478//2278
f 2328//2276 2330//2433 2331//2275
f 2339//2283 2337//2232 2280//2142 2338//2293
f 2331//2275 2330//2433 2480//2432
f 2334//2281 2333//2280 2335//2282
f 2348//2295 2334//2281 2336//2303
f 2335//2282 2310//2260 2309//2259
f 2322//2267 2335//2282 2317//2262
f 2336//2303 2334//2281 2322//2267
f 2336//2303 2322//2267 2357//2270
f 2268//2215 2338//2293 2280//2142
f 2391//2343 2390//2342 2386//2336 2389//2335
f 2337//2232 2352//2284 2281//2233
f 2352//2284 2341//2286 2340//2285
f 2281//2233 2340//2285 2282//2234
f 2282//2234 2340//2285 2283//2235
f 2343//2289 2344//2294 2345//2291
f 2346//2290 2343//2289 2345//2291
f 2338//2293 2311//2261 2343//2289
f 2311//2261 2333//2280 2343//2289
f 2344//2294 2348//2295 2349//3321
f 2332//2279 2334//2281 2348//2295
f 2349//3321 2348//2295 2350//2301
f 2345//2291 2349//3321 2347//2292
f 2345//2291 2344//2294 2349//3321
f 2349//3321 2350//2301 2351//2299
f 2349//3321 2351//2299 2347//2292
f 2341//2286 2486//2438 2353//2329
f 2341//2286 2353//2329 2375//2287
f 2359//2307 2407//2360 2354//2298
f 2359//2307 2354//2298 2358//2305
f 2358//2305 2354//2298 2355//2300
f 2355//2300 2350//2301 2356//2302
f 2355//2300 2351//2299 2350//2301
f 2356//2302 2348//2295 2336//2303
f 2355//2300 2356//2302 2357//2270
f 2355//2300 2357//2270 2358//2305
f 2358//2305 2326//2304 2325//2306
f 12//10 2362//2308 2360//2309
f 2287//2238 2286//2236 2360//2309
f 2360//2309 2286//2236 2363//2310
f 12//10 2360//2309 13//2315
f 2360//2309 2363//2310 13//2315
f 2290//2240 2362//2308 2361//2242
f 2362//2308 2290//2240 2287//2238
f 12//10 2361//2242 2362//2308
f 2277//2229 2278//2228 2274//2225
f 2277//2229 2274//2225 2364//2311
f 2363//2310 2364//2311 2365//2312
f 2368//2316 2371//2320 2370//2317
f 2371//2320 2366//2313 2365//2312
f 2372//2321 2364//2311 2274//2225
f 2284//2227 2372//2321 2274//2225
f 2370//2317 2372//2321 2373//2319
f 2372//2321 2284//2227 2283//2235
f 2340//2285 2375//2287 2283//2235
f 2375//2287 2376//2323 2374//2322
f 2374//2322 2376//2323 2379//2325
f 2376//2323 2378//2326 2377//2324
f 2373//2319 2379//2325 2369//2318
f 2379//2325 2377//2324 2368//2316
f 2380//2461 2382//2328 2383//3322
f 2380//2461 2381//2327 2382//2328
f 2376//2323 2375//2287 2353//2329
f 2383//3322 2382//2328 2489//2330
f 2384//2331 2291//2243 2385//2332
f 2291//2243 2361//2242 2385//2332
f 2385//2332 2361//2242 21//14
f 20//16 2385//2332 21//14
f 2295//2250 2294//2246 2387//2333
f 2386//2336 2295//2250 2387//2333
f 2387//2333 2293//2244 2384//2331
f 2387//2333 19//2334 2389//2335
f 2388//2251 2386//2336 2390//2342
f 2397//2351 2539//2354 2395//2348 2396//2347
f 2390//2342 2297//2339 2388//2251
f 2390//2342 2394//2341 2297//2339
f 2392//2344 2398//2350 2394//2341
f 2398//2350 2393//2340 2394//2341
f 2393//2340 2297//2339 2394//2341
f 2304//2338 2298//2256 2297//2339
f 2392//2344 2394//2341 2391//2343
f 2406//2359 2407//2360 2405//2358 2404//2357
f 2396//2347 2400//2346 2304//2338
f 2396//2347 2398//2350 2397//2351
f 2396//2347 2393//2340 2398//2350
f 2541//2491 2400//2346 2540//2352
f 2540//2352 2395//2348 2399//2355
f 2542//2353 2400//2346 2541//2491
f 2400//2346 2329//2277 2312//2349
f 2401//2361 2402//2356 2405//2358
f 2402//2356 2403//2380 2404//2357
f 2565//2417 2456//2411 2455//2397 2460//2514
f 2411//2362 2405//2358 2407//2360
f 2408//2363 2409//2364 2410//2366
f 2410//2366 2411//2362 2408//2363
f 2408//2363 2411//2362 2359//2307
f 2409//2364 2412//2381 2413//2365
f 2413//2365 2422//2367 2410//2366
f 2410//2366 2401//2361 2411//2362
f 2406//2359 2414//2368 2347//2292
f 2403//2380 2415//2369 2404//2357
f 2414//2368 2416//2377 2417//2370
f 2415//2369 2416//2377 2414//2368
f 2346//2290 2417//2370 2418//2296
f 2342//2288 2346//2290 2418//2296
f 2420//2371 2422//2367 2427//2372
f 2403//2380 2402//2356 2420//2371
f 2402//2356 2401//2361 2422//2367
f 2419//2373 2421//2379 2415//2369
f 2418//2296 2417//2370 2484//2376
f 2416//2377 2484//2376 2417//2370
f 2422//2367 2413//2365 2423//2375
f 2424//2382 2412//2381 2430//2385
f 2429//2401 2425//2383 2428//2374
f 2428//2374 2423//2375 2429//2401
f 2423//2375 2424//2382 2430//2385
f 2429//2401 2423//2375 2441//2386
f 2421//2379 2431//2389 2433//2378
f 2431//2389 2435//2388 2434//2390
f 2421//2379 2426//2384 2432//2387
f 2421//2379 2432//2387 2431//2389
f 2432//2387 2439//2391 2435//2388
f 2434//2390 2435//2388 2462//2392
f 2436//2410 2435//2388 2437//2393
f 2438//2400 2437//2393 2439//2391
f 2438//2400 2439//2391 2425//2383
f 2440//2394 2443//2396 2444//2395
f 2444//2395 2455//2397 2454//2398
f 2445//2399 2454//2398 2437//2393
f 2438//2400 2445//2399 2437//2393
f 2429//2401 2441//2386 2445//2399
f 2429//2401 2445//2399 2438//2400
f 2441//2386 2444//2395 2445//2399
f 2446//2405 2449//2402 2479//2406
f 2446//2405 2447//2403 2449//2402
f 2412//2381 2409//2364 2447//2403
f 2447//2403 2409//2364 2448//2271
f 2408//2363 2325//2306 2448//2271
f 2448//2271 2325//2306 2324//2272
f 2448//2271 2323//2273 2449//2402
f 2449//2402 2323//2273 2480//2432
f 2450//2404 2451//2408 2446//2405
f 2451//2408 2452//2407 2446//2405
f 2452//2407 2430//2385 2412//2381
f 2447//2403 2446//2405 2412//2381
f 2430//2385 2452//2407 2440//2394
f 2452//2407 2453//2409 2443//2396
f 2440//2394 2452//2407 2443//2396
f 2443//2396 2453//2409 2442//2412
f 2459//2416 2460//2514 2455//2397
f 2476//2431 2465//2422 2466//2421 2477//2428
f 2443//2396 2457//2413 2455//2397
f 2442//2412 2458//2414 2457//2413
f 2457//2413 2458//2414 2459//2416
f 2455//2397 2457//2413 2459//2416
f 2459//2416 2568//2415 2567//2512
f 2463//2419 2462//2392 2464//2420
f 29//27 2462//2392 30//28
f 2462//2392 2435//2388 2464//2420
f 2461//2418 2464//2420 2456//2411
f 2467//2424 2442//2412 2453//2409
f 2473//2427 2467//2424 2475//2426
f 2466//2421 2471//2423 2469//2589 2470//2429
f 2488//2439 2491//2436 2481//2435 2492//2441
f 2472//2517 2458//2414 2473//2427
f 2458//2414 2472//2517 2568//2415
f 2458//2414 2442//2412 2467//2424
f 2450//2404 2479//2406 2474//2430
f 2450//2404 2474//2430 2475//2426
f 2478//2278 2476//2431 2477//2428
f 2478//2278 2477//2428 2474//2430
f 2478//2278 2474//2430 2480//2432
f 28//26 26//21 2485//2437
f 28//26 2485//2437 2433//2378
f 29//27 2433//2378 2434//2390
f 2491//2436 2486//2438 2482//2434
f 2486//2438 2483//2297 2482//2434
f 26//21 2482//2434 2485//2437
f 2483//2297 2486//2438 2341//2286
f 2380//2461 2383//3322 2487//2440
f 2487//2440 2383//3322 2488//2439
f 2383//3322 2489//2330 2488//2439
f 2490//2458 2487//2440 2492//2441
f 2497//2446 2667//2452 2502//2451 2499//2449
f 2493//2443 2492//2441 2481//2435
f 2492//2441 2506//2444 2490//2458
f 2494//25 2495//2442 2481//2435
f 2493//2443 2495//2442 2496//2453
f 2499//2449 2498//2445 2497//2446
f 2500//2447 2505//2456 2501//2448
f 2499//2449 2501//2448 2498//2445
f 2497//2446 2506//2444 2493//2443
f 2496//2453 2497//2446 2493//2443
f 2554//2457 2512//2463 2513//2460 2507//2455
f 2504//2454 2506//2444 2498//2445
f 2507//2455 2501//2448 2505//2456
f 2509//2462 2508//2470 2516//2466 2511//2467
f 2515//2459 2504//2454 2507//2455
f 2504//2454 2515//2459 2490//2458
f 2515//2459 2380//2461 2490//2458
f 2508//2470 2509//2462 2510//2464
f 2513//2460 2509//2462 2511//2467 2515//2459
f 2509//2462 2513//2460 2512//2463
f 2514//2465 2378//2326 2381//2327
f 2511//2467 2381//2327 2380//2461
f 2543//2496 2547//2492 2553//2493 2556//2505
f 2378//2326 2514//2465 2518//2468
f 2514//2465 2516//2466 2517//2469
f 2377//2324 2518//2468 2522//2472
f 2508//2470 2520//2471 2517//2469
f 2508//2470 2519//2473 2520//2471
f 2518//2468 2517//2469 2522//2472
f 2528//2478 2525//2477 2523//2479
f 2524//2476 2526//2475 2525//2477
f 2525//2477 2520//2471 2521//2474
f 2525//2477 2526//2475 2520//2471
f 2366//2313 2524//2476 14//11
f 2524//2476 2528//2478 2527//2480
f 2527//2480 2529//2481 16//13
f 2528//2478 2523//2479 2529//2481
f 2530//2345 2389//2335 18//2337
f 2529//2481 2530//2345 18//2337
f 2529//2481 18//2337 16//13
f 2523//2479 2532//2483 2530//2345
f 2523//2479 2531//2482 2532//2483
f 2533//2484 2535//2485 2534//2486
f 2533//2484 2534//2486 2397//2351
f 2531//2482 2519//2473 2533//2484
f 2519//2473 2536//2487 2535//2485
f 2519//2473 2508//2470 2536//2487
f 2535//2485 2536//2487 2534//2486
f 2554//2457 2537//2489 2512//2463
f 2537//2489 2538//2488 2512//2463
f 2537//2489 2539//2354 2538//2488
f 2539//2354 2534//2486 2536//2487
f 2510//2464 2536//2487 2508//2470
f 2544//2495 2540//2352 2547//2492
f 2476//2431 2329//2277 2546//2490
f 2465//2422 2476//2431 2546//2490
f 2545//2494 2541//2491 2540//2352
f 2545//2494 2548//2498 2549//2497
f 2546//2490 2549//2497 2465//2422
f 2543//2496 2550//2501 2544//2495
f 2544//2495 2550//2501 2548//2498
f 2551//2586 2640//2585 2550//2501
f 2552//2503 2469//2589 2471//2423
f 2640//2585 2643//2502 2548//2498
f 2643//2502 2552//2503 2549//2497
f 2471//2423 2465//2422 2549//2497
f 2551//2586 2550//2501 2559//2500
f 2550//2501 2640//2585 2548//2498
f 2598//2550 2593//2543 2592//2542 2603//2553
f 2561//2499 2556//2505 2557//2506
f 2557//2506 2556//2505 2555//2504
f 2505//2456 2555//2504 2554//2457
f 2550//2501 2543//2496 2561//2499
f 2561//2499 2557//2506 2505//2456
f 2560//2510 2561//2499 2562//2508
f 2551//2586 2559//2500 2560//2510
f 2459//2416 2564//2513 2460//2514
f 2566//2516 2463//2419 2464//2420
f 2566//2516 2464//2420 2461//2418
f 2577//2529 2563//2511 2565//2417
f 2567//2512 2568//2415 2571//2519
f 2472//2517 2473//2427 2569//2518
f 2470//2429 2469//2589 2570//2520
f 2463//2419 2583//2536 2572//2522
f 2463//2419 2584//2523 30//28
f 2630//2526 2573//23 2629//2525
f 2575//29 30//28 2584//2523
f 2574//22 31//30 2632//2527
f 2576//2528 2566//2516 2563//2511
f 2460//2514 2564//2513 2578//2515
f 2564//2513 2567//2512 2579//2531
f 2582//2535 2566//2516 2576//2528
f 2463//2419 2582//2535 2583//2536
f 2582//2535 2587//2540 2583//2536
f 2586//2538 2587//2540 2582//2535
f 2587//2540 2588//2539 2583//2536
f 2588//2539 24//18 2589//2537
f 2593//2543 2590//2532 2578//2515
f 2580//2534 2592//2542 2581//2533
f 2592//2542 2593//2543 2579//2531
f 2600//2544 2585//2530 2594//2546
f 2585//2530 2590//2532 2597//2545
f 2590//2532 2596//2547 2597//2545
f 2597//2545 2609//2551 2599//2548
f 2600//2544 2599//2548 2607//2555
f 2601//2552 2602//2565 2603//2553
f 2616//2561 2611//2554 2603//2553 2602//2565
f 2604//3211 2595//2549 2605//2557
f 2595//2549 2600//2544 2605//2557
f 2605//2557 2600//2544 2607//2555
f 2605//2557 2606//2556 3295//3206
f 2608//3209 3295//3206 2606//2556
f 2607//2555 2599//2548 2606//2556
f 2606//2556 2609//2551 2610//2562
f 2598//2550 2611//2554 2596//2547
f 2591//2541 2627//2570 2620//2569 2601//2552
f 2615//2560 2614//2558 2611//2554
f 2596//2547 2611//2554 2609//2551
f 2613//2564 2612//2559 2616//2561
f 2817//2563 2820//2761 2610//2562
f 2614//2558 2610//2562 2609//2551
f 3299//3214 2635//3213 2689//2634 2634//2582
f 2619//2568 2620//2569 2627//2570
f 2623//2577 2624//2573 2832//2576
f 2623//2577 2602//2565 2624//2573
f 2624//2573 2620//2569 2618//2567
f 2626//2578 2831//2579 2625//2574
f 2629//2525 2631//2524 2637//2580
f 2632//2527 2575//29 2633//2581
f 2638//2583 2636//3217 2632//2527 2633//2581
f 2634//2582 2637//2580 2636//3217
f 3299//3214 2634//2582 2636//3217
f 2637//2580 2632//2527 2636//3217
f 2639//2521 2570//2520 2628//2588 2622//2572
f 3261//3177 3269//2599 2649//2587 2651//2590
f 2622//2572 2621//2571 2569//2518
f 2627//2570 2580//2534 2571//2519
f 2621//2571 2627//2570 2571//2519
f 2647//2592 2642//2591 2640//2585
f 2651//2590 2649//2587 2552//2503
f 2552//2503 2628//2588 2469//2589
f 2642//2591 2651//2590 2643//2502
f 2641//2595 2647//2592 2644//2584
f 2647//2592 2646//2593 2642//2591
f 2649//2587 2648//2596 2628//2588
f 2646//2593 2647//2592 2650//2597
f 2646//2593 2650//2597 3265//2598
f 3265//2598 2650//2597 3267//2611
f 2619//2568 2648//2596 3268//2600
f 2648//2596 2649//2587 3269//2599
f 2671//2608 2673//2622 2669//2619 2670//2620
f 2656//3140 2653//2509 2652//2601
f 2657//2602 2644//2584 2654//2603
f 2644//2584 2560//2510 2654//2603
f 2644//2584 2551//2586 2560//2510
f 2654//2603 2560//2510 2653//2509
f 2672//2621 2655//2604 2656//3140
f 2641//2595 2644//2584 2657//2602
f 2655//2604 2653//2509 2656//3140
f 2661//2605 2641//2595 2659//2606
f 2661//2605 3267//2611 2645//2594
f 2663//3141 2666//2614 2682//2630
f 2663//3141 2665//2613 2666//2614
f 2682//2630 2666//2614 2664//2615
f 2665//2613 2502//2451 2667//2452
f 2668//2616 2670//2620 2669//2619
f 2672//2621 2671//2608 2655//2604
f 2681//2629 2494//25 2630//2526 3247//2631
f 2693//2617 2669//2619 2674//2623
f 2677//2627 2679//2610 2680//2618
f 2679//2610 2658//2607 2668//2616
f 2668//2616 2658//2607 2670//2620
f 2679//2610 2668//2616 2680//2618
f 2494//25 2681//2629 2495//2442
f 2664//2615 2496//2453 2495//2442 2681//2629
f 2681//2629 3247//2631 2682//2630
f 2634//2582 2687//2638 2688//2637 2629//2525
f 2683//2702 2685//2633 2750//2635
f 2684//2642 2676//2626 2685//2633
f 2683//2702 2684//2642 2685//2633
f 2685//2633 2676//2626 2686//2636
f 2686//2636 2687//2638 2685//2633
f 1394//1365 1397//2656 2702//2652 2703//2654
f 2687//2638 2634//2582 2689//2634
f 2690//2639 2693//2617 2691//2640
f 2680//2618 2693//2617 2690//2639
f 2674//2623 2675//2624 2676//2626
f 2684//2642 2674//2623 2676//2626
f 2045//1996 2694//1994 2043//1989
f 2042//1993 2695//3323 1417//1384
f 2695//3323 2696//2644 1417//1384
f 1414//1364 1416//1383 2696//2644
f 2698//2649 1393//2646 2697//2645
f 2696//2644 2697//2645 1392//1358
f 2698//2649 2699//2650 1393//2646
f 2698//2649 2700//2648 1385//1361
f 2700//2648 2701//2651 1386//1359
f 2699//2650 1385//1361 1384//1362
f 2695//3323 2042//1993 2719//3324 2721//2676
f 2703//2654 1404//2655 1394//1365
f 2705//2685 2706//2671 2045//1996
f 2704//1999 2705//2685 2045//1996
f 2705//2685 2704//1999 2048//2001
f 2704//1999 2047//1998 2048//2001
f 2705//2685 2048//2001 2732//2658
f 2732//2658 2048//2001 2051//2003
f 2708//2031 2735//2686 2734//2659
f 2076//2049 2734//2659 2100//2657
f 2711//2661 2085//2029 2084//2032
f 2078//2030 2736//2662 2707//2660
f 2710//2664 2711//2661 2099//2101
f 2712//2665 2709//2663 2710//2664
f 2713//2666 2144//2095 2715//2100
f 2713//2666 2149//2096 2144//2095
f 2717//2670 2718//2113 2160//2111
f 2718//2113 2717//2670 2714//2667
f 2146//2099 2718//2113 2715//2100
f 2719//3324 2720//2673 2721//2676
f 2733//2672 2722//2674 2721//2676 2720//2673
f 2694//1994 2719//3324 2042//1993
f 2721//2676 2723//2675 2696//2644 2695//3323
f 2720//2673 2719//3324 2694//1994
f 2725//2647 2723//2675 2773//2677
f 2697//2645 2696//2644 2723//2675
f 2729//2653 2702//2652 2701//2651 2727//2681
f 2725//2647 2726//2680 2700//2648
f 2794//2743 2731//2684 2732//2658 2735//2686
f 2744//2699 2745//2895 2959//2893 2743//3155
f 2706//2671 2731//2684 2733//2672
f 2790//2688 2791//2736 2735//2686
f 2790//2688 2735//2686 2708//2031
f 2707//2660 2790//2688 2708//2031
f 2736//2662 2790//2688 2707//2660
f 2737//2689 2799//2691 2789//2687
f 2714//2667 2738//2692 2713//2666
f 2737//2689 2738//2692 2739//2690
f 2738//2692 2737//2689 2712//2665
f 2741//2694 2717//2670 2740//2712
f 2740//2712 2717//2670 2716//2668
f 2741//2694 2740//2712 2761//2710
f 2799//2691 2739//2690 2742//2693
f 2742//2693 2738//2692 2717//2670
f 2738//2692 2714//2667 2717//2670
f 2759//2669 2767//2716 2766//3325 2756//2708
f 2744//2699 2743//3155 2747//2698
f 2746//2696 2755//3159 2163//2114
f 2746//2696 2163//2114 2166//2697
f 2743//3155 2746//2696 2747//2698
f 2747//2698 2166//2697 2174//2121
f 2744//2699 2747//2698 2748//2120
f 2744//2699 2748//2120 2171//2700
f 2683//2702 2750//2635 2753//2703
f 2689//2634 2635//3213 2751//2705
f 2750//2635 2689//2634 2752//2706
f 2752//2706 2751//2705 2765//2707
f 2754//2117 2765//2707 2156//2109
f 2162//2116 2753//2703 2754//2117
f 2755//3159 2749//2704 2162//2116
f 2749//2704 2753//2703 2162//2116
f 2758//3219 2764//2715 2762//2714
f 2756//2708 2758//3219 2757//2709
f 2760//2754 2763//2711 2761//2710
f 3292//2713 2761//2710 2762//2714
f 2757//2709 2762//2714 2761//2710
f 2758//3219 2762//2714 2757//2709
f 2751//2705 2635//3213 2766//3325
f 2766//3325 2767//2716 2765//2707
f 2751//2705 2766//3325 2765//2707
f 2635//3213 2756//2708 2766//3325
f 2728//2682 2724//2679 2776//2730 2786//2735
f 2765//2707 2767//2716 2157//2110
f 2728//2682 2729//2653 2727//2681
f 2768//2718 2730//2683 2769//2719
f 2730//2683 2729//2653 2769//2719
f 2785//2721 2768//2718 2784//2722
f 2776//2730 2724//2679 2775//2678
f 2773//2677 2775//2678 2725//2647
f 2778//2727 2779//3028 2774//2725
f 2774//2725 2779//3028 2780//2729
f 2780//2729 2782//2731 2776//2730
f 2785//2721 2783//2733 2771//2720
f 2785//2721 3096//3027 2788//2994 2783//2733
f 2728//2682 2784//2722 2769//2719
f 2786//2735 2787//2734 2728//2682
f 2781//2732 2786//2735 2776//2730
f 3264//3176 2796//2695 2741//2694 2763//2711
f 3096//3027 2785//2721 2784//2722
f 2789//2687 2799//2691 2792//2737
f 2791//2736 2789//2687 2793//2738
f 3112//3042 2791//2736 2793//2738
f 2794//2743 2735//2686 2791//2736
f 3112//3042 2794//2743 2791//2736
f 1405//3296 3011//3163 2803//2745 2802//2746
f 2742//2693 2796//2695 2797//2739
f 2796//2695 3264//3176 2798//3044
f 2797//2739 2796//2695 3117//3043
f 2722//2674 2733//2672 2777//2726
f 2731//2684 2800//2741 2733//2672
f 2731//2684 2801//2744 2800//2741
f 2795//2742 2801//2744 2731//2684
f 2801//2744 3107//2728 2777//2726
f 1402//1367 1405//3296 2802//2746
f 2809//2752 2808//2751 2783//2733 2788//2994
f 3011//3163 2804//2940 2803//2745
f 2804//2940 1437//1409 2803//2745
f 1402//1367 2802//2746 1400//1368
f 3229//2747 3230//3144 2805//2748
f 2783//2733 2808//2751 2770//2724
f 2832//2576 2815//2758 2613//2564 2623//2577
f 2806//2749 2805//2748 3065//2753
f 2812//2757 3264//3176 2763//2711
f 2763//2711 2810//2755 2812//2757
f 2810//2755 2811//3208 2813//3175
f 2811//3208 2820//2761 2813//3175
f 2810//2755 2813//3175 2814//2756
f 2612//2559 2613//2564 2816//2759
f 2614//2558 2615//2560 2817//2563
f 2815//2758 2818//2766 2816//2759
f 2817//2563 2612//2559 2823//2760
f 2813//3175 2820//2761 2821//2763
f 2820//2761 2817//2563 2819//2762
f 2821//2763 2822//3053 2813//3175
f 2823//2760 2824//2764 2817//2563
f 2825//2765 2826//2767 2816//2759
f 2824//2764 2821//2763 2819//2762
f 2826//2767 2824//2764 2823//2760
f 2826//2767 2825//2765 3050//2981
f 2822//3053 2821//2763 2827//3052
f 2836//2769 2830//2575 2829//2768
f 2829//2768 2831//2579 2828//2770
f 2818//2766 2835//2773 3052//2779 2825//2765
f 2626//2578 2828//2770 2831//2579
f 2828//2770 2851//2784 2833//2771
f 2833//2771 2851//2784 2834//2772
f 2836//2769 2833//2771 2835//2773
f 2832//2576 2835//2773 2818//2766
f 2839//2775 2838//2774 2837//2776
f 2838//2774 3051//2778 3052//2779
f 3052//2779 3050//2981 2825//2765
f 2863//2828 2853//2804 2846//2788 41//2792
f 2841//2780 2848//2782 2840//2783
f 2845//2787 2848//2782 2842//2781
f 2845//2787 2847//2791 2848//2782
f 2845//2787 2846//2788 2847//2791
f 2848//2782 2849//2790 2851//2784
f 2895//2777 2837//2776 2850//2789
f 2862//2803 2850//2789 2852//2800
f 2850//2789 2837//2776 2851//2784
f 2837//2776 2834//2772 2851//2784
f 2852//2800 2850//2789 2849//2790
f 2852//2800 2849//2790 2847//2791
f 2892//2799 2896//2833 2860//2801 2859//2798
f 2853//2804 2847//2791 2846//2788
f 2843//2785 2854//2793 2846//2788
f 2844//2786 2855//2795 2854//2793
f 2854//2793 34//35 41//2792
f 2856//2794 33//32 34//35
f 2857//3326 2858//2821 2879//2796
f 2857//3326 2879//2796 2859//2798
f 2890//2829 2874//2816 2858//2821 2889//3327
f 2861//2802 2860//2801 2896//2833
f 2859//2798 2860//2801 2853//2804
f 2860//2801 2852//2800 2847//2791
f 2863//2828 2857//3326 2859//2798
f 2853//2804 2863//2828 2859//2798
f 2865//3166 2866//2808 2932//2810
f 2864//2805 2865//3166 2932//2810
f 2868//2806 2869//2857 2915//2856
f 2872//2812 2873//2814 2870//2823
f 2874//2816 2871//2811 2880//2813
f 2858//2821 2874//2816 2880//2813
f 2875//2815 2876//2817 2871//2811
f 2876//2817 3028//2957 2873//2814
f 2876//2817 3027//3328 3028//2957
f 2881//2820 2883//2822 2886//2826
f 2882//2824 2885//2825 2883//2822
f 2884//3145 2885//2825 2882//2824
f 2887//2827 2897//2797 2879//2796
f 2886//2826 2888//2834 2887//2827
f 2887//2827 2888//2834 2897//2797
f 2858//2821 2857//3326 2889//3327
f 2904//2851 2905//2867 2899//2837 2901//2853
f 2857//3326 2863//2828 2889//3327
f 36//34 2889//3327 2863//2828
f 36//34 40//2830 2890//2829
f 2889//3327 36//34 2890//2829
f 2874//2816 2890//2829 2875//2815
f 2878//2818 40//2830 39//2868
f 2888//2834 3075//2831 2892//2799
f 2891//2832 2893//2836 2861//2802
f 2893//2836 2894//2975 2895//2777
f 2893//2836 2895//2777 2862//2803
f 2898//2807 2900//2838 3252//2839
f 2900//2838 2899//2837 2905//2867
f 2923//2870 2877//2819 2924//2850 2925//2849
f 2905//2867 2903//2840 2900//2838
f 2903//2840 2906//3329 3252//2839
f 2908//2841 2909//2844 2907//2842
f 2911//2848 2908//2841 3017//2846
f 2912//2847 2908//2841 2911//2848
f 2902//2854 2910//2845 2913//2852
f 2913//2852 2910//2845 2912//2847
f 2913//2852 2912//2847 2925//2849
f 2924//2850 2913//2852 2925//2849
f 2901//2853 2902//2854 2913//2852
f 2915//2856 2928//2858 2918//2862
f 2915//2856 2898//2807 2868//2806
f 2928//2858 2930//2859 2917//2861
f 2902//2854 2901//2853 2917//2861
f 2918//2862 2917//2861 2901//2853
f 2920//2864 2916//2860 2978//2921
f 2919//2907 2920//2864 2978//2921
f 2909//2844 2921//2863 2990//2865
f 2916//2860 2921//2863 2902//2854
f 2909//2844 2902//2854 2921//2863
f 2903//2840 37//37 2906//3329
f 37//37 2903//2840 2922//2866
f 2905//2867 2922//2866 2903//2840
f 2905//2867 2904//2851 2878//2818
f 38//38 2922//2866 39//2868
f 3027//3328 2876//2817 3022//2869
f 2923//2870 3022//2869 2876//2817
f 2877//2819 2923//2870 2876//2817
f 2926//2872 2678//2628 2937//2881 2938//2880
f 2924//2850 2878//2818 2904//2851
f 2925//2849 2911//2848 2923//2870
f 2926//2872 2928//2858 2914//2855
f 2976//2875 2979//2922 2930//2859
f 2929//2876 2930//2859 2928//2858
f 2868//2806 2931//2877 2869//2857
f 2867//2809 2934//2878 2932//2810
f 2867//2809 2933//3180 2934//2878
f 2931//2877 2936//2873 2914//2855
f 2931//2877 2934//2878 2936//2873
f 2679//2610 2935//3179 2660//2609
f 2935//3179 2679//2610 2677//2627
f 2677//2627 2678//2628 2935//3179
f 2678//2628 2936//2873 2935//3179
f 2936//2873 2934//2878 2935//3179
f 2935//3179 2934//2878 2933//3180
f 2678//2628 2926//2872 2936//2873
f 2929//2876 2939//2879 2971//2914 2977//2918
f 2944//3197 2958//2884 2170//2119 2940//3200
f 2939//2879 2929//2876 2927//2874
f 2938//2880 2927//2874 2926//2872
f 2169//2064 2941//2061 2940//3200
f 2941//2061 2943//2883 2942//3201
f 2940//3200 2941//2061 2942//3201
f 2168//3311 2170//2119 2946//2885 3273//3184
f 2958//2884 2945//2899 2946//2885
f 3273//3184 2946//2885 2945//2899 3272//3185
f 3285//3202 2942//3201 2943//2883 2949//3195
f 2940//3200 2170//2119 2169//2064
f 2108//2058 2110//2057 2947//2886
f 2949//3195 2947//2886 3284//3194
f 2943//2883 2950//2882 2949//3195
f 2950//2882 2947//2886 2949//3195
f 2172//2701 3272//3185 2960//2896 2744//2699
f 2952//1974 2026//2889 2951//2890
f 2952//1974 3280//3190 2017//1968
f 2956//2898 2954//2894 2957//2897
f 2954//2894 2745//2895 2960//2896
f 3272//3185 2945//2899 2957//2897 2960//2896
f 1472//1439 2968//2908 2969//3330 1469//1440
f 2958//2884 2956//2898 2945//2899
f 2961//2900 2963//2906 2980//2901
f 2949//3195 2964//2905 2963//2906
f 2919//2907 2981//2923 2963//2906
f 2969//3330 3276//3189 3274//3186 1469//1440
f 2995//2912 2970//2911 2969//3330
f 3276//3189 2969//3330 2970//2911
f 2956//2898 2955//2919 2971//2914 2972//2892
f 2983//2925 2989//2843 2907//2842 2984//2924
f 2971//2914 2973//2913 2972//2892
f 2937//2881 3012//2915 2973//2913
f 2972//2892 2974//2916 2959//2893
f 2939//2879 2937//2881 2971//2914
f 2977//2918 2971//2914 2955//2919
f 2979//2922 2978//2921 2930//2859
f 2979//2922 2976//2875 2975//2920
f 2980//2901 2975//2920 2962//2902
f 2982//2910 3279//2926 2970//2911
f 3278//2931 2990//2865 2920//2864 2919//2907
f 2907//2842 2990//2865 2984//2924
f 2992//2946 2991//2932 2993//3331 2994//3332
f 2991//2932 2992//2946 2988//2930
f 2995//2912 2991//2932 2986//2928
f 2996//2933 2993//3331 2991//2932
f 2996//2933 2969//3330 2968//2908 2993//3331
f 2969//3330 2996//2933 2995//2912
f 2993//3331 2968//2908 2967//2909 2997//2936
f 2994//3332 2993//3331 2998//2935 2999//3333
f 2998//2935 3018//2937 2999//3333
f 3002//2938 2804//2940 3003//3162 3004//2941
f 2997//2936 2998//2935 2993//3331
f 3001//1422 3005//2939 2997//2936
f 3001//1422 2997//2936 2967//2909
f 3002//2938 1449//1421 1448//1419
f 2804//2940 1448//1419 1438//1405
f 2804//2940 1438//1405 1437//1409
f 2678//2628 2680//2618 3012//2915 2937//2881
f 3005//2939 3004//2941 3000//2934
f 2997//2936 3005//2939 3000//2934
f 3006//2717 1404//2655 2730//2683
f 2772//2723 3007//2942 2771//2720
f 3008//1372 1404//2655 3006//2717
f 3008//1372 3009//2943 1405//3296
f 2772//2723 3009//2943 3007//2942
f 3009//2943 3010//2944 3011//3163
f 1405//3296 3009//2943 3011//3163
f 3011//3163 3003//3162 2804//2940
f 2999//3333 3020//2951 3033//2955 2994//3332
f 3015//2947 2985//2927 2987//2929
f 3016//2871 3017//2846 3015//2947
f 3016//2871 2911//2848 3017//2846
f 3017//2846 2989//2843 2985//2927
f 3020//2951 2999//3333 3018//2937
f 3021//2950 3018//2937 3019//2948
f 3250//3142 3035//2949 3019//2948
f 3034//2963 3020//2951 3021//2950
f 2994//3332 3033//2955 3014//2952 2992//2946
f 3013//2945 3023//2953 3028//2957 3027//3328
f 3022//2869 3016//2871 3015//2947
f 3023//2953 3013//2945 3014//2952
f 3024//2954 3014//2952 3033//2955
f 3027//3328 3022//2869 3013//2945
f 3031//2971 3030//2961 3044//2962 3042//2972
f 3033//2955 3032//2964 3025//2956
f 3030//2961 3031//2971 3034//2963
f 3034//2963 3031//2971 3032//2964
f 3020//2951 3034//2963 3033//2955
f 3030//2961 3035//2949 3029//2960
f 3021//2950 3030//2961 3034//2963
f 3035//2949 3250//3142 3029//2960
f 3037//2965 3023//2953 3024//2954
f 3037//2965 3024//2954 3025//2956
f 3036//2966 3038//2968 3037//2965
f 2873//2814 3028//2957 3026//2958
f 3041//2970 3026//2958 3037//2965
f 2870//2823 2873//2814 3041//2970
f 3040//2969 3038//2968 3054//2984 3053//2982
f 3031//2971 3036//2966 3025//2956
f 3043//2959 3229//2747 2806//2749
f 3044//2962 3043//2959 3045//2973
f 3044//2962 3046//2986 3042//2972
f 3042//2972 3039//2967 3036//2966
f 3047//2976 3088//2978 3048//2980
f 2895//2777 3047//2976 2839//2775
f 3048//2980 3049//2979 3050//2981
f 3051//2778 3048//2980 3052//2779
f 2839//2775 3047//2976 3051//2778
f 3047//2976 3048//2980 3051//2778
f 2882//2824 2870//2823 3040//2969
f 3039//2967 3054//2984 3038//2968
f 3069//2997 3066//3007 3185//3008 3192//3108
f 3057//2985 3056//3082 3054//2984
f 3056//3082 3055//2983 3054//2984
f 3055//2983 3231//3146 3053//2982
f 3053//2982 2884//3145 2882//2824
f 3231//3146 2884//3145 3053//2982
f 3039//2967 3042//2972 3057//2985
f 3046//2986 3044//2962 3059//2974
f 3045//2973 2806//2749 3058//2987
f 3059//2974 3045//2973 3060//2988
f 3057//2985 3046//2986 3061//2990
f 3064//2992 3060//2988 3058//2987
f 3065//2753 3058//2987 2806//2749
f 3083//3009 3066//3007 3075//2831 2888//2834
f 3192//3108 3067//2995 3069//2997
f 3071//2999 3073//3000 3070//2998
f 3071//2999 3072//3015 3073//3000
f 3073//3000 3072//3015 2894//2975
f 3070//2998 3073//3000 2893//2836
f 3074//2835 3070//2998 2893//2836
f 3066//3007 3069//2997 3075//2831
f 3078//3003 3077//3002 3082//3005
f 3079//3006 3080//3004 3078//3003
f 3081//3147 3076//3001 3080//3004
f 3081//3147 3080//3004 2885//2825 2884//3145
f 3079//3006 2885//2825 3080//3004
f 3072//3015 3071//2999 3084//3012 3086//3011
f 3093//3019 3063//2991 3062//2993 3092//3018
f 3086//3011 3088//2978 3089//2977
f 3086//3011 3089//2977 3072//3015
f 3088//2978 3087//3014 3049//2979
f 3090//3016 3163//3078 3091//3017
f 3095//3023 3090//3016 3092//3018
f 3093//3019 3091//3017 3094//3021
f 3172//3022 3155//3084 3094//3021
f 3064//2992 3063//2991 3093//3019
f 3155//3084 3064//2992 3094//3021
f 2782//2731 3101//3032 3098//3034 2781//2732
f 2788//2994 3096//3027 3062//2993
f 3097//3024 2784//2722 2787//2734
f 3097//3024 2787//2734 2781//2732
f 3099//3025 2781//2732 3098//3034
f 3148//3075 3099//3025 3098//3034
f 3100//3026 2784//2722 3097//3024
f 2782//2731 2780//2729 2779//3028
f 2826//2767 3050//2981 3049//2979 3125//3048
f 3102//3029 2779//3028 3103//3030
f 3103//3030 2778//2727 3107//2728
f 3104//3031 3103//3030 3107//2728
f 3106//3035 3101//3032 3105//3033
f 3105//3033 2782//2731 3102//3029
f 3107//2728 2801//2744 3108//3037
f 2795//2742 3108//3037 2801//2744
f 3109//3039 3108//3037 3114//3036
f 3110//3038 3104//3031 3108//3037
f 2793//2738 2792//2737 3111//3040
f 3112//3042 2793//2738 3113//3041
f 3114//3036 3112//3042 3113//3041
f 2795//2742 2794//2743 3112//3042
f 3116//3045 2792//2737 3115//2740
f 3117//3043 3115//2740 2797//2739
f 3117//3043 2796//2695 2798//3044
f 3115//2740 3117//3043 3116//3045
f 3118//3050 3119//3334 2814//2756
f 2814//2756 3119//3334 3120//3335
f 3118//3050 3205//3120 3119//3334
f 3205//3120 3121//3123 3119//3334
f 3119//3334 3121//3123 2798//3044
f 3119//3334 2798//3044 3120//3335
f 3111//3040 3131//3060 3135//3062 3113//3041
f 3122//3057 3129//3049 3124//3051
f 3123//3047 3122//3057 3124//3051
f 3123//3047 3124//3051 2827//3052
f 2827//3052 3124//3051 2822//3053
f 2826//2767 3125//3048 2824//2764
f 2827//3052 2821//2763 3125//3048
f 3126//3013 3199//3054 3127//3056
f 3128//3055 3202//3118 3129//3049
f 3087//3014 3127//3056 3130//3046
f 3130//3046 3122//3057 3123//3047
f 3049//2979 3130//3046 3125//3048
f 2792//2737 3132//3058 3131//3060
f 3132//3058 2792//2737 3116//3045
f 3116//3045 2798//3044 3134//3124
f 3212//3125 3133//3061 3116//3045
f 3134//3124 3212//3125 3116//3045
f 3146//3073 3105//3033 3102//3029 3143//3069
f 3213//3336 3136//3066 3135//3062
f 3136//3066 3109//3039 3114//3036
f 3114//3036 3113//3041 3135//3062
f 3135//3062 3136//3066 3114//3036
f 3140//3134 3138//3063 3137//3064
f 3138//3063 3140//3134 3141//3067
f 3147//3074 3218//3070 3145//3072
f 3106//3035 3146//3073 3147//3074
f 3106//3035 3147//3074 3148//3075
f 3158//3020 3157//3088 3159//3095 3160//3085
f 3104//3031 3141//3067 3143//3069
f 3150//3079 3145//3072 3149//3076
f 3151//3077 3149//3076 3164//3090
f 3151//3077 3164//3090 3163//3078
f 3150//3079 3149//3076 3151//3077
f 3100//3026 3150//3079 3151//3077
f 3100//3026 3151//3077 3095//3023
f 3148//3075 3145//3072 3150//3079
f 3099//3025 3150//3079 3100//3026
f 3056//3082 3057//2985 3061//2990
f 3061//2990 3059//2974 3152//2989
f 3061//2990 3152//2989 3156//3081
f 3155//3084 3153//3080 3152//2989
f 3153//3080 3155//3084 3156//3081
f 3157//3088 3158//3020 3162//3089
f 3167//3094 3168//3093 3169//3337 3170//3338
f 3091//3017 3162//3089 3158//3020
f 3161//3086 3162//3089 3163//3078
f 3165//3091 3149//3076 3144//3071
f 3165//3091 3144//3071 3166//3129
f 3167//3094 3171//3092 3172//3022 3160//3085
f 3171//3092 3154//3083 3156//3081
f 3171//3092 3167//3094 3170//3338
f 3159//3095 3167//3094 3160//3085
f 3175//3225 3173//3097 3174//3098 3177//3226
f 3155//3084 3172//3022 3171//3092
f 3170//3338 3169//3337 3177//3226 3178//3101
f 3182//3339 3181//3340 3184//3341 3185//3008
f 3177//3226 3174//3098 3178//3101
f 3171//3092 3170//3338 3178//3101
f 3179//3099 3171//3092 3174//3098
f 3181//3340 3182//3339 3183//3103
f 3182//3339 3082//3005 3077//3002 3183//3103
f 3082//3005 3182//3339 3185//3008
f 3068//2996 3067//2995 3189//3113 3071//2999
f 3183//3103 3186//3102 3181//3340
f 3187//3106 3188//3104 3191//3105
f 3188//3104 3189//3113 3067//2995
f 3185//3008 3184//3341 3190//3107 3192//3108
f 3190//3107 3191//3105 3192//3108
f 3085//3010 3196//3110 3194//3111 3193//3109
f 3193//3109 3194//3111 3195//3233
f 3198//3235 3197//3112 3188//3104 3187//3106
f 3195//3233 3194//3111 3197//3112 3198//3235
f 3071//2999 3189//3113 3196//3110 3084//3012
f 3197//3112 3196//3110 3189//3113
f 3205//3120 3204//3119 3206//3126 3207//3121
f 3193//3109 3199//3054 3126//3013
f 3200//3115 3199//3054 3325//3114
f 3200//3115 3202//3118 3128//3055
f 3202//3118 3200//3115 3201//3116
f 3129//3049 3204//3119 3118//3050
f 3202//3118 3206//3126 3204//3119
f 3208//3127 3207//3121 3206//3126 3203//3117
f 3205//3120 3207//3121 3121//3123
f 3121//3123 3134//3124 2798//3044
f 3219//3342 3220//3135 3217//3130 3218//3070
f 3216//3238 3210//3059 3133//3061
f 3211//3128 3133//3061 3212//3125
f 3136//3066 3213//3336 3215//3138
f 3135//3062 3214//3343 3213//3336
f 3216//3238 3214//3343 3210//3059
f 3135//3062 3210//3059 3214//3343
f 3215//3138 3224//3133 3140//3134 3225//3137
f 3220//3135 3219//3342 3221//3136
f 3166//3129 3144//3071 3218//3070
f 3142//3068 3221//3136 3219//3342
f 3142//3068 3219//3342 3218//3070
f 3222//3131 3221//3136 3223//3132
f 3141//3067 3223//3132 3221//3136
f 1453//1306 1447//1417 3234//1435 1335//1307
f 3137//3064 3225//3137 3140//3134
f 3139//3065 3136//3066 3225//3137
f 2663//3141 3227//2632 3226//3139
f 3227//2632 3245//2625 2673//2622
f 2673//2622 3245//2625 2675//2624
f 2656//3140 3226//3139 2672//2621
f 3226//3139 2673//2622 2672//2621
f 3228//3143 3010//2944 2807//2750
f 2770//2724 2807//2750 3010//2944
f 2807//2750 3230//3144 3228//3143
f 3229//2747 3228//3143 3230//3144
f 3176//3096 3076//3001 3081//3147
f 3180//3100 3176//3096 3231//3146
f 3081//3147 3231//3146 3176//3096
f 3154//3083 3179//3099 3056//3082
f 423//417 205//203 253//251
f 255//252 256//254 481//443
f 481//443 256//254 452//444
f 1091//1056 1081//1057 3233//3148
f 1081//1057 1077//1053 3233//3148
f 3233//3148 1077//1053 1047//3290
f 3233//3148 1047//3290 1070//1048
f 1070//1048 1047//3290 1046//1049
f 1468//1424 1336//1304 1337//1308
f 1465//1437 1337//1308 3234//1435
f 3237//3152 1865//3154 1895//1825 1894//1853
f 3234//1435 1447//1417 1444//1418
f 1715//1679 1714//1680 1862//1826
f 1715//1679 3236//3150 1867//3149
f 1862//1826 3235//3151 3236//3150
f 33//32 2856//2794 3255//3344 3251//3167
f 3237//3152 1894//1853 1892//1852
f 3236//3150 1892//1852 1870//1832
f 3238//2177 2227//2175 3239//2214
f 2218//2169 2219//2168 3239//2214
f 2974//2916 3240//2917 2743//3155
f 3240//2917 3242//3157 3241//3156
f 3243//2641 3242//3157 3240//2917
f 3243//2641 2691//2640 3242//3157
f 2684//2642 2683//2702 2749//2704
f 3241//3156 3244//3158 2746//2696
f 3244//3158 2749//2704 2755//3159
f 3245//2625 3246//3161 2686//2636
f 3245//2625 2686//2636 2676//2626
f 3245//2625 3227//2632 3246//3161
f 3246//3161 3227//2632 3247//2631
f 3248//3160 2630//2526 2688//2637
f 3019//2948 3004//2941 3249//3164
f 3004//2941 3003//3162 3249//3164
f 3249//3164 3011//3163 3010//2944
f 3250//3142 3249//3164 3228//3143
f 2898//2807 3252//2839 2864//2805
f 2865//3166 2864//2805 3253//3165
f 3253//3165 2864//2805 3252//2839
f 3253//3165 3252//2839 2906//3329
f 2906//3329 37//37 3253//3165
f 37//37 3254//33 3253//3165
f 3251//3167 3253//3165 3254//33
f 3254//33 33//32 3251//3167
f 2856//2794 2855//2795 3256//3170 3255//3344
f 2855//2795 2844//2786 3263//3174 3256//3170
f 3251//3167 3255//3344 3258//3169 3260//3171
f 3256//3170 3258//3169 3255//3344
f 3257//3168 3259//3178 3258//3169
f 2844//2786 2842//2781 3261//3177 3266//3173
f 3260//3171 3258//3169 3271//3182
f 3262//3172 3261//3177 2842//2781
f 2626//2578 3262//3172 2840//2783
f 3263//3174 3265//2598 3267//2611 3257//3168
f 3263//3174 3257//3168 3256//3170
f 2814//2756 3120//3335 3264//3176
f 3120//3335 2798//3044 3264//3176
f 3266//3173 3265//2598 3263//3174
f 2963//2906 2961//2900 3285//3202 2949//3195
f 3261//3177 2651//2590 3266//3173
f 3259//3178 2660//2609 2935//3179
f 3257//3168 3267//2611 3270//3181
f 3270//3181 2662//2612 2660//2609
f 3259//3178 2933//3180 3271//3182
f 3271//3182 2867//2809 3260//3171
f 3259//3178 3271//3182 3258//3169
f 1958//1912 1956//3183 3272//3185
f 2172//2701 1958//1912 3272//3185
f 1956//3183 2168//3311 3273//3184
f 1471//1438 3274//3186 1470//1441
f 1470//1441 3275//2888 1474//1450
f 3275//2888 3274//3186 3276//3189
f 3274//3186 3275//2888 1470//1441
f 3276//3189 3290//3187 3275//2888
f 3279//2926 3278//2931 3290//3187
f 3277//3188 3279//2926 3290//3187
f 3281//3192 3302//3191 3280//3190
f 3280//3190 2952//1974 3281//3192
f 3282//3193 3283//3205 2965//2903
f 2965//2903 3283//3205 2966//2904
f 2955//2919 2956//2898 2958//2884
f 3289//3199 2955//2919 2958//2884
f 3286//3203 3287//3198 2942//3201
f 2608//3209 2610//2562 2820//2761 2811//3208
f 3286//3203 3285//3202 2962//2902
f 3288//3196 3287//3198 2962//2902
f 3289//3199 2962//2902 2975//2920
f 3283//3205 3291//3204 2966//2904
f 3290//3187 3291//3204 2953//2891
f 3290//3187 2953//2891 2951//2890
f 3291//3204 2964//2905 2966//2904
f 2964//2905 3291//3204 2919//2907
f 2760//2754 2761//2710 3292//2713
f 2610//2562 2608//3209 2606//2556
f 2605//2557 3295//3206 3292//2713 2604//3211
f 2811//3208 2810//2755 2760//2754
f 3294//3210 3296//3212 2604//3211
f 2636//3217 3298//3216 3297//3215 3299//3214
f 2756//2708 2635//3213 3297//3215
f 2947//2886 2948//2887 3282//3193 3284//3194
f 22//17 2636//3217 2638//2583
f 3297//3215 3300//3218 2756//2708
f 22//17 3294//3210 3298//3216
f 3298//3216 3294//3210 3293//3207
f 3300//3218 3298//3216 3293//3207
f 2758//3219 3300//3218 2764//2715
f 1466//1434 3301//3220 1467//1436
f 1443//1442 1479//1449 3301//3220
f 3306//3223 3305//3317 3303//3221
f 3302//3191 3303//3221 3304//3222
f 3304//3222 3303//3221 2024//1973
f 3305//3317 3282//3193 2948//2887
f 3157//3088 3311//3247 3312//3224 3159//3095
f 3305//3317 2948//2887 2106//2054
f 3303//3221 3305//3317 2105//2053
f 2024//1973 3303//3221 2105//2053
f 3306//3223 3281//3192 3283//3205
f 3305//3317 3306//3223 3282//3193
f 3161//3086 3313//3246 3311//3247 3157//3088
f 3313//3246 3161//3086 3314//3087
f 3165//3091 3315//3249 3313//3246 3314//3087
f 3317//3228 3318//3253 3186//3102 3175//3225
f 3315//3249 3165//3091 3166//3129
f 3316//3227 3169//3337 3168//3093
f 3175//3225 3177//3226 3317//3228
f 3181//3340 3319//3254 3320//3231 3184//3341
f 3177//3226 3169//3337 3316//3227
f 3186//3102 3318//3253 3319//3254 3181//3340
f 3327//3237 3328//3258 3208//3127 3203//3117
f 3320//3231 3190//3107 3184//3341
f 3321//3230 3187//3106 3190//3107
f 3325//3114 3195//3233 3323//3232
f 3325//3114 3193//3109 3195//3233
f 3322//3229 3198//3235 3187//3106
f 3324//3234 3195//3233 3198//3235
f 3201//3116 3325//3114 3326//3236
f 3203//3117 3201//3116 3327//3237
f 3328//3258 3329//3257 3211//3128 3208//3127
f 3329//3257 3331//3259 3216//3238 3211//3128
f 3214//3343 3331//3259 3330//3241 3213//3336
f 3326//3236 3323//3232 3334//3244 3335//3243
f 3215//3138 3213//3336 3330//3241
f 3331//3259 3214//3343 3216//3238
f 3332//3239 3222//3131 3224//3133
f 3333//3240 3224//3133 3215//3138
f 3328//3258 3327//3237 3335//3243 3336//3245
f 3316//3227 3168//3093 3308//3242 3339//3251
f 3313//3246 3337//3250 3308//3242
f 3315//3249 3338//3248 3337//3250
f 3318//3253 3317//3228 3339//3251 3307//3252
f 3323//3232 3324//3234 3341//3256 3334//3244
f 3320//3231 3307//3252 3340//3255
f 3321//3230 3340//3255 3341//3256
f 3342//3261 3336//3245 3308//3242 3310//3262
f 3336//3245 3342//3261 3331//3259
f 3309//3260 3330//3241 3331//3259 3342//3261
f 3338//3248 3220//3135 3332//3239 3343//3263
f 3343//3263 3332//3239 3333//3240 3344//3264
f 3330//3241 3309//3260 3344//3264
f 3344//3264 3310//3262 3308//3242
